ARM GAS  C:\Users\zhmis\AppData\Local\Temp\ccb1Q8bk.s 			page 1


   1              		.cpu cortex-m4
   2              		.arch armv7e-m
   3              		.fpu fpv4-sp-d16
   4              		.eabi_attribute 27, 1
   5              		.eabi_attribute 28, 1
   6              		.eabi_attribute 20, 1
   7              		.eabi_attribute 21, 1
   8              		.eabi_attribute 23, 3
   9              		.eabi_attribute 24, 1
  10              		.eabi_attribute 25, 1
  11              		.eabi_attribute 26, 1
  12              		.eabi_attribute 30, 1
  13              		.eabi_attribute 34, 1
  14              		.eabi_attribute 18, 4
  15              		.file	"z_displ_ST7735.c"
  16              		.text
  17              	.Ltext0:
  18              		.cfi_sections	.debug_frame
  19              		.file 1 "Core/Src/z_displ_ST7735.c"
  20              		.section	.text.ST7735_Reset,"ax",%progbits
  21              		.align	1
  22              		.global	ST7735_Reset
  23              		.syntax unified
  24              		.thumb
  25              		.thumb_func
  27              	ST7735_Reset:
  28              	.LFB137:
   1:Core/Src/z_displ_ST7735.c **** /*
   2:Core/Src/z_displ_ST7735.c ****  * z_displ_ST7735.h
   3:Core/Src/z_displ_ST7735.c ****  *  rel. TouchGFX compatible 1.1
   4:Core/Src/z_displ_ST7735.c ****  *
   5:Core/Src/z_displ_ST7735.c ****  *  Created on: Oct 9, 2022
   6:Core/Src/z_displ_ST7735.c ****  *      Author: mauro
   7:Core/Src/z_displ_ST7735.c ****  *
   8:Core/Src/z_displ_ST7735.c ****  * Licensing: https://github.com/maudeve-it/ST7735S-STM32/blob/main/LICENSE
   9:Core/Src/z_displ_ST7735.c ****  *
  10:Core/Src/z_displ_ST7735.c ****  *	Install and use this library following instruction on: https://github.com/maudeve-it/ILI9XXX-XPT
  11:Core/Src/z_displ_ST7735.c ****  *
  12:Core/Src/z_displ_ST7735.c ****  */
  13:Core/Src/z_displ_ST7735.c **** 
  14:Core/Src/z_displ_ST7735.c **** 
  15:Core/Src/z_displ_ST7735.c **** #include "main.h"
  16:Core/Src/z_displ_ST7735.c **** 
  17:Core/Src/z_displ_ST7735.c **** extern SPI_HandleTypeDef DISPLAY_SPI_PORT;
  18:Core/Src/z_displ_ST7735.c **** 
  19:Core/Src/z_displ_ST7735.c **** #ifdef	DISPLAY_DIMMING_MODE
  20:Core/Src/z_displ_ST7735.c **** extern TIM_HandleTypeDef BKLIT_T;
  21:Core/Src/z_displ_ST7735.c **** #endif
  22:Core/Src/z_displ_ST7735.c **** 
  23:Core/Src/z_displ_ST7735.c **** static volatile uint32_t dispSpiAvailable=1;  		// 0 if SPI is busy or 1 if it is free (transm cplt
  24:Core/Src/z_displ_ST7735.c **** 
  25:Core/Src/z_displ_ST7735.c **** int16_t _width;       								///< (oriented) display width
  26:Core/Src/z_displ_ST7735.c **** int16_t _height;      								///< (oriented) display height
  27:Core/Src/z_displ_ST7735.c **** uint8_t _colstart;   								///< Some displays need this changed to offset
  28:Core/Src/z_displ_ST7735.c **** uint8_t _rowstart;       							///< Some displays need this changed to offset
  29:Core/Src/z_displ_ST7735.c **** uint8_t _xstart;
  30:Core/Src/z_displ_ST7735.c **** uint8_t _ystart;
ARM GAS  C:\Users\zhmis\AppData\Local\Temp\ccb1Q8bk.s 			page 2


  31:Core/Src/z_displ_ST7735.c **** 
  32:Core/Src/z_displ_ST7735.c **** static uint8_t dispBuffer1[SIZEBUF];
  33:Core/Src/z_displ_ST7735.c **** static uint8_t dispBuffer2[SIZEBUF];
  34:Core/Src/z_displ_ST7735.c **** static uint8_t *dispBuffer=dispBuffer1;
  35:Core/Src/z_displ_ST7735.c **** 
  36:Core/Src/z_displ_ST7735.c **** 
  37:Core/Src/z_displ_ST7735.c **** 
  38:Core/Src/z_displ_ST7735.c **** /****** ST7735 driver's DEFINITIONS ******/
  39:Core/Src/z_displ_ST7735.c **** #define DELAY 					0x80
  40:Core/Src/z_displ_ST7735.c **** #define ST7735_RESET_DELAY		5
  41:Core/Src/z_displ_ST7735.c **** #define ST7735_FLAG_LONG_DELAY	255
  42:Core/Src/z_displ_ST7735.c **** #define ST7735_LONG_DELAY		500
  43:Core/Src/z_displ_ST7735.c **** 
  44:Core/Src/z_displ_ST7735.c **** #define ST7735_MADCTL_MY  0x80
  45:Core/Src/z_displ_ST7735.c **** #define ST7735_MADCTL_MX  0x40
  46:Core/Src/z_displ_ST7735.c **** #define ST7735_MADCTL_MV  0x20
  47:Core/Src/z_displ_ST7735.c **** #define ST7735_MADCTL_ML  0x10
  48:Core/Src/z_displ_ST7735.c **** #define ST7735_MADCTL_RGB 0x00
  49:Core/Src/z_displ_ST7735.c **** #define ST7735_MADCTL_BGR 0x08
  50:Core/Src/z_displ_ST7735.c **** #define ST7735_MADCTL_MH  0x04
  51:Core/Src/z_displ_ST7735.c **** 
  52:Core/Src/z_displ_ST7735.c **** #define ST7735_NOP     0x00
  53:Core/Src/z_displ_ST7735.c **** #define ST7735_SWRESET 0x01
  54:Core/Src/z_displ_ST7735.c **** #define ST7735_RDDID   0x04
  55:Core/Src/z_displ_ST7735.c **** #define ST7735_RDDST   0x09
  56:Core/Src/z_displ_ST7735.c **** 
  57:Core/Src/z_displ_ST7735.c **** #define ST7735_SLPIN   0x10
  58:Core/Src/z_displ_ST7735.c **** #define ST7735_SLPOUT  0x11
  59:Core/Src/z_displ_ST7735.c **** #define ST7735_PTLON   0x12
  60:Core/Src/z_displ_ST7735.c **** #define ST7735_NORON   0x13
  61:Core/Src/z_displ_ST7735.c **** 
  62:Core/Src/z_displ_ST7735.c **** #define ST7735_INVOFF  0x20
  63:Core/Src/z_displ_ST7735.c **** #define ST7735_INVON   0x21
  64:Core/Src/z_displ_ST7735.c **** #define ST7735_DISPOFF 0x28
  65:Core/Src/z_displ_ST7735.c **** #define ST7735_DISPON  0x29
  66:Core/Src/z_displ_ST7735.c **** #define ST7735_CASET   0x2A
  67:Core/Src/z_displ_ST7735.c **** #define ST7735_RASET   0x2B
  68:Core/Src/z_displ_ST7735.c **** #define ST7735_RAMWR   0x2C
  69:Core/Src/z_displ_ST7735.c **** #define ST7735_RAMRD   0x2E
  70:Core/Src/z_displ_ST7735.c **** 
  71:Core/Src/z_displ_ST7735.c **** #define ST7735_PTLAR   0x30
  72:Core/Src/z_displ_ST7735.c **** #define ST7735_COLMOD  0x3A
  73:Core/Src/z_displ_ST7735.c **** #define ST7735_MADCTL  0x36
  74:Core/Src/z_displ_ST7735.c **** 
  75:Core/Src/z_displ_ST7735.c **** #define ST7735_FRMCTR1 0xB1
  76:Core/Src/z_displ_ST7735.c **** #define ST7735_FRMCTR2 0xB2
  77:Core/Src/z_displ_ST7735.c **** #define ST7735_FRMCTR3 0xB3
  78:Core/Src/z_displ_ST7735.c **** #define ST7735_INVCTR  0xB4
  79:Core/Src/z_displ_ST7735.c **** #define ST7735_DISSET5 0xB6
  80:Core/Src/z_displ_ST7735.c **** 
  81:Core/Src/z_displ_ST7735.c **** #define ST7735_PWCTR1  0xC0
  82:Core/Src/z_displ_ST7735.c **** #define ST7735_PWCTR2  0xC1
  83:Core/Src/z_displ_ST7735.c **** #define ST7735_PWCTR3  0xC2
  84:Core/Src/z_displ_ST7735.c **** #define ST7735_PWCTR4  0xC3
  85:Core/Src/z_displ_ST7735.c **** #define ST7735_PWCTR5  0xC4
  86:Core/Src/z_displ_ST7735.c **** #define ST7735_VMCTR1  0xC5
  87:Core/Src/z_displ_ST7735.c **** 
ARM GAS  C:\Users\zhmis\AppData\Local\Temp\ccb1Q8bk.s 			page 3


  88:Core/Src/z_displ_ST7735.c **** #define ST7735_RDID1   0xDA
  89:Core/Src/z_displ_ST7735.c **** #define ST7735_RDID2   0xDB
  90:Core/Src/z_displ_ST7735.c **** #define ST7735_RDID3   0xDC
  91:Core/Src/z_displ_ST7735.c **** #define ST7735_RDID4   0xDD
  92:Core/Src/z_displ_ST7735.c **** 
  93:Core/Src/z_displ_ST7735.c **** #define ST7735_PWCTR6  0xFC
  94:Core/Src/z_displ_ST7735.c **** 
  95:Core/Src/z_displ_ST7735.c **** #define ST7735_GMCTRP1 0xE0
  96:Core/Src/z_displ_ST7735.c **** #define ST7735_GMCTRN1 0xE1
  97:Core/Src/z_displ_ST7735.c **** /****** ST7735 driver's DEFINITIONS ******/
  98:Core/Src/z_displ_ST7735.c **** 
  99:Core/Src/z_displ_ST7735.c **** 
 100:Core/Src/z_displ_ST7735.c **** 
 101:Core/Src/z_displ_ST7735.c **** 
 102:Core/Src/z_displ_ST7735.c **** 
 103:Core/Src/z_displ_ST7735.c **** 
 104:Core/Src/z_displ_ST7735.c **** 
 105:Core/Src/z_displ_ST7735.c **** const uint8_t
 106:Core/Src/z_displ_ST7735.c **** init_cmds1[] = {            // Init for 7735R, part 1 (red or green tab)
 107:Core/Src/z_displ_ST7735.c ****   15,                       // 15 commands in list:
 108:Core/Src/z_displ_ST7735.c ****   ST7735_SWRESET,   DELAY,  //  1: Software reset, 0 args, w/delay
 109:Core/Src/z_displ_ST7735.c ****     150,                    //     150 ms delay
 110:Core/Src/z_displ_ST7735.c ****   ST7735_SLPOUT ,   DELAY,  //  2: Out of sleep mode, 0 args, w/delay
 111:Core/Src/z_displ_ST7735.c ****   ST7735_FLAG_LONG_DELAY,       //     500 ms delay
 112:Core/Src/z_displ_ST7735.c ****   ST7735_FRMCTR1, 3      ,  //  3: Frame rate ctrl - normal mode, 3 args:
 113:Core/Src/z_displ_ST7735.c ****     0x01, 0x2C, 0x2D,       //     Rate = fosc/(1x2+40) * (LINE+2C+2D)
 114:Core/Src/z_displ_ST7735.c ****   ST7735_FRMCTR2, 3      ,  //  4: Frame rate control - idle mode, 3 args:
 115:Core/Src/z_displ_ST7735.c ****     0x01, 0x2C, 0x2D,       //     Rate = fosc/(1x2+40) * (LINE+2C+2D)
 116:Core/Src/z_displ_ST7735.c ****   ST7735_FRMCTR3, 6      ,  //  5: Frame rate ctrl - partial mode, 6 args:
 117:Core/Src/z_displ_ST7735.c ****     0x01, 0x2C, 0x2D,       //     Dot inversion mode
 118:Core/Src/z_displ_ST7735.c ****     0x01, 0x2C, 0x2D,       //     Line inversion mode
 119:Core/Src/z_displ_ST7735.c ****   ST7735_INVCTR , 1      ,  //  6: Display inversion ctrl, 1 arg, no delay:
 120:Core/Src/z_displ_ST7735.c ****     0x07,                   //     No inversion
 121:Core/Src/z_displ_ST7735.c ****   ST7735_PWCTR1 , 3      ,  //  7: Power control, 3 args, no delay:
 122:Core/Src/z_displ_ST7735.c ****     0xA2,
 123:Core/Src/z_displ_ST7735.c ****     0x02,                   //     -4.6V
 124:Core/Src/z_displ_ST7735.c ****     0x84,                   //     AUTO mode
 125:Core/Src/z_displ_ST7735.c ****   ST7735_PWCTR2 , 1      ,  //  8: Power control, 1 arg, no delay:
 126:Core/Src/z_displ_ST7735.c ****     0xC5,                   //     VGH25 = 2.4C VGSEL = -10 VGH = 3 * AVDD
 127:Core/Src/z_displ_ST7735.c ****   ST7735_PWCTR3 , 2      ,  //  9: Power control, 2 args, no delay:
 128:Core/Src/z_displ_ST7735.c ****     0x0A,                   //     Opamp current small
 129:Core/Src/z_displ_ST7735.c ****     0x00,                   //     Boost frequency
 130:Core/Src/z_displ_ST7735.c ****   ST7735_PWCTR4 , 2      ,  // 10: Power control, 2 args, no delay:
 131:Core/Src/z_displ_ST7735.c ****     0x8A,                   //     BCLK/2, Opamp current small & Medium low
 132:Core/Src/z_displ_ST7735.c ****     0x2A,
 133:Core/Src/z_displ_ST7735.c ****   ST7735_PWCTR5 , 2      ,  // 11: Power control, 2 args, no delay:
 134:Core/Src/z_displ_ST7735.c ****     0x8A, 0xEE,
 135:Core/Src/z_displ_ST7735.c ****   ST7735_VMCTR1 , 1      ,  // 12: Power control, 1 arg, no delay:
 136:Core/Src/z_displ_ST7735.c ****     0x0E,
 137:Core/Src/z_displ_ST7735.c ****   ST7735_INVOFF , 0      ,  // 13: Don't invert display, no args, no delay
 138:Core/Src/z_displ_ST7735.c ****   ST7735_COLMOD , 1      ,  // 15: set color mode, 1 arg, no delay:
 139:Core/Src/z_displ_ST7735.c ****     0x05 },                 //     16-bit color
 140:Core/Src/z_displ_ST7735.c **** 
 141:Core/Src/z_displ_ST7735.c **** #if (defined(ST7735_IS_128X128) || defined(ST7735_IS_160X128))
 142:Core/Src/z_displ_ST7735.c **** init_cmds2[] = {            // Init for 7735R, part 2 (1.44" display)
 143:Core/Src/z_displ_ST7735.c ****   0,                        //  no commands in list:
 144:Core/Src/z_displ_ST7735.c ****     },           			//
ARM GAS  C:\Users\zhmis\AppData\Local\Temp\ccb1Q8bk.s 			page 4


 145:Core/Src/z_displ_ST7735.c **** #endif // ST7735_IS_128X128
 146:Core/Src/z_displ_ST7735.c **** 
 147:Core/Src/z_displ_ST7735.c **** #ifdef ST7735_IS_160X80
 148:Core/Src/z_displ_ST7735.c **** init_cmds2[] = {            // Init for 7735S, part 2 (160x80 display)
 149:Core/Src/z_displ_ST7735.c ****   1,                        //  1 commands in list:
 150:Core/Src/z_displ_ST7735.c ****   ST7735_INVON, 0 },        //  1: Invert colors
 151:Core/Src/z_displ_ST7735.c **** #endif
 152:Core/Src/z_displ_ST7735.c **** 
 153:Core/Src/z_displ_ST7735.c **** init_cmds3[] = {            // Init for 7735R, part 3 (red or green tab)
 154:Core/Src/z_displ_ST7735.c ****   2,                        //  4 commands in list:
 155:Core/Src/z_displ_ST7735.c ****   ST7735_NORON  ,    DELAY, //  3: Normal display on, no args, w/delay
 156:Core/Src/z_displ_ST7735.c ****     10,                     //     10 ms delay
 157:Core/Src/z_displ_ST7735.c ****   ST7735_DISPON ,    DELAY, //  4: Main screen turn on, no args w/delay
 158:Core/Src/z_displ_ST7735.c ****     100 };                  //     100 ms delay
 159:Core/Src/z_displ_ST7735.c **** 
 160:Core/Src/z_displ_ST7735.c **** 
 161:Core/Src/z_displ_ST7735.c **** 
 162:Core/Src/z_displ_ST7735.c **** void ST7735_Reset()
 163:Core/Src/z_displ_ST7735.c **** {
  29              		.loc 1 163 1 view -0
  30              		.cfi_startproc
  31              		@ args = 0, pretend = 0, frame = 0
  32              		@ frame_needed = 0, uses_anonymous_args = 0
  33 0000 10B5     		push	{r4, lr}
  34              		.cfi_def_cfa_offset 8
  35              		.cfi_offset 4, -8
  36              		.cfi_offset 14, -4
 164:Core/Src/z_displ_ST7735.c ****   HAL_GPIO_WritePin(DISPL_RST_GPIO_Port, DISPL_RST_Pin, GPIO_PIN_RESET);
  37              		.loc 1 164 3 view .LVU1
  38 0002 094C     		ldr	r4, .L3
  39 0004 0022     		movs	r2, #0
  40 0006 0121     		movs	r1, #1
  41 0008 2046     		mov	r0, r4
  42 000a FFF7FEFF 		bl	HAL_GPIO_WritePin
  43              	.LVL0:
 165:Core/Src/z_displ_ST7735.c ****   HAL_Delay(ST7735_RESET_DELAY);
  44              		.loc 1 165 3 view .LVU2
  45 000e 0520     		movs	r0, #5
  46 0010 FFF7FEFF 		bl	HAL_Delay
  47              	.LVL1:
 166:Core/Src/z_displ_ST7735.c ****   HAL_GPIO_WritePin(DISPL_RST_GPIO_Port, DISPL_RST_Pin, GPIO_PIN_SET);
  48              		.loc 1 166 3 view .LVU3
  49 0014 0122     		movs	r2, #1
  50 0016 1146     		mov	r1, r2
  51 0018 2046     		mov	r0, r4
  52 001a FFF7FEFF 		bl	HAL_GPIO_WritePin
  53              	.LVL2:
 167:Core/Src/z_displ_ST7735.c ****   HAL_Delay(ST7735_RESET_DELAY);
  54              		.loc 1 167 3 view .LVU4
  55 001e 0520     		movs	r0, #5
  56 0020 FFF7FEFF 		bl	HAL_Delay
  57              	.LVL3:
 168:Core/Src/z_displ_ST7735.c **** }
  58              		.loc 1 168 1 is_stmt 0 view .LVU5
  59 0024 10BD     		pop	{r4, pc}
  60              	.L4:
  61 0026 00BF     		.align	2
ARM GAS  C:\Users\zhmis\AppData\Local\Temp\ccb1Q8bk.s 			page 5


  62              	.L3:
  63 0028 00040240 		.word	1073873920
  64              		.cfi_endproc
  65              	.LFE137:
  67              		.section	.text.Displ_Transmit,"ax",%progbits
  68              		.align	1
  69              		.global	Displ_Transmit
  70              		.syntax unified
  71              		.thumb
  72              		.thumb_func
  74              	Displ_Transmit:
  75              	.LVL4:
  76              	.LFB138:
 169:Core/Src/z_displ_ST7735.c **** 
 170:Core/Src/z_displ_ST7735.c **** 
 171:Core/Src/z_displ_ST7735.c **** 
 172:Core/Src/z_displ_ST7735.c **** 
 173:Core/Src/z_displ_ST7735.c **** 
 174:Core/Src/z_displ_ST7735.c **** /**************************
 175:Core/Src/z_displ_ST7735.c ****  * @BRIEF	engages SPI port communicating with displayDC_Status
 176:Core/Src/z_displ_ST7735.c ****  * 			depending on the macro definition makes transmission in Polling/Interrupt/DMA mode
 177:Core/Src/z_displ_ST7735.c ****  * @PARAM	DC_Status 	indicates if sending command or data
 178:Core/Src/z_displ_ST7735.c ****  * 			data		buffer data to send
 179:Core/Src/z_displ_ST7735.c ****  * 			dataSize	number of bytes in "data" to be sent
 180:Core/Src/z_displ_ST7735.c ****  * 			isTouchGFXBuffer 1 only when called by touchgfxDisplayDriverTransmitBlock (for byte endian co
 181:Core/Src/z_displ_ST7735.c **** ***************************/
 182:Core/Src/z_displ_ST7735.c **** void Displ_Transmit(GPIO_PinState DC_Status, uint8_t* data, uint16_t dataSize, uint8_t isTouchGFXBu
  77              		.loc 1 182 106 is_stmt 1 view -0
  78              		.cfi_startproc
  79              		@ args = 0, pretend = 0, frame = 0
  80              		@ frame_needed = 0, uses_anonymous_args = 0
  81              		.loc 1 182 106 is_stmt 0 view .LVU7
  82 0000 F8B5     		push	{r3, r4, r5, r6, r7, lr}
  83              		.cfi_def_cfa_offset 24
  84              		.cfi_offset 3, -24
  85              		.cfi_offset 4, -20
  86              		.cfi_offset 5, -16
  87              		.cfi_offset 6, -12
  88              		.cfi_offset 7, -8
  89              		.cfi_offset 14, -4
  90 0002 0E46     		mov	r6, r1
  91 0004 1546     		mov	r5, r2
  92 0006 1F46     		mov	r7, r3
 183:Core/Src/z_displ_ST7735.c **** //void Displ_Transmit(GPIO_PinState DC_Status, uint8_t* data, uint16_t dataSize ){
 184:Core/Src/z_displ_ST7735.c **** 
 185:Core/Src/z_displ_ST7735.c **** 	while (!dispSpiAvailable) {};  // waiting for a free SPI port. Flag is set to 1 by transmission-co
  93              		.loc 1 185 2 is_stmt 1 view .LVU8
  94              	.L6:
  95              		.loc 1 185 29 discriminator 1 view .LVU9
  96              		.loc 1 185 9 discriminator 1 view .LVU10
  97 0008 154C     		ldr	r4, .L13
  98 000a 2468     		ldr	r4, [r4]
  99 000c 002C     		cmp	r4, #0
 100 000e FBD0     		beq	.L6
 101              		.loc 1 185 30 discriminator 2 view .LVU11
 186:Core/Src/z_displ_ST7735.c **** 
 187:Core/Src/z_displ_ST7735.c **** HAL_GPIO_WritePin(DISPL_DC_GPIO_Port, DISPL_DC_Pin, DC_Status);
ARM GAS  C:\Users\zhmis\AppData\Local\Temp\ccb1Q8bk.s 			page 6


 102              		.loc 1 187 1 view .LVU12
 103 0010 0246     		mov	r2, r0
 104              	.LVL5:
 105              		.loc 1 187 1 is_stmt 0 view .LVU13
 106 0012 2021     		movs	r1, #32
 107              	.LVL6:
 108              		.loc 1 187 1 view .LVU14
 109 0014 1348     		ldr	r0, .L13+4
 110              	.LVL7:
 111              		.loc 1 187 1 view .LVU15
 112 0016 FFF7FEFF 		bl	HAL_GPIO_WritePin
 113              	.LVL8:
 188:Core/Src/z_displ_ST7735.c **** 
 189:Core/Src/z_displ_ST7735.c **** 	if (isTouchGFXBuffer){
 114              		.loc 1 189 2 is_stmt 1 view .LVU16
 115              		.loc 1 189 5 is_stmt 0 view .LVU17
 116 001a 47B1     		cbz	r7, .L7
 117              	.LBB6:
 190:Core/Src/z_displ_ST7735.c **** 		uint32_t *limit=(uint32_t*)(data+dataSize);
 118              		.loc 1 190 3 is_stmt 1 view .LVU18
 119              		.loc 1 190 13 is_stmt 0 view .LVU19
 120 001c 7219     		adds	r2, r6, r5
 121              	.LVL9:
 191:Core/Src/z_displ_ST7735.c **** 		for (uint32_t *data32=(uint32_t*)data; data32<limit; data32++) {
 122              		.loc 1 191 3 is_stmt 1 view .LVU20
 123              	.LBB7:
 124              		.loc 1 191 8 view .LVU21
 125              		.loc 1 191 18 is_stmt 0 view .LVU22
 126 001e 3346     		mov	r3, r6
 127              	.LVL10:
 128              	.L8:
 129              		.loc 1 191 48 is_stmt 1 discriminator 1 view .LVU23
 130 0020 9342     		cmp	r3, r2
 131 0022 04D2     		bcs	.L7
 192:Core/Src/z_displ_ST7735.c **** 			*data32=__REV16(*data32);
 132              		.loc 1 192 4 view .LVU24
 133              		.loc 1 192 12 is_stmt 0 view .LVU25
 134 0024 1868     		ldr	r0, [r3]
 135              	.LVL11:
 136              	.LBB8:
 137              	.LBI8:
 138              		.file 2 "Drivers/CMSIS/Include/cmsis_gcc.h"
   1:Drivers/CMSIS/Include/cmsis_gcc.h **** /**************************************************************************//**
   2:Drivers/CMSIS/Include/cmsis_gcc.h ****  * @file     cmsis_gcc.h
   3:Drivers/CMSIS/Include/cmsis_gcc.h ****  * @brief    CMSIS compiler GCC header file
   4:Drivers/CMSIS/Include/cmsis_gcc.h ****  * @version  V5.4.1
   5:Drivers/CMSIS/Include/cmsis_gcc.h ****  * @date     27. May 2021
   6:Drivers/CMSIS/Include/cmsis_gcc.h ****  ******************************************************************************/
   7:Drivers/CMSIS/Include/cmsis_gcc.h **** /*
   8:Drivers/CMSIS/Include/cmsis_gcc.h ****  * Copyright (c) 2009-2021 Arm Limited. All rights reserved.
   9:Drivers/CMSIS/Include/cmsis_gcc.h ****  *
  10:Drivers/CMSIS/Include/cmsis_gcc.h ****  * SPDX-License-Identifier: Apache-2.0
  11:Drivers/CMSIS/Include/cmsis_gcc.h ****  *
  12:Drivers/CMSIS/Include/cmsis_gcc.h ****  * Licensed under the Apache License, Version 2.0 (the License); you may
  13:Drivers/CMSIS/Include/cmsis_gcc.h ****  * not use this file except in compliance with the License.
  14:Drivers/CMSIS/Include/cmsis_gcc.h ****  * You may obtain a copy of the License at
  15:Drivers/CMSIS/Include/cmsis_gcc.h ****  *
ARM GAS  C:\Users\zhmis\AppData\Local\Temp\ccb1Q8bk.s 			page 7


  16:Drivers/CMSIS/Include/cmsis_gcc.h ****  * www.apache.org/licenses/LICENSE-2.0
  17:Drivers/CMSIS/Include/cmsis_gcc.h ****  *
  18:Drivers/CMSIS/Include/cmsis_gcc.h ****  * Unless required by applicable law or agreed to in writing, software
  19:Drivers/CMSIS/Include/cmsis_gcc.h ****  * distributed under the License is distributed on an AS IS BASIS, WITHOUT
  20:Drivers/CMSIS/Include/cmsis_gcc.h ****  * WARRANTIES OR CONDITIONS OF ANY KIND, either express or implied.
  21:Drivers/CMSIS/Include/cmsis_gcc.h ****  * See the License for the specific language governing permissions and
  22:Drivers/CMSIS/Include/cmsis_gcc.h ****  * limitations under the License.
  23:Drivers/CMSIS/Include/cmsis_gcc.h ****  */
  24:Drivers/CMSIS/Include/cmsis_gcc.h **** 
  25:Drivers/CMSIS/Include/cmsis_gcc.h **** #ifndef __CMSIS_GCC_H
  26:Drivers/CMSIS/Include/cmsis_gcc.h **** #define __CMSIS_GCC_H
  27:Drivers/CMSIS/Include/cmsis_gcc.h **** 
  28:Drivers/CMSIS/Include/cmsis_gcc.h **** /* ignore some GCC warnings */
  29:Drivers/CMSIS/Include/cmsis_gcc.h **** #pragma GCC diagnostic push
  30:Drivers/CMSIS/Include/cmsis_gcc.h **** #pragma GCC diagnostic ignored "-Wsign-conversion"
  31:Drivers/CMSIS/Include/cmsis_gcc.h **** #pragma GCC diagnostic ignored "-Wconversion"
  32:Drivers/CMSIS/Include/cmsis_gcc.h **** #pragma GCC diagnostic ignored "-Wunused-parameter"
  33:Drivers/CMSIS/Include/cmsis_gcc.h **** 
  34:Drivers/CMSIS/Include/cmsis_gcc.h **** /* Fallback for __has_builtin */
  35:Drivers/CMSIS/Include/cmsis_gcc.h **** #ifndef __has_builtin
  36:Drivers/CMSIS/Include/cmsis_gcc.h ****   #define __has_builtin(x) (0)
  37:Drivers/CMSIS/Include/cmsis_gcc.h **** #endif
  38:Drivers/CMSIS/Include/cmsis_gcc.h **** 
  39:Drivers/CMSIS/Include/cmsis_gcc.h **** /* CMSIS compiler specific defines */
  40:Drivers/CMSIS/Include/cmsis_gcc.h **** #ifndef   __ASM
  41:Drivers/CMSIS/Include/cmsis_gcc.h ****   #define __ASM                                  __asm
  42:Drivers/CMSIS/Include/cmsis_gcc.h **** #endif
  43:Drivers/CMSIS/Include/cmsis_gcc.h **** #ifndef   __INLINE
  44:Drivers/CMSIS/Include/cmsis_gcc.h ****   #define __INLINE                               inline
  45:Drivers/CMSIS/Include/cmsis_gcc.h **** #endif
  46:Drivers/CMSIS/Include/cmsis_gcc.h **** #ifndef   __STATIC_INLINE
  47:Drivers/CMSIS/Include/cmsis_gcc.h ****   #define __STATIC_INLINE                        static inline
  48:Drivers/CMSIS/Include/cmsis_gcc.h **** #endif
  49:Drivers/CMSIS/Include/cmsis_gcc.h **** #ifndef   __STATIC_FORCEINLINE
  50:Drivers/CMSIS/Include/cmsis_gcc.h ****   #define __STATIC_FORCEINLINE                   __attribute__((always_inline)) static inline
  51:Drivers/CMSIS/Include/cmsis_gcc.h **** #endif
  52:Drivers/CMSIS/Include/cmsis_gcc.h **** #ifndef   __NO_RETURN
  53:Drivers/CMSIS/Include/cmsis_gcc.h ****   #define __NO_RETURN                            __attribute__((__noreturn__))
  54:Drivers/CMSIS/Include/cmsis_gcc.h **** #endif
  55:Drivers/CMSIS/Include/cmsis_gcc.h **** #ifndef   __USED
  56:Drivers/CMSIS/Include/cmsis_gcc.h ****   #define __USED                                 __attribute__((used))
  57:Drivers/CMSIS/Include/cmsis_gcc.h **** #endif
  58:Drivers/CMSIS/Include/cmsis_gcc.h **** #ifndef   __WEAK
  59:Drivers/CMSIS/Include/cmsis_gcc.h ****   #define __WEAK                                 __attribute__((weak))
  60:Drivers/CMSIS/Include/cmsis_gcc.h **** #endif
  61:Drivers/CMSIS/Include/cmsis_gcc.h **** #ifndef   __PACKED
  62:Drivers/CMSIS/Include/cmsis_gcc.h ****   #define __PACKED                               __attribute__((packed, aligned(1)))
  63:Drivers/CMSIS/Include/cmsis_gcc.h **** #endif
  64:Drivers/CMSIS/Include/cmsis_gcc.h **** #ifndef   __PACKED_STRUCT
  65:Drivers/CMSIS/Include/cmsis_gcc.h ****   #define __PACKED_STRUCT                        struct __attribute__((packed, aligned(1)))
  66:Drivers/CMSIS/Include/cmsis_gcc.h **** #endif
  67:Drivers/CMSIS/Include/cmsis_gcc.h **** #ifndef   __PACKED_UNION
  68:Drivers/CMSIS/Include/cmsis_gcc.h ****   #define __PACKED_UNION                         union __attribute__((packed, aligned(1)))
  69:Drivers/CMSIS/Include/cmsis_gcc.h **** #endif
  70:Drivers/CMSIS/Include/cmsis_gcc.h **** #ifndef   __UNALIGNED_UINT32        /* deprecated */
  71:Drivers/CMSIS/Include/cmsis_gcc.h ****   #pragma GCC diagnostic push
  72:Drivers/CMSIS/Include/cmsis_gcc.h ****   #pragma GCC diagnostic ignored "-Wpacked"
ARM GAS  C:\Users\zhmis\AppData\Local\Temp\ccb1Q8bk.s 			page 8


  73:Drivers/CMSIS/Include/cmsis_gcc.h ****   #pragma GCC diagnostic ignored "-Wattributes"
  74:Drivers/CMSIS/Include/cmsis_gcc.h ****   struct __attribute__((packed)) T_UINT32 { uint32_t v; };
  75:Drivers/CMSIS/Include/cmsis_gcc.h ****   #pragma GCC diagnostic pop
  76:Drivers/CMSIS/Include/cmsis_gcc.h ****   #define __UNALIGNED_UINT32(x)                  (((struct T_UINT32 *)(x))->v)
  77:Drivers/CMSIS/Include/cmsis_gcc.h **** #endif
  78:Drivers/CMSIS/Include/cmsis_gcc.h **** #ifndef   __UNALIGNED_UINT16_WRITE
  79:Drivers/CMSIS/Include/cmsis_gcc.h ****   #pragma GCC diagnostic push
  80:Drivers/CMSIS/Include/cmsis_gcc.h ****   #pragma GCC diagnostic ignored "-Wpacked"
  81:Drivers/CMSIS/Include/cmsis_gcc.h ****   #pragma GCC diagnostic ignored "-Wattributes"
  82:Drivers/CMSIS/Include/cmsis_gcc.h ****   __PACKED_STRUCT T_UINT16_WRITE { uint16_t v; };
  83:Drivers/CMSIS/Include/cmsis_gcc.h ****   #pragma GCC diagnostic pop
  84:Drivers/CMSIS/Include/cmsis_gcc.h ****   #define __UNALIGNED_UINT16_WRITE(addr, val)    (void)((((struct T_UINT16_WRITE *)(void *)(addr))-
  85:Drivers/CMSIS/Include/cmsis_gcc.h **** #endif
  86:Drivers/CMSIS/Include/cmsis_gcc.h **** #ifndef   __UNALIGNED_UINT16_READ
  87:Drivers/CMSIS/Include/cmsis_gcc.h ****   #pragma GCC diagnostic push
  88:Drivers/CMSIS/Include/cmsis_gcc.h ****   #pragma GCC diagnostic ignored "-Wpacked"
  89:Drivers/CMSIS/Include/cmsis_gcc.h ****   #pragma GCC diagnostic ignored "-Wattributes"
  90:Drivers/CMSIS/Include/cmsis_gcc.h ****   __PACKED_STRUCT T_UINT16_READ { uint16_t v; };
  91:Drivers/CMSIS/Include/cmsis_gcc.h ****   #pragma GCC diagnostic pop
  92:Drivers/CMSIS/Include/cmsis_gcc.h ****   #define __UNALIGNED_UINT16_READ(addr)          (((const struct T_UINT16_READ *)(const void *)(add
  93:Drivers/CMSIS/Include/cmsis_gcc.h **** #endif
  94:Drivers/CMSIS/Include/cmsis_gcc.h **** #ifndef   __UNALIGNED_UINT32_WRITE
  95:Drivers/CMSIS/Include/cmsis_gcc.h ****   #pragma GCC diagnostic push
  96:Drivers/CMSIS/Include/cmsis_gcc.h ****   #pragma GCC diagnostic ignored "-Wpacked"
  97:Drivers/CMSIS/Include/cmsis_gcc.h ****   #pragma GCC diagnostic ignored "-Wattributes"
  98:Drivers/CMSIS/Include/cmsis_gcc.h ****   __PACKED_STRUCT T_UINT32_WRITE { uint32_t v; };
  99:Drivers/CMSIS/Include/cmsis_gcc.h ****   #pragma GCC diagnostic pop
 100:Drivers/CMSIS/Include/cmsis_gcc.h ****   #define __UNALIGNED_UINT32_WRITE(addr, val)    (void)((((struct T_UINT32_WRITE *)(void *)(addr))-
 101:Drivers/CMSIS/Include/cmsis_gcc.h **** #endif
 102:Drivers/CMSIS/Include/cmsis_gcc.h **** #ifndef   __UNALIGNED_UINT32_READ
 103:Drivers/CMSIS/Include/cmsis_gcc.h ****   #pragma GCC diagnostic push
 104:Drivers/CMSIS/Include/cmsis_gcc.h ****   #pragma GCC diagnostic ignored "-Wpacked"
 105:Drivers/CMSIS/Include/cmsis_gcc.h ****   #pragma GCC diagnostic ignored "-Wattributes"
 106:Drivers/CMSIS/Include/cmsis_gcc.h ****   __PACKED_STRUCT T_UINT32_READ { uint32_t v; };
 107:Drivers/CMSIS/Include/cmsis_gcc.h ****   #pragma GCC diagnostic pop
 108:Drivers/CMSIS/Include/cmsis_gcc.h ****   #define __UNALIGNED_UINT32_READ(addr)          (((const struct T_UINT32_READ *)(const void *)(add
 109:Drivers/CMSIS/Include/cmsis_gcc.h **** #endif
 110:Drivers/CMSIS/Include/cmsis_gcc.h **** #ifndef   __ALIGNED
 111:Drivers/CMSIS/Include/cmsis_gcc.h ****   #define __ALIGNED(x)                           __attribute__((aligned(x)))
 112:Drivers/CMSIS/Include/cmsis_gcc.h **** #endif
 113:Drivers/CMSIS/Include/cmsis_gcc.h **** #ifndef   __RESTRICT
 114:Drivers/CMSIS/Include/cmsis_gcc.h ****   #define __RESTRICT                             __restrict
 115:Drivers/CMSIS/Include/cmsis_gcc.h **** #endif
 116:Drivers/CMSIS/Include/cmsis_gcc.h **** #ifndef   __COMPILER_BARRIER
 117:Drivers/CMSIS/Include/cmsis_gcc.h ****   #define __COMPILER_BARRIER()                   __ASM volatile("":::"memory")
 118:Drivers/CMSIS/Include/cmsis_gcc.h **** #endif
 119:Drivers/CMSIS/Include/cmsis_gcc.h **** 
 120:Drivers/CMSIS/Include/cmsis_gcc.h **** /* #########################  Startup and Lowlevel Init  ######################## */
 121:Drivers/CMSIS/Include/cmsis_gcc.h **** 
 122:Drivers/CMSIS/Include/cmsis_gcc.h **** #ifndef __PROGRAM_START
 123:Drivers/CMSIS/Include/cmsis_gcc.h **** 
 124:Drivers/CMSIS/Include/cmsis_gcc.h **** /**
 125:Drivers/CMSIS/Include/cmsis_gcc.h ****   \brief   Initializes data and bss sections
 126:Drivers/CMSIS/Include/cmsis_gcc.h ****   \details This default implementations initialized all data and additional bss
 127:Drivers/CMSIS/Include/cmsis_gcc.h ****            sections relying on .copy.table and .zero.table specified properly
 128:Drivers/CMSIS/Include/cmsis_gcc.h ****            in the used linker script.
 129:Drivers/CMSIS/Include/cmsis_gcc.h **** 
ARM GAS  C:\Users\zhmis\AppData\Local\Temp\ccb1Q8bk.s 			page 9


 130:Drivers/CMSIS/Include/cmsis_gcc.h ****  */
 131:Drivers/CMSIS/Include/cmsis_gcc.h **** __STATIC_FORCEINLINE __NO_RETURN void __cmsis_start(void)
 132:Drivers/CMSIS/Include/cmsis_gcc.h **** {
 133:Drivers/CMSIS/Include/cmsis_gcc.h ****   extern void _start(void) __NO_RETURN;
 134:Drivers/CMSIS/Include/cmsis_gcc.h **** 
 135:Drivers/CMSIS/Include/cmsis_gcc.h ****   typedef struct {
 136:Drivers/CMSIS/Include/cmsis_gcc.h ****     uint32_t const* src;
 137:Drivers/CMSIS/Include/cmsis_gcc.h ****     uint32_t* dest;
 138:Drivers/CMSIS/Include/cmsis_gcc.h ****     uint32_t  wlen;
 139:Drivers/CMSIS/Include/cmsis_gcc.h ****   } __copy_table_t;
 140:Drivers/CMSIS/Include/cmsis_gcc.h **** 
 141:Drivers/CMSIS/Include/cmsis_gcc.h ****   typedef struct {
 142:Drivers/CMSIS/Include/cmsis_gcc.h ****     uint32_t* dest;
 143:Drivers/CMSIS/Include/cmsis_gcc.h ****     uint32_t  wlen;
 144:Drivers/CMSIS/Include/cmsis_gcc.h ****   } __zero_table_t;
 145:Drivers/CMSIS/Include/cmsis_gcc.h **** 
 146:Drivers/CMSIS/Include/cmsis_gcc.h ****   extern const __copy_table_t __copy_table_start__;
 147:Drivers/CMSIS/Include/cmsis_gcc.h ****   extern const __copy_table_t __copy_table_end__;
 148:Drivers/CMSIS/Include/cmsis_gcc.h ****   extern const __zero_table_t __zero_table_start__;
 149:Drivers/CMSIS/Include/cmsis_gcc.h ****   extern const __zero_table_t __zero_table_end__;
 150:Drivers/CMSIS/Include/cmsis_gcc.h **** 
 151:Drivers/CMSIS/Include/cmsis_gcc.h ****   for (__copy_table_t const* pTable = &__copy_table_start__; pTable < &__copy_table_end__; ++pTable
 152:Drivers/CMSIS/Include/cmsis_gcc.h ****     for(uint32_t i=0u; i<pTable->wlen; ++i) {
 153:Drivers/CMSIS/Include/cmsis_gcc.h ****       pTable->dest[i] = pTable->src[i];
 154:Drivers/CMSIS/Include/cmsis_gcc.h ****     }
 155:Drivers/CMSIS/Include/cmsis_gcc.h ****   }
 156:Drivers/CMSIS/Include/cmsis_gcc.h **** 
 157:Drivers/CMSIS/Include/cmsis_gcc.h ****   for (__zero_table_t const* pTable = &__zero_table_start__; pTable < &__zero_table_end__; ++pTable
 158:Drivers/CMSIS/Include/cmsis_gcc.h ****     for(uint32_t i=0u; i<pTable->wlen; ++i) {
 159:Drivers/CMSIS/Include/cmsis_gcc.h ****       pTable->dest[i] = 0u;
 160:Drivers/CMSIS/Include/cmsis_gcc.h ****     }
 161:Drivers/CMSIS/Include/cmsis_gcc.h ****   }
 162:Drivers/CMSIS/Include/cmsis_gcc.h **** 
 163:Drivers/CMSIS/Include/cmsis_gcc.h ****   _start();
 164:Drivers/CMSIS/Include/cmsis_gcc.h **** }
 165:Drivers/CMSIS/Include/cmsis_gcc.h **** 
 166:Drivers/CMSIS/Include/cmsis_gcc.h **** #define __PROGRAM_START           __cmsis_start
 167:Drivers/CMSIS/Include/cmsis_gcc.h **** #endif
 168:Drivers/CMSIS/Include/cmsis_gcc.h **** 
 169:Drivers/CMSIS/Include/cmsis_gcc.h **** #ifndef __INITIAL_SP
 170:Drivers/CMSIS/Include/cmsis_gcc.h **** #define __INITIAL_SP              __StackTop
 171:Drivers/CMSIS/Include/cmsis_gcc.h **** #endif
 172:Drivers/CMSIS/Include/cmsis_gcc.h **** 
 173:Drivers/CMSIS/Include/cmsis_gcc.h **** #ifndef __STACK_LIMIT
 174:Drivers/CMSIS/Include/cmsis_gcc.h **** #define __STACK_LIMIT             __StackLimit
 175:Drivers/CMSIS/Include/cmsis_gcc.h **** #endif
 176:Drivers/CMSIS/Include/cmsis_gcc.h **** 
 177:Drivers/CMSIS/Include/cmsis_gcc.h **** #ifndef __VECTOR_TABLE
 178:Drivers/CMSIS/Include/cmsis_gcc.h **** #define __VECTOR_TABLE            __Vectors
 179:Drivers/CMSIS/Include/cmsis_gcc.h **** #endif
 180:Drivers/CMSIS/Include/cmsis_gcc.h **** 
 181:Drivers/CMSIS/Include/cmsis_gcc.h **** #ifndef __VECTOR_TABLE_ATTRIBUTE
 182:Drivers/CMSIS/Include/cmsis_gcc.h **** #define __VECTOR_TABLE_ATTRIBUTE  __attribute__((used, section(".vectors")))
 183:Drivers/CMSIS/Include/cmsis_gcc.h **** #endif
 184:Drivers/CMSIS/Include/cmsis_gcc.h **** 
 185:Drivers/CMSIS/Include/cmsis_gcc.h **** #if defined (__ARM_FEATURE_CMSE) && (__ARM_FEATURE_CMSE == 3U)
 186:Drivers/CMSIS/Include/cmsis_gcc.h **** #ifndef __STACK_SEAL
ARM GAS  C:\Users\zhmis\AppData\Local\Temp\ccb1Q8bk.s 			page 10


 187:Drivers/CMSIS/Include/cmsis_gcc.h **** #define __STACK_SEAL              __StackSeal
 188:Drivers/CMSIS/Include/cmsis_gcc.h **** #endif
 189:Drivers/CMSIS/Include/cmsis_gcc.h **** 
 190:Drivers/CMSIS/Include/cmsis_gcc.h **** #ifndef __TZ_STACK_SEAL_SIZE
 191:Drivers/CMSIS/Include/cmsis_gcc.h **** #define __TZ_STACK_SEAL_SIZE      8U
 192:Drivers/CMSIS/Include/cmsis_gcc.h **** #endif
 193:Drivers/CMSIS/Include/cmsis_gcc.h **** 
 194:Drivers/CMSIS/Include/cmsis_gcc.h **** #ifndef __TZ_STACK_SEAL_VALUE
 195:Drivers/CMSIS/Include/cmsis_gcc.h **** #define __TZ_STACK_SEAL_VALUE     0xFEF5EDA5FEF5EDA5ULL
 196:Drivers/CMSIS/Include/cmsis_gcc.h **** #endif
 197:Drivers/CMSIS/Include/cmsis_gcc.h **** 
 198:Drivers/CMSIS/Include/cmsis_gcc.h **** 
 199:Drivers/CMSIS/Include/cmsis_gcc.h **** __STATIC_FORCEINLINE void __TZ_set_STACKSEAL_S (uint32_t* stackTop) {
 200:Drivers/CMSIS/Include/cmsis_gcc.h ****   *((uint64_t *)stackTop) = __TZ_STACK_SEAL_VALUE;
 201:Drivers/CMSIS/Include/cmsis_gcc.h **** }
 202:Drivers/CMSIS/Include/cmsis_gcc.h **** #endif
 203:Drivers/CMSIS/Include/cmsis_gcc.h **** 
 204:Drivers/CMSIS/Include/cmsis_gcc.h **** 
 205:Drivers/CMSIS/Include/cmsis_gcc.h **** /* ##########################  Core Instruction Access  ######################### */
 206:Drivers/CMSIS/Include/cmsis_gcc.h **** /** \defgroup CMSIS_Core_InstructionInterface CMSIS Core Instruction Interface
 207:Drivers/CMSIS/Include/cmsis_gcc.h ****   Access to dedicated instructions
 208:Drivers/CMSIS/Include/cmsis_gcc.h ****   @{
 209:Drivers/CMSIS/Include/cmsis_gcc.h **** */
 210:Drivers/CMSIS/Include/cmsis_gcc.h **** 
 211:Drivers/CMSIS/Include/cmsis_gcc.h **** /* Define macros for porting to both thumb1 and thumb2.
 212:Drivers/CMSIS/Include/cmsis_gcc.h ****  * For thumb1, use low register (r0-r7), specified by constraint "l"
 213:Drivers/CMSIS/Include/cmsis_gcc.h ****  * Otherwise, use general registers, specified by constraint "r" */
 214:Drivers/CMSIS/Include/cmsis_gcc.h **** #if defined (__thumb__) && !defined (__thumb2__)
 215:Drivers/CMSIS/Include/cmsis_gcc.h **** #define __CMSIS_GCC_OUT_REG(r) "=l" (r)
 216:Drivers/CMSIS/Include/cmsis_gcc.h **** #define __CMSIS_GCC_RW_REG(r) "+l" (r)
 217:Drivers/CMSIS/Include/cmsis_gcc.h **** #define __CMSIS_GCC_USE_REG(r) "l" (r)
 218:Drivers/CMSIS/Include/cmsis_gcc.h **** #else
 219:Drivers/CMSIS/Include/cmsis_gcc.h **** #define __CMSIS_GCC_OUT_REG(r) "=r" (r)
 220:Drivers/CMSIS/Include/cmsis_gcc.h **** #define __CMSIS_GCC_RW_REG(r) "+r" (r)
 221:Drivers/CMSIS/Include/cmsis_gcc.h **** #define __CMSIS_GCC_USE_REG(r) "r" (r)
 222:Drivers/CMSIS/Include/cmsis_gcc.h **** #endif
 223:Drivers/CMSIS/Include/cmsis_gcc.h **** 
 224:Drivers/CMSIS/Include/cmsis_gcc.h **** /**
 225:Drivers/CMSIS/Include/cmsis_gcc.h ****   \brief   No Operation
 226:Drivers/CMSIS/Include/cmsis_gcc.h ****   \details No Operation does nothing. This instruction can be used for code alignment purposes.
 227:Drivers/CMSIS/Include/cmsis_gcc.h ****  */
 228:Drivers/CMSIS/Include/cmsis_gcc.h **** #define __NOP()                             __ASM volatile ("nop")
 229:Drivers/CMSIS/Include/cmsis_gcc.h **** 
 230:Drivers/CMSIS/Include/cmsis_gcc.h **** /**
 231:Drivers/CMSIS/Include/cmsis_gcc.h ****   \brief   Wait For Interrupt
 232:Drivers/CMSIS/Include/cmsis_gcc.h ****   \details Wait For Interrupt is a hint instruction that suspends execution until one of a number o
 233:Drivers/CMSIS/Include/cmsis_gcc.h ****  */
 234:Drivers/CMSIS/Include/cmsis_gcc.h **** #define __WFI()                             __ASM volatile ("wfi":::"memory")
 235:Drivers/CMSIS/Include/cmsis_gcc.h **** 
 236:Drivers/CMSIS/Include/cmsis_gcc.h **** 
 237:Drivers/CMSIS/Include/cmsis_gcc.h **** /**
 238:Drivers/CMSIS/Include/cmsis_gcc.h ****   \brief   Wait For Event
 239:Drivers/CMSIS/Include/cmsis_gcc.h ****   \details Wait For Event is a hint instruction that permits the processor to enter
 240:Drivers/CMSIS/Include/cmsis_gcc.h ****            a low-power state until one of a number of events occurs.
 241:Drivers/CMSIS/Include/cmsis_gcc.h ****  */
 242:Drivers/CMSIS/Include/cmsis_gcc.h **** #define __WFE()                             __ASM volatile ("wfe":::"memory")
 243:Drivers/CMSIS/Include/cmsis_gcc.h **** 
ARM GAS  C:\Users\zhmis\AppData\Local\Temp\ccb1Q8bk.s 			page 11


 244:Drivers/CMSIS/Include/cmsis_gcc.h **** 
 245:Drivers/CMSIS/Include/cmsis_gcc.h **** /**
 246:Drivers/CMSIS/Include/cmsis_gcc.h ****   \brief   Send Event
 247:Drivers/CMSIS/Include/cmsis_gcc.h ****   \details Send Event is a hint instruction. It causes an event to be signaled to the CPU.
 248:Drivers/CMSIS/Include/cmsis_gcc.h ****  */
 249:Drivers/CMSIS/Include/cmsis_gcc.h **** #define __SEV()                             __ASM volatile ("sev")
 250:Drivers/CMSIS/Include/cmsis_gcc.h **** 
 251:Drivers/CMSIS/Include/cmsis_gcc.h **** 
 252:Drivers/CMSIS/Include/cmsis_gcc.h **** /**
 253:Drivers/CMSIS/Include/cmsis_gcc.h ****   \brief   Instruction Synchronization Barrier
 254:Drivers/CMSIS/Include/cmsis_gcc.h ****   \details Instruction Synchronization Barrier flushes the pipeline in the processor,
 255:Drivers/CMSIS/Include/cmsis_gcc.h ****            so that all instructions following the ISB are fetched from cache or memory,
 256:Drivers/CMSIS/Include/cmsis_gcc.h ****            after the instruction has been completed.
 257:Drivers/CMSIS/Include/cmsis_gcc.h ****  */
 258:Drivers/CMSIS/Include/cmsis_gcc.h **** __STATIC_FORCEINLINE void __ISB(void)
 259:Drivers/CMSIS/Include/cmsis_gcc.h **** {
 260:Drivers/CMSIS/Include/cmsis_gcc.h ****   __ASM volatile ("isb 0xF":::"memory");
 261:Drivers/CMSIS/Include/cmsis_gcc.h **** }
 262:Drivers/CMSIS/Include/cmsis_gcc.h **** 
 263:Drivers/CMSIS/Include/cmsis_gcc.h **** 
 264:Drivers/CMSIS/Include/cmsis_gcc.h **** /**
 265:Drivers/CMSIS/Include/cmsis_gcc.h ****   \brief   Data Synchronization Barrier
 266:Drivers/CMSIS/Include/cmsis_gcc.h ****   \details Acts as a special kind of Data Memory Barrier.
 267:Drivers/CMSIS/Include/cmsis_gcc.h ****            It completes when all explicit memory accesses before this instruction complete.
 268:Drivers/CMSIS/Include/cmsis_gcc.h ****  */
 269:Drivers/CMSIS/Include/cmsis_gcc.h **** __STATIC_FORCEINLINE void __DSB(void)
 270:Drivers/CMSIS/Include/cmsis_gcc.h **** {
 271:Drivers/CMSIS/Include/cmsis_gcc.h ****   __ASM volatile ("dsb 0xF":::"memory");
 272:Drivers/CMSIS/Include/cmsis_gcc.h **** }
 273:Drivers/CMSIS/Include/cmsis_gcc.h **** 
 274:Drivers/CMSIS/Include/cmsis_gcc.h **** 
 275:Drivers/CMSIS/Include/cmsis_gcc.h **** /**
 276:Drivers/CMSIS/Include/cmsis_gcc.h ****   \brief   Data Memory Barrier
 277:Drivers/CMSIS/Include/cmsis_gcc.h ****   \details Ensures the apparent order of the explicit memory operations before
 278:Drivers/CMSIS/Include/cmsis_gcc.h ****            and after the instruction, without ensuring their completion.
 279:Drivers/CMSIS/Include/cmsis_gcc.h ****  */
 280:Drivers/CMSIS/Include/cmsis_gcc.h **** __STATIC_FORCEINLINE void __DMB(void)
 281:Drivers/CMSIS/Include/cmsis_gcc.h **** {
 282:Drivers/CMSIS/Include/cmsis_gcc.h ****   __ASM volatile ("dmb 0xF":::"memory");
 283:Drivers/CMSIS/Include/cmsis_gcc.h **** }
 284:Drivers/CMSIS/Include/cmsis_gcc.h **** 
 285:Drivers/CMSIS/Include/cmsis_gcc.h **** 
 286:Drivers/CMSIS/Include/cmsis_gcc.h **** /**
 287:Drivers/CMSIS/Include/cmsis_gcc.h ****   \brief   Reverse byte order (32 bit)
 288:Drivers/CMSIS/Include/cmsis_gcc.h ****   \details Reverses the byte order in unsigned integer value. For example, 0x12345678 becomes 0x785
 289:Drivers/CMSIS/Include/cmsis_gcc.h ****   \param [in]    value  Value to reverse
 290:Drivers/CMSIS/Include/cmsis_gcc.h ****   \return               Reversed value
 291:Drivers/CMSIS/Include/cmsis_gcc.h ****  */
 292:Drivers/CMSIS/Include/cmsis_gcc.h **** __STATIC_FORCEINLINE uint32_t __REV(uint32_t value)
 293:Drivers/CMSIS/Include/cmsis_gcc.h **** {
 294:Drivers/CMSIS/Include/cmsis_gcc.h **** #if (__GNUC__ > 4) || (__GNUC__ == 4 && __GNUC_MINOR__ >= 5)
 295:Drivers/CMSIS/Include/cmsis_gcc.h ****   return __builtin_bswap32(value);
 296:Drivers/CMSIS/Include/cmsis_gcc.h **** #else
 297:Drivers/CMSIS/Include/cmsis_gcc.h ****   uint32_t result;
 298:Drivers/CMSIS/Include/cmsis_gcc.h **** 
 299:Drivers/CMSIS/Include/cmsis_gcc.h ****   __ASM ("rev %0, %1" : __CMSIS_GCC_OUT_REG (result) : __CMSIS_GCC_USE_REG (value) );
 300:Drivers/CMSIS/Include/cmsis_gcc.h ****   return result;
ARM GAS  C:\Users\zhmis\AppData\Local\Temp\ccb1Q8bk.s 			page 12


 301:Drivers/CMSIS/Include/cmsis_gcc.h **** #endif
 302:Drivers/CMSIS/Include/cmsis_gcc.h **** }
 303:Drivers/CMSIS/Include/cmsis_gcc.h **** 
 304:Drivers/CMSIS/Include/cmsis_gcc.h **** 
 305:Drivers/CMSIS/Include/cmsis_gcc.h **** /**
 306:Drivers/CMSIS/Include/cmsis_gcc.h ****   \brief   Reverse byte order (16 bit)
 307:Drivers/CMSIS/Include/cmsis_gcc.h ****   \details Reverses the byte order within each halfword of a word. For example, 0x12345678 becomes 
 308:Drivers/CMSIS/Include/cmsis_gcc.h ****   \param [in]    value  Value to reverse
 309:Drivers/CMSIS/Include/cmsis_gcc.h ****   \return               Reversed value
 310:Drivers/CMSIS/Include/cmsis_gcc.h ****  */
 311:Drivers/CMSIS/Include/cmsis_gcc.h **** __STATIC_FORCEINLINE uint32_t __REV16(uint32_t value)
 139              		.loc 2 311 31 is_stmt 1 view .LVU26
 140              	.LBB9:
 312:Drivers/CMSIS/Include/cmsis_gcc.h **** {
 313:Drivers/CMSIS/Include/cmsis_gcc.h ****   uint32_t result;
 141              		.loc 2 313 3 view .LVU27
 314:Drivers/CMSIS/Include/cmsis_gcc.h **** 
 315:Drivers/CMSIS/Include/cmsis_gcc.h ****   __ASM ("rev16 %0, %1" : __CMSIS_GCC_OUT_REG (result) : __CMSIS_GCC_USE_REG (value) );
 142              		.loc 2 315 3 view .LVU28
 143              		.syntax unified
 144              	@ 315 "Drivers/CMSIS/Include/cmsis_gcc.h" 1
 145 0026 40BA     		rev16 r0, r0
 146              	@ 0 "" 2
 147              	.LVL12:
 316:Drivers/CMSIS/Include/cmsis_gcc.h ****   return result;
 148              		.loc 2 316 3 view .LVU29
 149              		.loc 2 316 3 is_stmt 0 view .LVU30
 150              		.thumb
 151              		.syntax unified
 152              	.LBE9:
 153              	.LBE8:
 154              		.loc 1 192 11 discriminator 1 view .LVU31
 155 0028 43F8040B 		str	r0, [r3], #4
 156              	.LVL13:
 191:Core/Src/z_displ_ST7735.c **** 			*data32=__REV16(*data32);
 157              		.loc 1 191 62 is_stmt 1 discriminator 3 view .LVU32
 191:Core/Src/z_displ_ST7735.c **** 			*data32=__REV16(*data32);
 158              		.loc 1 191 62 is_stmt 0 discriminator 3 view .LVU33
 159 002c F8E7     		b	.L8
 160              	.LVL14:
 161              	.L7:
 191:Core/Src/z_displ_ST7735.c **** 			*data32=__REV16(*data32);
 162              		.loc 1 191 62 discriminator 3 view .LVU34
 163              	.LBE7:
 164              	.LBE6:
 193:Core/Src/z_displ_ST7735.c **** 		}
 194:Core/Src/z_displ_ST7735.c **** 	}
 195:Core/Src/z_displ_ST7735.c **** 
 196:Core/Src/z_displ_ST7735.c **** #ifdef DISPLAY_SPI_INTERRUPT_MODE
 197:Core/Src/z_displ_ST7735.c **** 	Displ_SpiAvailable=0;
 198:Core/Src/z_displ_ST7735.c **** 	HAL_SPI_Transmit_IT(&DISPLAY_SPI_PORT , data, dataSize);
 199:Core/Src/z_displ_ST7735.c **** #else
 200:Core/Src/z_displ_ST7735.c **** #ifdef DISPLAY_SPI_DMA_MODE
 201:Core/Src/z_displ_ST7735.c **** 	if (dataSize<DISPL_DMA_CUTOFF) {
 165              		.loc 1 201 2 is_stmt 1 view .LVU35
 166              		.loc 1 201 5 is_stmt 0 view .LVU36
 167 002e 132D     		cmp	r5, #19
ARM GAS  C:\Users\zhmis\AppData\Local\Temp\ccb1Q8bk.s 			page 13


 168 0030 0CD8     		bhi	.L10
 202:Core/Src/z_displ_ST7735.c **** #endif
 203:Core/Src/z_displ_ST7735.c **** 		dispSpiAvailable=0;
 169              		.loc 1 203 3 is_stmt 1 view .LVU37
 170              		.loc 1 203 19 is_stmt 0 view .LVU38
 171 0032 0B4C     		ldr	r4, .L13
 172 0034 0023     		movs	r3, #0
 173 0036 2360     		str	r3, [r4]
 204:Core/Src/z_displ_ST7735.c **** 		HAL_SPI_Transmit(&DISPLAY_SPI_PORT , data, dataSize, HAL_MAX_DELAY);
 174              		.loc 1 204 3 is_stmt 1 view .LVU39
 175 0038 4FF0FF33 		mov	r3, #-1
 176 003c 2A46     		mov	r2, r5
 177 003e 3146     		mov	r1, r6
 178 0040 0948     		ldr	r0, .L13+8
 179 0042 FFF7FEFF 		bl	HAL_SPI_Transmit
 180              	.LVL15:
 205:Core/Src/z_displ_ST7735.c **** 		dispSpiAvailable=1;
 181              		.loc 1 205 3 view .LVU40
 182              		.loc 1 205 19 is_stmt 0 view .LVU41
 183 0046 0123     		movs	r3, #1
 184 0048 2360     		str	r3, [r4]
 185              	.L5:
 206:Core/Src/z_displ_ST7735.c **** 
 207:Core/Src/z_displ_ST7735.c **** #ifdef DISPLAY_USING_TOUCHGFX
 208:Core/Src/z_displ_ST7735.c **** 		if (isTouchGFXBuffer){
 209:Core/Src/z_displ_ST7735.c **** 			DisplayDriver_TransferCompleteCallback();
 210:Core/Src/z_displ_ST7735.c **** 		}
 211:Core/Src/z_displ_ST7735.c **** #endif
 212:Core/Src/z_displ_ST7735.c **** #ifdef DISPLAY_SPI_DMA_MODE
 213:Core/Src/z_displ_ST7735.c **** 	}
 214:Core/Src/z_displ_ST7735.c **** 	else {
 215:Core/Src/z_displ_ST7735.c **** 		dispSpiAvailable=0;
 216:Core/Src/z_displ_ST7735.c **** 		HAL_SPI_Transmit_DMA(&DISPLAY_SPI_PORT , data, dataSize);
 217:Core/Src/z_displ_ST7735.c **** 	}
 218:Core/Src/z_displ_ST7735.c **** #endif
 219:Core/Src/z_displ_ST7735.c **** 
 220:Core/Src/z_displ_ST7735.c **** #endif
 221:Core/Src/z_displ_ST7735.c **** }
 186              		.loc 1 221 1 view .LVU42
 187 004a F8BD     		pop	{r3, r4, r5, r6, r7, pc}
 188              	.LVL16:
 189              	.L10:
 215:Core/Src/z_displ_ST7735.c **** 		HAL_SPI_Transmit_DMA(&DISPLAY_SPI_PORT , data, dataSize);
 190              		.loc 1 215 3 is_stmt 1 view .LVU43
 215:Core/Src/z_displ_ST7735.c **** 		HAL_SPI_Transmit_DMA(&DISPLAY_SPI_PORT , data, dataSize);
 191              		.loc 1 215 19 is_stmt 0 view .LVU44
 192 004c 044B     		ldr	r3, .L13
 193 004e 0022     		movs	r2, #0
 194 0050 1A60     		str	r2, [r3]
 216:Core/Src/z_displ_ST7735.c **** 	}
 195              		.loc 1 216 3 is_stmt 1 view .LVU45
 196 0052 2A46     		mov	r2, r5
 197 0054 3146     		mov	r1, r6
 198 0056 0448     		ldr	r0, .L13+8
 199 0058 FFF7FEFF 		bl	HAL_SPI_Transmit_DMA
 200              	.LVL17:
 201              		.loc 1 221 1 is_stmt 0 view .LVU46
ARM GAS  C:\Users\zhmis\AppData\Local\Temp\ccb1Q8bk.s 			page 14


 202 005c F5E7     		b	.L5
 203              	.L14:
 204 005e 00BF     		.align	2
 205              	.L13:
 206 0060 00000000 		.word	dispSpiAvailable
 207 0064 00080240 		.word	1073874944
 208 0068 00000000 		.word	hspi1
 209              		.cfi_endproc
 210              	.LFE138:
 212              		.section	.text.Displ_WriteCommand,"ax",%progbits
 213              		.align	1
 214              		.global	Displ_WriteCommand
 215              		.syntax unified
 216              		.thumb
 217              		.thumb_func
 219              	Displ_WriteCommand:
 220              	.LVL18:
 221              	.LFB139:
 222:Core/Src/z_displ_ST7735.c **** 
 223:Core/Src/z_displ_ST7735.c **** 
 224:Core/Src/z_displ_ST7735.c **** 
 225:Core/Src/z_displ_ST7735.c **** 
 226:Core/Src/z_displ_ST7735.c **** 
 227:Core/Src/z_displ_ST7735.c **** /*
 228:Core/Src/z_displ_ST7735.c ****  * @BRIEF	transmit a byte in a SPI_COMMAND format
 229:Core/Src/z_displ_ST7735.c ****  */
 230:Core/Src/z_displ_ST7735.c **** void Displ_WriteCommand(uint8_t cmd)
 231:Core/Src/z_displ_ST7735.c **** {
 222              		.loc 1 231 1 is_stmt 1 view -0
 223              		.cfi_startproc
 224              		@ args = 0, pretend = 0, frame = 8
 225              		@ frame_needed = 0, uses_anonymous_args = 0
 226              		.loc 1 231 1 is_stmt 0 view .LVU48
 227 0000 00B5     		push	{lr}
 228              		.cfi_def_cfa_offset 4
 229              		.cfi_offset 14, -4
 230 0002 83B0     		sub	sp, sp, #12
 231              		.cfi_def_cfa_offset 16
 232 0004 8DF80700 		strb	r0, [sp, #7]
 232:Core/Src/z_displ_ST7735.c **** 	Displ_Transmit(SPI_COMMAND, &cmd, sizeof(cmd),0);
 233              		.loc 1 232 2 is_stmt 1 view .LVU49
 234 0008 0023     		movs	r3, #0
 235 000a 0122     		movs	r2, #1
 236 000c 0DF10701 		add	r1, sp, #7
 237 0010 1846     		mov	r0, r3
 238              	.LVL19:
 239              		.loc 1 232 2 is_stmt 0 view .LVU50
 240 0012 FFF7FEFF 		bl	Displ_Transmit
 241              	.LVL20:
 233:Core/Src/z_displ_ST7735.c **** }
 242              		.loc 1 233 1 view .LVU51
 243 0016 03B0     		add	sp, sp, #12
 244              		.cfi_def_cfa_offset 4
 245              		@ sp needed
 246 0018 5DF804FB 		ldr	pc, [sp], #4
 247              		.cfi_endproc
 248              	.LFE139:
ARM GAS  C:\Users\zhmis\AppData\Local\Temp\ccb1Q8bk.s 			page 15


 250              		.section	.text.Displ_WriteData,"ax",%progbits
 251              		.align	1
 252              		.global	Displ_WriteData
 253              		.syntax unified
 254              		.thumb
 255              		.thumb_func
 257              	Displ_WriteData:
 258              	.LVL21:
 259              	.LFB140:
 234:Core/Src/z_displ_ST7735.c **** 
 235:Core/Src/z_displ_ST7735.c **** 
 236:Core/Src/z_displ_ST7735.c **** 
 237:Core/Src/z_displ_ST7735.c **** 
 238:Core/Src/z_displ_ST7735.c **** 
 239:Core/Src/z_displ_ST7735.c **** 
 240:Core/Src/z_displ_ST7735.c **** 
 241:Core/Src/z_displ_ST7735.c **** /*
 242:Core/Src/z_displ_ST7735.c ****  * @BRIEF	transmit a set of data in a SPI_DATA format
 243:Core/Src/z_displ_ST7735.c ****  * @PARAM 	data		buffer data to send
 244:Core/Src/z_displ_ST7735.c ****  * 			dataSize	number of bytes in "data" to be sent
 245:Core/Src/z_displ_ST7735.c ****  * 			isTouchGFXBuffer 1 only when called by touchgfxDisplayDriverTransmitBlock (for byte endian co
 246:Core/Src/z_displ_ST7735.c ****  */
 247:Core/Src/z_displ_ST7735.c **** //void Displ_WriteData(uint8_t* buff, size_t buff_size)
 248:Core/Src/z_displ_ST7735.c **** void Displ_WriteData(uint8_t* buff, size_t buff_size, uint8_t isTouchGFXBuffer){
 260              		.loc 1 248 80 is_stmt 1 view -0
 261              		.cfi_startproc
 262              		@ args = 0, pretend = 0, frame = 0
 263              		@ frame_needed = 0, uses_anonymous_args = 0
 249:Core/Src/z_displ_ST7735.c **** 	if (buff_size==0) return;
 264              		.loc 1 249 2 view .LVU53
 265              		.loc 1 249 5 is_stmt 0 view .LVU54
 266 0000 01B9     		cbnz	r1, .L23
 267 0002 7047     		bx	lr
 268              	.L23:
 248:Core/Src/z_displ_ST7735.c **** 	if (buff_size==0) return;
 269              		.loc 1 248 80 view .LVU55
 270 0004 08B5     		push	{r3, lr}
 271              		.cfi_def_cfa_offset 8
 272              		.cfi_offset 3, -8
 273              		.cfi_offset 14, -4
 274 0006 1346     		mov	r3, r2
 250:Core/Src/z_displ_ST7735.c **** 	Displ_Transmit(SPI_DATA, buff, buff_size,isTouchGFXBuffer);
 275              		.loc 1 250 2 is_stmt 1 view .LVU56
 276 0008 8AB2     		uxth	r2, r1
 277              	.LVL22:
 278              		.loc 1 250 2 is_stmt 0 view .LVU57
 279 000a 0146     		mov	r1, r0
 280              	.LVL23:
 281              		.loc 1 250 2 view .LVU58
 282 000c 0120     		movs	r0, #1
 283              	.LVL24:
 284              		.loc 1 250 2 view .LVU59
 285 000e FFF7FEFF 		bl	Displ_Transmit
 286              	.LVL25:
 251:Core/Src/z_displ_ST7735.c **** }
 287              		.loc 1 251 1 view .LVU60
 288 0012 08BD     		pop	{r3, pc}
ARM GAS  C:\Users\zhmis\AppData\Local\Temp\ccb1Q8bk.s 			page 16


 289              		.cfi_endproc
 290              	.LFE140:
 292              		.section	.text.ST7735_InitCmds,"ax",%progbits
 293              		.align	1
 294              		.global	ST7735_InitCmds
 295              		.syntax unified
 296              		.thumb
 297              		.thumb_func
 299              	ST7735_InitCmds:
 300              	.LVL26:
 301              	.LFB141:
 252:Core/Src/z_displ_ST7735.c **** 
 253:Core/Src/z_displ_ST7735.c **** 
 254:Core/Src/z_displ_ST7735.c **** 
 255:Core/Src/z_displ_ST7735.c **** 
 256:Core/Src/z_displ_ST7735.c **** 
 257:Core/Src/z_displ_ST7735.c **** void ST7735_InitCmds(const uint8_t *addr)
 258:Core/Src/z_displ_ST7735.c **** {
 302              		.loc 1 258 1 is_stmt 1 view -0
 303              		.cfi_startproc
 304              		@ args = 0, pretend = 0, frame = 0
 305              		@ frame_needed = 0, uses_anonymous_args = 0
 306              		.loc 1 258 1 is_stmt 0 view .LVU62
 307 0000 2DE9F843 		push	{r3, r4, r5, r6, r7, r8, r9, lr}
 308              		.cfi_def_cfa_offset 32
 309              		.cfi_offset 3, -32
 310              		.cfi_offset 4, -28
 311              		.cfi_offset 5, -24
 312              		.cfi_offset 6, -20
 313              		.cfi_offset 7, -16
 314              		.cfi_offset 8, -12
 315              		.cfi_offset 9, -8
 316              		.cfi_offset 14, -4
 259:Core/Src/z_displ_ST7735.c **** 	uint8_t numCommands, numArgs;
 317              		.loc 1 259 2 is_stmt 1 view .LVU63
 260:Core/Src/z_displ_ST7735.c **** 	uint16_t ms;
 318              		.loc 1 260 2 view .LVU64
 261:Core/Src/z_displ_ST7735.c **** 
 262:Core/Src/z_displ_ST7735.c **** 	numCommands = *addr++;
 319              		.loc 1 262 2 view .LVU65
 320              		.loc 1 262 21 is_stmt 0 view .LVU66
 321 0004 0546     		mov	r5, r0
 322              	.LVL27:
 323              		.loc 1 262 14 view .LVU67
 324 0006 15F8013B 		ldrb	r3, [r5], #1	@ zero_extendqisi2
 325              	.LVL28:
 263:Core/Src/z_displ_ST7735.c **** 	while(numCommands--) {
 326              		.loc 1 263 2 is_stmt 1 view .LVU68
 327              		.loc 1 263 7 is_stmt 0 view .LVU69
 328 000a 11E0     		b	.L25
 329              	.LVL29:
 330              	.L28:
 331              	.LBB10:
 332              	.LBB11:
 264:Core/Src/z_displ_ST7735.c **** 		uint8_t cmd = *addr++;
 265:Core/Src/z_displ_ST7735.c **** 		Displ_WriteCommand(cmd);
 266:Core/Src/z_displ_ST7735.c **** 
ARM GAS  C:\Users\zhmis\AppData\Local\Temp\ccb1Q8bk.s 			page 17


 267:Core/Src/z_displ_ST7735.c **** 		numArgs = *addr++;
 268:Core/Src/z_displ_ST7735.c **** 		// If high bit set, delay follows args
 269:Core/Src/z_displ_ST7735.c **** 		ms = numArgs & DELAY;
 270:Core/Src/z_displ_ST7735.c **** 		numArgs &= ~DELAY;
 271:Core/Src/z_displ_ST7735.c **** 		if(numArgs) {
 272:Core/Src/z_displ_ST7735.c **** 			for (uint8_t k=0;k<numArgs;k++){
 273:Core/Src/z_displ_ST7735.c **** 				Displ_WriteData((uint8_t*)addr++, 1,0);
 333              		.loc 1 273 5 is_stmt 1 view .LVU70
 334 000c 661C     		adds	r6, r4, #1
 335              	.LVL30:
 336              		.loc 1 273 5 is_stmt 0 view .LVU71
 337 000e 0022     		movs	r2, #0
 338 0010 0121     		movs	r1, #1
 339 0012 2046     		mov	r0, r4
 340 0014 FFF7FEFF 		bl	Displ_WriteData
 341              	.LVL31:
 272:Core/Src/z_displ_ST7735.c **** 				Displ_WriteData((uint8_t*)addr++, 1,0);
 342              		.loc 1 272 32 is_stmt 1 discriminator 3 view .LVU72
 343 0018 0135     		adds	r5, r5, #1
 344              	.LVL32:
 272:Core/Src/z_displ_ST7735.c **** 				Displ_WriteData((uint8_t*)addr++, 1,0);
 345              		.loc 1 272 32 is_stmt 0 discriminator 3 view .LVU73
 346 001a EDB2     		uxtb	r5, r5
 347              	.LVL33:
 348              		.loc 1 273 5 view .LVU74
 349 001c 3446     		mov	r4, r6
 350              	.LVL34:
 351              	.L26:
 272:Core/Src/z_displ_ST7735.c **** 				Displ_WriteData((uint8_t*)addr++, 1,0);
 352              		.loc 1 272 22 is_stmt 1 discriminator 1 view .LVU75
 353 001e 4D45     		cmp	r5, r9
 354 0020 F4D3     		bcc	.L28
 272:Core/Src/z_displ_ST7735.c **** 				Displ_WriteData((uint8_t*)addr++, 1,0);
 355              		.loc 1 272 22 is_stmt 0 discriminator 1 view .LVU76
 356 0022 12E0     		b	.L27
 357              	.LVL35:
 358              	.L36:
 272:Core/Src/z_displ_ST7735.c **** 				Displ_WriteData((uint8_t*)addr++, 1,0);
 359              		.loc 1 272 17 view .LVU77
 360 0024 0025     		movs	r5, #0
 361 0026 FAE7     		b	.L26
 362              	.LVL36:
 363              	.L30:
 272:Core/Src/z_displ_ST7735.c **** 				Displ_WriteData((uint8_t*)addr++, 1,0);
 364              		.loc 1 272 17 view .LVU78
 365              	.LBE11:
 274:Core/Src/z_displ_ST7735.c **** 			}
 275:Core/Src/z_displ_ST7735.c **** 		}
 276:Core/Src/z_displ_ST7735.c **** 
 277:Core/Src/z_displ_ST7735.c **** 		if(ms) {
 278:Core/Src/z_displ_ST7735.c **** 			ms = *addr++;
 279:Core/Src/z_displ_ST7735.c **** 			if(ms == ST7735_FLAG_LONG_DELAY) ms = ST7735_LONG_DELAY;
 280:Core/Src/z_displ_ST7735.c **** 			HAL_Delay(ms);
 366              		.loc 1 280 4 is_stmt 1 view .LVU79
 367 0028 FFF7FEFF 		bl	HAL_Delay
 368              	.LVL37:
 369              	.L29:
ARM GAS  C:\Users\zhmis\AppData\Local\Temp\ccb1Q8bk.s 			page 18


 278:Core/Src/z_displ_ST7735.c **** 			if(ms == ST7735_FLAG_LONG_DELAY) ms = ST7735_LONG_DELAY;
 370              		.loc 1 278 14 is_stmt 0 view .LVU80
 371 002c 3B46     		mov	r3, r7
 372 002e 2546     		mov	r5, r4
 373              	.LVL38:
 374              	.L25:
 278:Core/Src/z_displ_ST7735.c **** 			if(ms == ST7735_FLAG_LONG_DELAY) ms = ST7735_LONG_DELAY;
 375              		.loc 1 278 14 view .LVU81
 376              	.LBE10:
 263:Core/Src/z_displ_ST7735.c **** 		uint8_t cmd = *addr++;
 377              		.loc 1 263 8 is_stmt 1 view .LVU82
 263:Core/Src/z_displ_ST7735.c **** 		uint8_t cmd = *addr++;
 378              		.loc 1 263 19 is_stmt 0 view .LVU83
 379 0030 5F1E     		subs	r7, r3, #1
 380 0032 FFB2     		uxtb	r7, r7
 381              	.LVL39:
 263:Core/Src/z_displ_ST7735.c **** 		uint8_t cmd = *addr++;
 382              		.loc 1 263 8 view .LVU84
 383 0034 9BB1     		cbz	r3, .L35
 384              	.LBB12:
 264:Core/Src/z_displ_ST7735.c **** 		Displ_WriteCommand(cmd);
 385              		.loc 1 264 3 is_stmt 1 view .LVU85
 386              	.LVL40:
 264:Core/Src/z_displ_ST7735.c **** 		Displ_WriteCommand(cmd);
 387              		.loc 1 264 11 is_stmt 0 view .LVU86
 388 0036 2C46     		mov	r4, r5
 389              	.LVL41:
 265:Core/Src/z_displ_ST7735.c **** 
 390              		.loc 1 265 3 is_stmt 1 view .LVU87
 391 0038 14F8020B 		ldrb	r0, [r4], #2	@ zero_extendqisi2
 392 003c FFF7FEFF 		bl	Displ_WriteCommand
 393              	.LVL42:
 267:Core/Src/z_displ_ST7735.c **** 		// If high bit set, delay follows args
 394              		.loc 1 267 3 view .LVU88
 267:Core/Src/z_displ_ST7735.c **** 		// If high bit set, delay follows args
 395              		.loc 1 267 11 is_stmt 0 view .LVU89
 396 0040 95F80180 		ldrb	r8, [r5, #1]	@ zero_extendqisi2
 397              	.LVL43:
 269:Core/Src/z_displ_ST7735.c **** 		numArgs &= ~DELAY;
 398              		.loc 1 269 3 is_stmt 1 view .LVU90
 270:Core/Src/z_displ_ST7735.c **** 		if(numArgs) {
 399              		.loc 1 270 3 view .LVU91
 271:Core/Src/z_displ_ST7735.c **** 			for (uint8_t k=0;k<numArgs;k++){
 400              		.loc 1 271 3 view .LVU92
 271:Core/Src/z_displ_ST7735.c **** 			for (uint8_t k=0;k<numArgs;k++){
 401              		.loc 1 271 5 is_stmt 0 view .LVU93
 402 0044 18F07F09 		ands	r9, r8, #127
 403 0048 ECD1     		bne	.L36
 404              	.L27:
 277:Core/Src/z_displ_ST7735.c **** 			ms = *addr++;
 405              		.loc 1 277 3 is_stmt 1 view .LVU94
 277:Core/Src/z_displ_ST7735.c **** 			ms = *addr++;
 406              		.loc 1 277 5 is_stmt 0 view .LVU95
 407 004a 18F0800F 		tst	r8, #128
 408 004e EDD0     		beq	.L29
 278:Core/Src/z_displ_ST7735.c **** 			if(ms == ST7735_FLAG_LONG_DELAY) ms = ST7735_LONG_DELAY;
 409              		.loc 1 278 4 is_stmt 1 view .LVU96
ARM GAS  C:\Users\zhmis\AppData\Local\Temp\ccb1Q8bk.s 			page 19


 410              	.LVL44:
 278:Core/Src/z_displ_ST7735.c **** 			if(ms == ST7735_FLAG_LONG_DELAY) ms = ST7735_LONG_DELAY;
 411              		.loc 1 278 9 is_stmt 0 view .LVU97
 412 0050 14F8010B 		ldrb	r0, [r4], #1	@ zero_extendqisi2
 413              	.LVL45:
 279:Core/Src/z_displ_ST7735.c **** 			HAL_Delay(ms);
 414              		.loc 1 279 4 is_stmt 1 view .LVU98
 279:Core/Src/z_displ_ST7735.c **** 			HAL_Delay(ms);
 415              		.loc 1 279 6 is_stmt 0 view .LVU99
 416 0054 FF28     		cmp	r0, #255
 417 0056 E7D1     		bne	.L30
 279:Core/Src/z_displ_ST7735.c **** 			HAL_Delay(ms);
 418              		.loc 1 279 40 discriminator 1 view .LVU100
 419 0058 4FF4FA70 		mov	r0, #500
 420              	.LVL46:
 279:Core/Src/z_displ_ST7735.c **** 			HAL_Delay(ms);
 421              		.loc 1 279 40 discriminator 1 view .LVU101
 422 005c E4E7     		b	.L30
 423              	.LVL47:
 424              	.L35:
 279:Core/Src/z_displ_ST7735.c **** 			HAL_Delay(ms);
 425              		.loc 1 279 40 discriminator 1 view .LVU102
 426              	.LBE12:
 281:Core/Src/z_displ_ST7735.c **** 		}
 282:Core/Src/z_displ_ST7735.c **** 	}
 283:Core/Src/z_displ_ST7735.c **** }
 427              		.loc 1 283 1 view .LVU103
 428 005e BDE8F883 		pop	{r3, r4, r5, r6, r7, r8, r9, pc}
 429              		.loc 1 283 1 view .LVU104
 430              		.cfi_endproc
 431              	.LFE141:
 433              		.section	.text.ST7735_SetAddressWindow,"ax",%progbits
 434              		.align	1
 435              		.global	ST7735_SetAddressWindow
 436              		.syntax unified
 437              		.thumb
 438              		.thumb_func
 440              	ST7735_SetAddressWindow:
 441              	.LVL48:
 442              	.LFB142:
 284:Core/Src/z_displ_ST7735.c **** 
 285:Core/Src/z_displ_ST7735.c **** 
 286:Core/Src/z_displ_ST7735.c **** 
 287:Core/Src/z_displ_ST7735.c **** void ST7735_SetAddressWindow(uint8_t x0, uint8_t y0, uint8_t x1, uint8_t y1)
 288:Core/Src/z_displ_ST7735.c **** {
 443              		.loc 1 288 1 is_stmt 1 view -0
 444              		.cfi_startproc
 445              		@ args = 0, pretend = 0, frame = 8
 446              		@ frame_needed = 0, uses_anonymous_args = 0
 447              		.loc 1 288 1 is_stmt 0 view .LVU106
 448 0000 2DE9F041 		push	{r4, r5, r6, r7, r8, lr}
 449              		.cfi_def_cfa_offset 24
 450              		.cfi_offset 4, -24
 451              		.cfi_offset 5, -20
 452              		.cfi_offset 6, -16
 453              		.cfi_offset 7, -12
 454              		.cfi_offset 8, -8
ARM GAS  C:\Users\zhmis\AppData\Local\Temp\ccb1Q8bk.s 			page 20


 455              		.cfi_offset 14, -4
 456 0004 82B0     		sub	sp, sp, #8
 457              		.cfi_def_cfa_offset 32
 458 0006 0546     		mov	r5, r0
 459 0008 0C46     		mov	r4, r1
 460 000a 9046     		mov	r8, r2
 461 000c 1F46     		mov	r7, r3
 289:Core/Src/z_displ_ST7735.c **** 	// column address set
 290:Core/Src/z_displ_ST7735.c **** 	Displ_WriteCommand(ST7735_CASET);
 462              		.loc 1 290 2 is_stmt 1 view .LVU107
 463 000e 2A20     		movs	r0, #42
 464              	.LVL49:
 465              		.loc 1 290 2 is_stmt 0 view .LVU108
 466 0010 FFF7FEFF 		bl	Displ_WriteCommand
 467              	.LVL50:
 291:Core/Src/z_displ_ST7735.c **** 	uint8_t data[] = { 0x00, x0 + _xstart, 0x00, x1 + _xstart };
 468              		.loc 1 291 2 is_stmt 1 view .LVU109
 469              		.loc 1 291 10 is_stmt 0 view .LVU110
 470 0014 0026     		movs	r6, #0
 471 0016 8DF80460 		strb	r6, [sp, #4]
 472              		.loc 1 291 30 view .LVU111
 473 001a 134B     		ldr	r3, .L39
 474 001c 1978     		ldrb	r1, [r3]	@ zero_extendqisi2
 475 001e 0D44     		add	r5, r5, r1
 476              	.LVL51:
 477              		.loc 1 291 10 view .LVU112
 478 0020 8DF80550 		strb	r5, [sp, #5]
 479 0024 8DF80660 		strb	r6, [sp, #6]
 480              		.loc 1 291 50 view .LVU113
 481 0028 4144     		add	r1, r1, r8
 482              		.loc 1 291 10 view .LVU114
 483 002a 8DF80710 		strb	r1, [sp, #7]
 292:Core/Src/z_displ_ST7735.c **** 	Displ_WriteData(data, sizeof(data),0);
 484              		.loc 1 292 2 is_stmt 1 view .LVU115
 485 002e 3246     		mov	r2, r6
 486 0030 0421     		movs	r1, #4
 487 0032 0DEB0100 		add	r0, sp, r1
 488 0036 FFF7FEFF 		bl	Displ_WriteData
 489              	.LVL52:
 293:Core/Src/z_displ_ST7735.c **** 
 294:Core/Src/z_displ_ST7735.c **** 	data[1] = y0 + _ystart;
 490              		.loc 1 294 2 view .LVU116
 491              		.loc 1 294 15 is_stmt 0 view .LVU117
 492 003a 0C4B     		ldr	r3, .L39+4
 493 003c 1A78     		ldrb	r2, [r3]	@ zero_extendqisi2
 494 003e 1444     		add	r4, r4, r2
 495              	.LVL53:
 496              		.loc 1 294 10 view .LVU118
 497 0040 8DF80540 		strb	r4, [sp, #5]
 295:Core/Src/z_displ_ST7735.c **** 	data[3] = y1 + _ystart;
 498              		.loc 1 295 2 is_stmt 1 view .LVU119
 499              		.loc 1 295 15 is_stmt 0 view .LVU120
 500 0044 3A44     		add	r2, r2, r7
 501              		.loc 1 295 10 view .LVU121
 502 0046 8DF80720 		strb	r2, [sp, #7]
 296:Core/Src/z_displ_ST7735.c **** 	// row address set
 297:Core/Src/z_displ_ST7735.c **** 	Displ_WriteCommand(ST7735_RASET);
ARM GAS  C:\Users\zhmis\AppData\Local\Temp\ccb1Q8bk.s 			page 21


 503              		.loc 1 297 2 is_stmt 1 view .LVU122
 504 004a 2B20     		movs	r0, #43
 505 004c FFF7FEFF 		bl	Displ_WriteCommand
 506              	.LVL54:
 298:Core/Src/z_displ_ST7735.c **** 	Displ_WriteData(data, sizeof(data),0);
 507              		.loc 1 298 2 view .LVU123
 508 0050 3246     		mov	r2, r6
 509 0052 0421     		movs	r1, #4
 510 0054 0DEB0100 		add	r0, sp, r1
 511 0058 FFF7FEFF 		bl	Displ_WriteData
 512              	.LVL55:
 299:Core/Src/z_displ_ST7735.c **** 
 300:Core/Src/z_displ_ST7735.c **** 	// write to RAM
 301:Core/Src/z_displ_ST7735.c **** 	Displ_WriteCommand(ST7735_RAMWR);
 513              		.loc 1 301 2 view .LVU124
 514 005c 2C20     		movs	r0, #44
 515 005e FFF7FEFF 		bl	Displ_WriteCommand
 516              	.LVL56:
 302:Core/Src/z_displ_ST7735.c **** }
 517              		.loc 1 302 1 is_stmt 0 view .LVU125
 518 0062 02B0     		add	sp, sp, #8
 519              		.cfi_def_cfa_offset 24
 520              		@ sp needed
 521 0064 BDE8F081 		pop	{r4, r5, r6, r7, r8, pc}
 522              	.LVL57:
 523              	.L40:
 524              		.loc 1 302 1 view .LVU126
 525              		.align	2
 526              	.L39:
 527 0068 00000000 		.word	_xstart
 528 006c 00000000 		.word	_ystart
 529              		.cfi_endproc
 530              	.LFE142:
 532              		.section	.text.ST7735_SetRotation,"ax",%progbits
 533              		.align	1
 534              		.global	ST7735_SetRotation
 535              		.syntax unified
 536              		.thumb
 537              		.thumb_func
 539              	ST7735_SetRotation:
 540              	.LVL58:
 541              	.LFB143:
 303:Core/Src/z_displ_ST7735.c **** 
 304:Core/Src/z_displ_ST7735.c **** 
 305:Core/Src/z_displ_ST7735.c **** 
 306:Core/Src/z_displ_ST7735.c **** 
 307:Core/Src/z_displ_ST7735.c **** void ST7735_SetRotation(Displ_Orientat_e m){
 542              		.loc 1 307 44 is_stmt 1 view -0
 543              		.cfi_startproc
 544              		@ args = 0, pretend = 0, frame = 8
 545              		@ frame_needed = 0, uses_anonymous_args = 0
 546              		.loc 1 307 44 is_stmt 0 view .LVU128
 547 0000 00B5     		push	{lr}
 548              		.cfi_def_cfa_offset 4
 549              		.cfi_offset 14, -4
 550 0002 83B0     		sub	sp, sp, #12
 551              		.cfi_def_cfa_offset 16
ARM GAS  C:\Users\zhmis\AppData\Local\Temp\ccb1Q8bk.s 			page 22


 308:Core/Src/z_displ_ST7735.c **** 
 309:Core/Src/z_displ_ST7735.c **** 	uint8_t madctl = 0;
 552              		.loc 1 309 2 is_stmt 1 view .LVU129
 553              		.loc 1 309 10 is_stmt 0 view .LVU130
 554 0004 0023     		movs	r3, #0
 555 0006 8DF80730 		strb	r3, [sp, #7]
 310:Core/Src/z_displ_ST7735.c **** 
 311:Core/Src/z_displ_ST7735.c **** 	switch (m){
 556              		.loc 1 311 2 is_stmt 1 view .LVU131
 557 000a 0328     		cmp	r0, #3
 558 000c 13D8     		bhi	.L42
 559 000e DFE800F0 		tbb	[pc, r0]
 560              	.L44:
 561 0012 02       		.byte	(.L47-.L44)/2
 562 0013 1E       		.byte	(.L46-.L44)/2
 563 0014 2F       		.byte	(.L45-.L44)/2
 564 0015 3D       		.byte	(.L43-.L44)/2
 565              		.p2align 1
 566              	.L47:
 312:Core/Src/z_displ_ST7735.c **** 	case Displ_Orientat_0:
 313:Core/Src/z_displ_ST7735.c **** #if ST7735_IS_160X80
 314:Core/Src/z_displ_ST7735.c **** 		madctl = ST7735_MADCTL_MX | ST7735_MADCTL_MY | ST7735_MADCTL_BGR;
 315:Core/Src/z_displ_ST7735.c **** #else
 316:Core/Src/z_displ_ST7735.c **** 		madctl = ST7735_MADCTL_MX | ST7735_MADCTL_MY | ST7735_MADCTL_RGB;
 567              		.loc 1 316 3 view .LVU132
 568              		.loc 1 316 10 is_stmt 0 view .LVU133
 569 0016 C023     		movs	r3, #192
 570 0018 8DF80730 		strb	r3, [sp, #7]
 317:Core/Src/z_displ_ST7735.c **** 		_height = ST7735_HEIGHT;
 571              		.loc 1 317 3 is_stmt 1 view .LVU134
 572              		.loc 1 317 11 is_stmt 0 view .LVU135
 573 001c 8023     		movs	r3, #128
 574 001e 244A     		ldr	r2, .L50
 575 0020 1380     		strh	r3, [r2]	@ movhi
 318:Core/Src/z_displ_ST7735.c **** 		_width = ST7735_WIDTH;
 576              		.loc 1 318 3 is_stmt 1 view .LVU136
 577              		.loc 1 318 10 is_stmt 0 view .LVU137
 578 0022 244A     		ldr	r2, .L50+4
 579 0024 1380     		strh	r3, [r2]	@ movhi
 319:Core/Src/z_displ_ST7735.c **** 		_xstart = _colstart;
 580              		.loc 1 319 3 is_stmt 1 view .LVU138
 581              		.loc 1 319 11 is_stmt 0 view .LVU139
 582 0026 244B     		ldr	r3, .L50+8
 583 0028 1A78     		ldrb	r2, [r3]	@ zero_extendqisi2
 584 002a 244B     		ldr	r3, .L50+12
 585 002c 1A70     		strb	r2, [r3]
 320:Core/Src/z_displ_ST7735.c **** 		_ystart = _rowstart;
 586              		.loc 1 320 3 is_stmt 1 view .LVU140
 587              		.loc 1 320 11 is_stmt 0 view .LVU141
 588 002e 244B     		ldr	r3, .L50+16
 589 0030 1A78     		ldrb	r2, [r3]	@ zero_extendqisi2
 590 0032 244B     		ldr	r3, .L50+20
 591 0034 1A70     		strb	r2, [r3]
 321:Core/Src/z_displ_ST7735.c **** #endif
 322:Core/Src/z_displ_ST7735.c **** 		break;
 592              		.loc 1 322 3 is_stmt 1 view .LVU142
 593              	.L42:
ARM GAS  C:\Users\zhmis\AppData\Local\Temp\ccb1Q8bk.s 			page 23


 323:Core/Src/z_displ_ST7735.c **** 	case Displ_Orientat_90:
 324:Core/Src/z_displ_ST7735.c **** #if ST7735_IS_160X80
 325:Core/Src/z_displ_ST7735.c **** 		madctl = ST7735_MADCTL_MY | ST7735_MADCTL_MV | ST7735_MADCTL_BGR;
 326:Core/Src/z_displ_ST7735.c **** #else
 327:Core/Src/z_displ_ST7735.c **** 		madctl = ST7735_MADCTL_MY | ST7735_MADCTL_MV | ST7735_MADCTL_RGB;
 328:Core/Src/z_displ_ST7735.c **** 		_width = ST7735_HEIGHT;
 329:Core/Src/z_displ_ST7735.c **** 		_height = ST7735_WIDTH;
 330:Core/Src/z_displ_ST7735.c **** 		_ystart = _colstart;
 331:Core/Src/z_displ_ST7735.c **** 		_xstart = _rowstart;
 332:Core/Src/z_displ_ST7735.c **** #endif
 333:Core/Src/z_displ_ST7735.c **** 		break;
 334:Core/Src/z_displ_ST7735.c **** 	case Displ_Orientat_180:
 335:Core/Src/z_displ_ST7735.c **** #if ST7735_IS_160X80
 336:Core/Src/z_displ_ST7735.c **** 		madctl = ST7735_MADCTL_BGR;
 337:Core/Src/z_displ_ST7735.c **** #else
 338:Core/Src/z_displ_ST7735.c **** 		madctl = ST7735_MADCTL_RGB;
 339:Core/Src/z_displ_ST7735.c **** 		_height = ST7735_HEIGHT;
 340:Core/Src/z_displ_ST7735.c **** 		_width = ST7735_WIDTH;
 341:Core/Src/z_displ_ST7735.c **** 		_xstart = _colstart;
 342:Core/Src/z_displ_ST7735.c **** 		_ystart = _rowstart;
 343:Core/Src/z_displ_ST7735.c **** #endif
 344:Core/Src/z_displ_ST7735.c **** 		break;
 345:Core/Src/z_displ_ST7735.c **** 	case Displ_Orientat_270:
 346:Core/Src/z_displ_ST7735.c **** #if ST7735_IS_160X80
 347:Core/Src/z_displ_ST7735.c **** 		madctl = ST7735_MADCTL_MX | ST7735_MADCTL_MV | ST7735_MADCTL_BGR;
 348:Core/Src/z_displ_ST7735.c **** #else
 349:Core/Src/z_displ_ST7735.c **** 		madctl = ST7735_MADCTL_MX | ST7735_MADCTL_MV | ST7735_MADCTL_RGB;
 350:Core/Src/z_displ_ST7735.c **** 		_width = ST7735_HEIGHT;
 351:Core/Src/z_displ_ST7735.c **** 		_height = ST7735_WIDTH;
 352:Core/Src/z_displ_ST7735.c **** 		_ystart = _colstart;
 353:Core/Src/z_displ_ST7735.c **** 		_xstart = _rowstart;
 354:Core/Src/z_displ_ST7735.c **** #endif
 355:Core/Src/z_displ_ST7735.c **** 		break;
 356:Core/Src/z_displ_ST7735.c **** 	}
 357:Core/Src/z_displ_ST7735.c **** 	//  ST7735_Select();
 358:Core/Src/z_displ_ST7735.c **** 	Displ_WriteCommand(ST7735_MADCTL);
 594              		.loc 1 358 2 view .LVU143
 595 0036 3620     		movs	r0, #54
 596              	.LVL59:
 597              		.loc 1 358 2 is_stmt 0 view .LVU144
 598 0038 FFF7FEFF 		bl	Displ_WriteCommand
 599              	.LVL60:
 359:Core/Src/z_displ_ST7735.c **** 	Displ_WriteData(&madctl,1,0);
 600              		.loc 1 359 2 is_stmt 1 view .LVU145
 601 003c 0022     		movs	r2, #0
 602 003e 0121     		movs	r1, #1
 603 0040 0DF10700 		add	r0, sp, #7
 604 0044 FFF7FEFF 		bl	Displ_WriteData
 605              	.LVL61:
 360:Core/Src/z_displ_ST7735.c **** 	//  ST7735_Unselect();
 361:Core/Src/z_displ_ST7735.c **** }
 606              		.loc 1 361 1 is_stmt 0 view .LVU146
 607 0048 03B0     		add	sp, sp, #12
 608              		.cfi_remember_state
 609              		.cfi_def_cfa_offset 4
 610              		@ sp needed
 611 004a 5DF804FB 		ldr	pc, [sp], #4
ARM GAS  C:\Users\zhmis\AppData\Local\Temp\ccb1Q8bk.s 			page 24


 612              	.LVL62:
 613              	.L46:
 614              		.cfi_restore_state
 327:Core/Src/z_displ_ST7735.c **** 		_width = ST7735_HEIGHT;
 615              		.loc 1 327 3 is_stmt 1 view .LVU147
 327:Core/Src/z_displ_ST7735.c **** 		_width = ST7735_HEIGHT;
 616              		.loc 1 327 10 is_stmt 0 view .LVU148
 617 004e A023     		movs	r3, #160
 618 0050 8DF80730 		strb	r3, [sp, #7]
 328:Core/Src/z_displ_ST7735.c **** 		_height = ST7735_WIDTH;
 619              		.loc 1 328 3 is_stmt 1 view .LVU149
 328:Core/Src/z_displ_ST7735.c **** 		_height = ST7735_WIDTH;
 620              		.loc 1 328 10 is_stmt 0 view .LVU150
 621 0054 8023     		movs	r3, #128
 622 0056 174A     		ldr	r2, .L50+4
 623 0058 1380     		strh	r3, [r2]	@ movhi
 329:Core/Src/z_displ_ST7735.c **** 		_ystart = _colstart;
 624              		.loc 1 329 3 is_stmt 1 view .LVU151
 329:Core/Src/z_displ_ST7735.c **** 		_ystart = _colstart;
 625              		.loc 1 329 11 is_stmt 0 view .LVU152
 626 005a 154A     		ldr	r2, .L50
 627 005c 1380     		strh	r3, [r2]	@ movhi
 330:Core/Src/z_displ_ST7735.c **** 		_xstart = _rowstart;
 628              		.loc 1 330 3 is_stmt 1 view .LVU153
 330:Core/Src/z_displ_ST7735.c **** 		_xstart = _rowstart;
 629              		.loc 1 330 11 is_stmt 0 view .LVU154
 630 005e 164B     		ldr	r3, .L50+8
 631 0060 1A78     		ldrb	r2, [r3]	@ zero_extendqisi2
 632 0062 184B     		ldr	r3, .L50+20
 633 0064 1A70     		strb	r2, [r3]
 331:Core/Src/z_displ_ST7735.c **** #endif
 634              		.loc 1 331 3 is_stmt 1 view .LVU155
 331:Core/Src/z_displ_ST7735.c **** #endif
 635              		.loc 1 331 11 is_stmt 0 view .LVU156
 636 0066 164B     		ldr	r3, .L50+16
 637 0068 1A78     		ldrb	r2, [r3]	@ zero_extendqisi2
 638 006a 144B     		ldr	r3, .L50+12
 639 006c 1A70     		strb	r2, [r3]
 333:Core/Src/z_displ_ST7735.c **** 	case Displ_Orientat_180:
 640              		.loc 1 333 3 is_stmt 1 view .LVU157
 641 006e E2E7     		b	.L42
 642              	.L45:
 338:Core/Src/z_displ_ST7735.c **** 		_height = ST7735_HEIGHT;
 643              		.loc 1 338 3 view .LVU158
 339:Core/Src/z_displ_ST7735.c **** 		_width = ST7735_WIDTH;
 644              		.loc 1 339 3 view .LVU159
 339:Core/Src/z_displ_ST7735.c **** 		_width = ST7735_WIDTH;
 645              		.loc 1 339 11 is_stmt 0 view .LVU160
 646 0070 8023     		movs	r3, #128
 647 0072 0F4A     		ldr	r2, .L50
 648 0074 1380     		strh	r3, [r2]	@ movhi
 340:Core/Src/z_displ_ST7735.c **** 		_xstart = _colstart;
 649              		.loc 1 340 3 is_stmt 1 view .LVU161
 340:Core/Src/z_displ_ST7735.c **** 		_xstart = _colstart;
 650              		.loc 1 340 10 is_stmt 0 view .LVU162
 651 0076 0F4A     		ldr	r2, .L50+4
 652 0078 1380     		strh	r3, [r2]	@ movhi
ARM GAS  C:\Users\zhmis\AppData\Local\Temp\ccb1Q8bk.s 			page 25


 341:Core/Src/z_displ_ST7735.c **** 		_ystart = _rowstart;
 653              		.loc 1 341 3 is_stmt 1 view .LVU163
 341:Core/Src/z_displ_ST7735.c **** 		_ystart = _rowstart;
 654              		.loc 1 341 11 is_stmt 0 view .LVU164
 655 007a 0F4B     		ldr	r3, .L50+8
 656 007c 1A78     		ldrb	r2, [r3]	@ zero_extendqisi2
 657 007e 0F4B     		ldr	r3, .L50+12
 658 0080 1A70     		strb	r2, [r3]
 342:Core/Src/z_displ_ST7735.c **** #endif
 659              		.loc 1 342 3 is_stmt 1 view .LVU165
 342:Core/Src/z_displ_ST7735.c **** #endif
 660              		.loc 1 342 11 is_stmt 0 view .LVU166
 661 0082 0F4B     		ldr	r3, .L50+16
 662 0084 1A78     		ldrb	r2, [r3]	@ zero_extendqisi2
 663 0086 0F4B     		ldr	r3, .L50+20
 664 0088 1A70     		strb	r2, [r3]
 344:Core/Src/z_displ_ST7735.c **** 	case Displ_Orientat_270:
 665              		.loc 1 344 3 is_stmt 1 view .LVU167
 666 008a D4E7     		b	.L42
 667              	.L43:
 349:Core/Src/z_displ_ST7735.c **** 		_width = ST7735_HEIGHT;
 668              		.loc 1 349 3 view .LVU168
 349:Core/Src/z_displ_ST7735.c **** 		_width = ST7735_HEIGHT;
 669              		.loc 1 349 10 is_stmt 0 view .LVU169
 670 008c 6023     		movs	r3, #96
 671 008e 8DF80730 		strb	r3, [sp, #7]
 350:Core/Src/z_displ_ST7735.c **** 		_height = ST7735_WIDTH;
 672              		.loc 1 350 3 is_stmt 1 view .LVU170
 350:Core/Src/z_displ_ST7735.c **** 		_height = ST7735_WIDTH;
 673              		.loc 1 350 10 is_stmt 0 view .LVU171
 674 0092 8023     		movs	r3, #128
 675 0094 074A     		ldr	r2, .L50+4
 676 0096 1380     		strh	r3, [r2]	@ movhi
 351:Core/Src/z_displ_ST7735.c **** 		_ystart = _colstart;
 677              		.loc 1 351 3 is_stmt 1 view .LVU172
 351:Core/Src/z_displ_ST7735.c **** 		_ystart = _colstart;
 678              		.loc 1 351 11 is_stmt 0 view .LVU173
 679 0098 054A     		ldr	r2, .L50
 680 009a 1380     		strh	r3, [r2]	@ movhi
 352:Core/Src/z_displ_ST7735.c **** 		_xstart = _rowstart;
 681              		.loc 1 352 3 is_stmt 1 view .LVU174
 352:Core/Src/z_displ_ST7735.c **** 		_xstart = _rowstart;
 682              		.loc 1 352 11 is_stmt 0 view .LVU175
 683 009c 064B     		ldr	r3, .L50+8
 684 009e 1A78     		ldrb	r2, [r3]	@ zero_extendqisi2
 685 00a0 084B     		ldr	r3, .L50+20
 686 00a2 1A70     		strb	r2, [r3]
 353:Core/Src/z_displ_ST7735.c **** #endif
 687              		.loc 1 353 3 is_stmt 1 view .LVU176
 353:Core/Src/z_displ_ST7735.c **** #endif
 688              		.loc 1 353 11 is_stmt 0 view .LVU177
 689 00a4 064B     		ldr	r3, .L50+16
 690 00a6 1A78     		ldrb	r2, [r3]	@ zero_extendqisi2
 691 00a8 044B     		ldr	r3, .L50+12
 692 00aa 1A70     		strb	r2, [r3]
 355:Core/Src/z_displ_ST7735.c **** 	}
 693              		.loc 1 355 3 is_stmt 1 view .LVU178
ARM GAS  C:\Users\zhmis\AppData\Local\Temp\ccb1Q8bk.s 			page 26


 694 00ac C3E7     		b	.L42
 695              	.L51:
 696 00ae 00BF     		.align	2
 697              	.L50:
 698 00b0 00000000 		.word	_height
 699 00b4 00000000 		.word	_width
 700 00b8 00000000 		.word	_colstart
 701 00bc 00000000 		.word	_xstart
 702 00c0 00000000 		.word	_rowstart
 703 00c4 00000000 		.word	_ystart
 704              		.cfi_endproc
 705              	.LFE143:
 707              		.section	.text.ST7735_Init,"ax",%progbits
 708              		.align	1
 709              		.global	ST7735_Init
 710              		.syntax unified
 711              		.thumb
 712              		.thumb_func
 714              	ST7735_Init:
 715              	.LVL63:
 716              	.LFB144:
 362:Core/Src/z_displ_ST7735.c **** 
 363:Core/Src/z_displ_ST7735.c **** 
 364:Core/Src/z_displ_ST7735.c **** 
 365:Core/Src/z_displ_ST7735.c **** 
 366:Core/Src/z_displ_ST7735.c **** void ST7735_Init(Displ_Orientat_e orientation)
 367:Core/Src/z_displ_ST7735.c **** {
 717              		.loc 1 367 1 view -0
 718              		.cfi_startproc
 719              		@ args = 0, pretend = 0, frame = 0
 720              		@ frame_needed = 0, uses_anonymous_args = 0
 721              		.loc 1 367 1 is_stmt 0 view .LVU180
 722 0000 10B5     		push	{r4, lr}
 723              		.cfi_def_cfa_offset 8
 724              		.cfi_offset 4, -8
 725              		.cfi_offset 14, -4
 726 0002 0446     		mov	r4, r0
 368:Core/Src/z_displ_ST7735.c **** 	ST7735_Reset();
 727              		.loc 1 368 2 is_stmt 1 view .LVU181
 728 0004 FFF7FEFF 		bl	ST7735_Reset
 729              	.LVL64:
 369:Core/Src/z_displ_ST7735.c **** 	ST7735_InitCmds(init_cmds1);
 730              		.loc 1 369 2 view .LVU182
 731 0008 0948     		ldr	r0, .L54
 732 000a FFF7FEFF 		bl	ST7735_InitCmds
 733              	.LVL65:
 370:Core/Src/z_displ_ST7735.c **** 	ST7735_InitCmds(init_cmds2);
 734              		.loc 1 370 2 view .LVU183
 735 000e 0948     		ldr	r0, .L54+4
 736 0010 FFF7FEFF 		bl	ST7735_InitCmds
 737              	.LVL66:
 371:Core/Src/z_displ_ST7735.c **** 	ST7735_InitCmds(init_cmds3);
 738              		.loc 1 371 2 view .LVU184
 739 0014 0848     		ldr	r0, .L54+8
 740 0016 FFF7FEFF 		bl	ST7735_InitCmds
 741              	.LVL67:
 372:Core/Src/z_displ_ST7735.c **** #if ST7735_IS_160X80
ARM GAS  C:\Users\zhmis\AppData\Local\Temp\ccb1Q8bk.s 			page 27


 373:Core/Src/z_displ_ST7735.c **** 	_colstart = 24;
 374:Core/Src/z_displ_ST7735.c **** 	_rowstart = 0;
 375:Core/Src/z_displ_ST7735.c **** 	uint8_t data = 0xC0;
 376:Core/Src/z_displ_ST7735.c **** 	Displ_WriteCommand(ST7735_MADCTL);
 377:Core/Src/z_displ_ST7735.c **** 	Displ_WriteData(&data,1);
 378:Core/Src/z_displ_ST7735.c **** 
 379:Core/Src/z_displ_ST7735.c **** #elif ST7735_IS_128X128
 380:Core/Src/z_displ_ST7735.c **** 	_colstart = 2;
 742              		.loc 1 380 2 view .LVU185
 743              		.loc 1 380 12 is_stmt 0 view .LVU186
 744 001a 084B     		ldr	r3, .L54+12
 745 001c 0222     		movs	r2, #2
 746 001e 1A70     		strb	r2, [r3]
 381:Core/Src/z_displ_ST7735.c **** 	_rowstart = 3;
 747              		.loc 1 381 2 is_stmt 1 view .LVU187
 748              		.loc 1 381 12 is_stmt 0 view .LVU188
 749 0020 074B     		ldr	r3, .L54+16
 750 0022 0322     		movs	r2, #3
 751 0024 1A70     		strb	r2, [r3]
 382:Core/Src/z_displ_ST7735.c **** #else
 383:Core/Src/z_displ_ST7735.c **** 	_colstart = 0;
 384:Core/Src/z_displ_ST7735.c **** 	_rowstart = 0;
 385:Core/Src/z_displ_ST7735.c **** #endif
 386:Core/Src/z_displ_ST7735.c **** 	ST7735_SetRotation (orientation);
 752              		.loc 1 386 2 is_stmt 1 view .LVU189
 753 0026 2046     		mov	r0, r4
 754 0028 FFF7FEFF 		bl	ST7735_SetRotation
 755              	.LVL68:
 387:Core/Src/z_displ_ST7735.c **** 
 388:Core/Src/z_displ_ST7735.c **** }
 756              		.loc 1 388 1 is_stmt 0 view .LVU190
 757 002c 10BD     		pop	{r4, pc}
 758              	.LVL69:
 759              	.L55:
 760              		.loc 1 388 1 view .LVU191
 761 002e 00BF     		.align	2
 762              	.L54:
 763 0030 00000000 		.word	init_cmds1
 764 0034 00000000 		.word	init_cmds2
 765 0038 00000000 		.word	init_cmds3
 766 003c 00000000 		.word	_colstart
 767 0040 00000000 		.word	_rowstart
 768              		.cfi_endproc
 769              	.LFE144:
 771              		.section	.text.ST7735_DrawImage,"ax",%progbits
 772              		.align	1
 773              		.global	ST7735_DrawImage
 774              		.syntax unified
 775              		.thumb
 776              		.thumb_func
 778              	ST7735_DrawImage:
 779              	.LVL70:
 780              	.LFB145:
 389:Core/Src/z_displ_ST7735.c **** 
 390:Core/Src/z_displ_ST7735.c **** 
 391:Core/Src/z_displ_ST7735.c **** 
 392:Core/Src/z_displ_ST7735.c **** 
ARM GAS  C:\Users\zhmis\AppData\Local\Temp\ccb1Q8bk.s 			page 28


 393:Core/Src/z_displ_ST7735.c **** 
 394:Core/Src/z_displ_ST7735.c **** 
 395:Core/Src/z_displ_ST7735.c **** 
 396:Core/Src/z_displ_ST7735.c **** 
 397:Core/Src/z_displ_ST7735.c **** void ST7735_DrawImage(uint16_t x, uint16_t y, uint16_t w, uint16_t h, const uint16_t* data) {
 781              		.loc 1 397 93 is_stmt 1 view -0
 782              		.cfi_startproc
 783              		@ args = 4, pretend = 0, frame = 0
 784              		@ frame_needed = 0, uses_anonymous_args = 0
 785              		.loc 1 397 93 is_stmt 0 view .LVU193
 786 0000 70B5     		push	{r4, r5, r6, lr}
 787              		.cfi_def_cfa_offset 16
 788              		.cfi_offset 4, -16
 789              		.cfi_offset 5, -12
 790              		.cfi_offset 6, -8
 791              		.cfi_offset 14, -4
 398:Core/Src/z_displ_ST7735.c ****   if((x >= _width) || (y >= _height)) return;
 792              		.loc 1 398 3 is_stmt 1 view .LVU194
 793              		.loc 1 398 9 is_stmt 0 view .LVU195
 794 0002 134C     		ldr	r4, .L60
 795 0004 B4F900C0 		ldrsh	ip, [r4]
 796              		.loc 1 398 5 view .LVU196
 797 0008 6045     		cmp	r0, ip
 798 000a 0CDA     		bge	.L56
 799 000c 1546     		mov	r5, r2
 800 000e 1E46     		mov	r6, r3
 801              		.loc 1 398 26 discriminator 2 view .LVU197
 802 0010 104B     		ldr	r3, .L60+4
 803              	.LVL71:
 804              		.loc 1 398 26 discriminator 2 view .LVU198
 805 0012 B3F90030 		ldrsh	r3, [r3]
 806              		.loc 1 398 20 discriminator 2 view .LVU199
 807 0016 9942     		cmp	r1, r3
 808 0018 05DA     		bge	.L56
 399:Core/Src/z_displ_ST7735.c ****   if((x + w - 1) >= _width) return;
 809              		.loc 1 399 3 is_stmt 1 view .LVU200
 810              		.loc 1 399 9 is_stmt 0 view .LVU201
 811 001a 0244     		add	r2, r2, r0
 812              	.LVL72:
 813              		.loc 1 399 5 view .LVU202
 814 001c 9445     		cmp	ip, r2
 815 001e 02DB     		blt	.L56
 400:Core/Src/z_displ_ST7735.c ****   if((y + h - 1) >= _height) return;
 816              		.loc 1 400 3 is_stmt 1 view .LVU203
 817              		.loc 1 400 9 is_stmt 0 view .LVU204
 818 0020 7218     		adds	r2, r6, r1
 819              		.loc 1 400 5 view .LVU205
 820 0022 9342     		cmp	r3, r2
 821 0024 00DA     		bge	.L59
 822              	.LVL73:
 823              	.L56:
 401:Core/Src/z_displ_ST7735.c **** 
 402:Core/Src/z_displ_ST7735.c ****   ST7735_SetAddressWindow(x, y, x+w-1, y+h-1);
 403:Core/Src/z_displ_ST7735.c ****   Displ_WriteData((uint8_t*)data, sizeof(uint16_t)*w*h,0);
 404:Core/Src/z_displ_ST7735.c **** }
 824              		.loc 1 404 1 view .LVU206
 825 0026 70BD     		pop	{r4, r5, r6, pc}
ARM GAS  C:\Users\zhmis\AppData\Local\Temp\ccb1Q8bk.s 			page 29


 826              	.LVL74:
 827              	.L59:
 402:Core/Src/z_displ_ST7735.c ****   Displ_WriteData((uint8_t*)data, sizeof(uint16_t)*w*h,0);
 828              		.loc 1 402 3 is_stmt 1 view .LVU207
 829 0028 C0B2     		uxtb	r0, r0
 830              	.LVL75:
 402:Core/Src/z_displ_ST7735.c ****   Displ_WriteData((uint8_t*)data, sizeof(uint16_t)*w*h,0);
 831              		.loc 1 402 3 is_stmt 0 view .LVU208
 832 002a C9B2     		uxtb	r1, r1
 833              	.LVL76:
 402:Core/Src/z_displ_ST7735.c ****   Displ_WriteData((uint8_t*)data, sizeof(uint16_t)*w*h,0);
 834              		.loc 1 402 34 view .LVU209
 835 002c 4219     		adds	r2, r0, r5
 836 002e D2B2     		uxtb	r2, r2
 402:Core/Src/z_displ_ST7735.c ****   Displ_WriteData((uint8_t*)data, sizeof(uint16_t)*w*h,0);
 837              		.loc 1 402 41 view .LVU210
 838 0030 8B19     		adds	r3, r1, r6
 839 0032 DBB2     		uxtb	r3, r3
 402:Core/Src/z_displ_ST7735.c ****   Displ_WriteData((uint8_t*)data, sizeof(uint16_t)*w*h,0);
 840              		.loc 1 402 3 view .LVU211
 841 0034 013B     		subs	r3, r3, #1
 842 0036 013A     		subs	r2, r2, #1
 843 0038 DBB2     		uxtb	r3, r3
 844 003a D2B2     		uxtb	r2, r2
 845 003c FFF7FEFF 		bl	ST7735_SetAddressWindow
 846              	.LVL77:
 403:Core/Src/z_displ_ST7735.c **** }
 847              		.loc 1 403 3 is_stmt 1 view .LVU212
 403:Core/Src/z_displ_ST7735.c **** }
 848              		.loc 1 403 53 is_stmt 0 view .LVU213
 849 0040 06FB05F1 		mul	r1, r6, r5
 403:Core/Src/z_displ_ST7735.c **** }
 850              		.loc 1 403 3 view .LVU214
 851 0044 0022     		movs	r2, #0
 852 0046 4900     		lsls	r1, r1, #1
 853 0048 0498     		ldr	r0, [sp, #16]
 854 004a FFF7FEFF 		bl	Displ_WriteData
 855              	.LVL78:
 856 004e EAE7     		b	.L56
 857              	.L61:
 858              		.align	2
 859              	.L60:
 860 0050 00000000 		.word	_width
 861 0054 00000000 		.word	_height
 862              		.cfi_endproc
 863              	.LFE145:
 865              		.section	.text.ST7735_InvertColors,"ax",%progbits
 866              		.align	1
 867              		.global	ST7735_InvertColors
 868              		.syntax unified
 869              		.thumb
 870              		.thumb_func
 872              	ST7735_InvertColors:
 873              	.LVL79:
 874              	.LFB146:
 405:Core/Src/z_displ_ST7735.c **** 
 406:Core/Src/z_displ_ST7735.c **** 
ARM GAS  C:\Users\zhmis\AppData\Local\Temp\ccb1Q8bk.s 			page 30


 407:Core/Src/z_displ_ST7735.c **** void ST7735_InvertColors(uint8_t invert) {
 875              		.loc 1 407 42 is_stmt 1 view -0
 876              		.cfi_startproc
 877              		@ args = 0, pretend = 0, frame = 0
 878              		@ frame_needed = 0, uses_anonymous_args = 0
 879              		.loc 1 407 42 is_stmt 0 view .LVU216
 880 0000 08B5     		push	{r3, lr}
 881              		.cfi_def_cfa_offset 8
 882              		.cfi_offset 3, -8
 883              		.cfi_offset 14, -4
 408:Core/Src/z_displ_ST7735.c ****   Displ_WriteCommand(invert ? ST7735_INVON : ST7735_INVOFF);
 884              		.loc 1 408 3 is_stmt 1 view .LVU217
 885 0002 18B1     		cbz	r0, .L64
 886              		.loc 1 408 3 is_stmt 0 discriminator 1 view .LVU218
 887 0004 2120     		movs	r0, #33
 888              	.LVL80:
 889              	.L63:
 890              		.loc 1 408 3 discriminator 4 view .LVU219
 891 0006 FFF7FEFF 		bl	Displ_WriteCommand
 892              	.LVL81:
 409:Core/Src/z_displ_ST7735.c **** }
 893              		.loc 1 409 1 view .LVU220
 894 000a 08BD     		pop	{r3, pc}
 895              	.LVL82:
 896              	.L64:
 408:Core/Src/z_displ_ST7735.c ****   Displ_WriteCommand(invert ? ST7735_INVON : ST7735_INVOFF);
 897              		.loc 1 408 3 discriminator 2 view .LVU221
 898 000c 2020     		movs	r0, #32
 899              	.LVL83:
 408:Core/Src/z_displ_ST7735.c ****   Displ_WriteCommand(invert ? ST7735_INVON : ST7735_INVOFF);
 900              		.loc 1 408 3 discriminator 2 view .LVU222
 901 000e FAE7     		b	.L63
 902              		.cfi_endproc
 903              	.LFE146:
 905              		.section	.text.Displ_FillArea,"ax",%progbits
 906              		.align	1
 907              		.global	Displ_FillArea
 908              		.syntax unified
 909              		.thumb
 910              		.thumb_func
 912              	Displ_FillArea:
 913              	.LVL84:
 914              	.LFB147:
 410:Core/Src/z_displ_ST7735.c **** 
 411:Core/Src/z_displ_ST7735.c **** 
 412:Core/Src/z_displ_ST7735.c **** 
 413:Core/Src/z_displ_ST7735.c **** 
 414:Core/Src/z_displ_ST7735.c **** 
 415:Core/Src/z_displ_ST7735.c **** 
 416:Core/Src/z_displ_ST7735.c **** 
 417:Core/Src/z_displ_ST7735.c **** 
 418:Core/Src/z_displ_ST7735.c **** 
 419:Core/Src/z_displ_ST7735.c **** 
 420:Core/Src/z_displ_ST7735.c **** /*****************************
 421:Core/Src/z_displ_ST7735.c ****  * @brief	fill a rectangle with a color
 422:Core/Src/z_displ_ST7735.c ****  * @param	x, y	top left corner of the rectangle
 423:Core/Src/z_displ_ST7735.c ****  * 			w, h 	width and height of the rectangle
ARM GAS  C:\Users\zhmis\AppData\Local\Temp\ccb1Q8bk.s 			page 31


 424:Core/Src/z_displ_ST7735.c ****  ******************************/
 425:Core/Src/z_displ_ST7735.c **** void Displ_FillArea(uint16_t x, uint16_t y, uint16_t w, uint16_t h, uint16_t color) {
 915              		.loc 1 425 85 is_stmt 1 view -0
 916              		.cfi_startproc
 917              		@ args = 4, pretend = 0, frame = 0
 918              		@ frame_needed = 0, uses_anonymous_args = 0
 919              		.loc 1 425 85 is_stmt 0 view .LVU224
 920 0000 F8B5     		push	{r3, r4, r5, r6, r7, lr}
 921              		.cfi_def_cfa_offset 24
 922              		.cfi_offset 3, -24
 923              		.cfi_offset 4, -20
 924              		.cfi_offset 5, -16
 925              		.cfi_offset 6, -12
 926              		.cfi_offset 7, -8
 927              		.cfi_offset 14, -4
 928 0002 BDF81850 		ldrh	r5, [sp, #24]
 426:Core/Src/z_displ_ST7735.c **** 	uint16_t k,x1,y1,area,times;
 929              		.loc 1 426 2 is_stmt 1 view .LVU225
 427:Core/Src/z_displ_ST7735.c **** 
 428:Core/Src/z_displ_ST7735.c **** 	uint32_t data32;
 930              		.loc 1 428 2 view .LVU226
 429:Core/Src/z_displ_ST7735.c **** 
 430:Core/Src/z_displ_ST7735.c ****     if((x >= _width) || (y >= _height) || (w == 0) || (h == 0)) return;//
 931              		.loc 1 430 5 view .LVU227
 932              		.loc 1 430 11 is_stmt 0 view .LVU228
 933 0006 2F4C     		ldr	r4, .L80
 934 0008 B4F90060 		ldrsh	r6, [r4]
 935              		.loc 1 430 7 view .LVU229
 936 000c B042     		cmp	r0, r6
 937 000e 56DA     		bge	.L66
 938              		.loc 1 430 28 discriminator 2 view .LVU230
 939 0010 2D4C     		ldr	r4, .L80+4
 940 0012 B4F90040 		ldrsh	r4, [r4]
 941              		.loc 1 430 22 discriminator 2 view .LVU231
 942 0016 A142     		cmp	r1, r4
 943 0018 51DA     		bge	.L66
 944              		.loc 1 430 40 discriminator 4 view .LVU232
 945 001a 002A     		cmp	r2, #0
 946 001c 4FD0     		beq	.L66
 947              		.loc 1 430 52 discriminator 6 view .LVU233
 948 001e 002B     		cmp	r3, #0
 949 0020 4DD0     		beq	.L66
 431:Core/Src/z_displ_ST7735.c **** 
 432:Core/Src/z_displ_ST7735.c ****     x1=x + w - 1;
 950              		.loc 1 432 5 is_stmt 1 view .LVU234
 951              		.loc 1 432 10 is_stmt 0 view .LVU235
 952 0022 0244     		add	r2, r2, r0
 953              	.LVL85:
 954              		.loc 1 432 10 view .LVU236
 955 0024 92B2     		uxth	r2, r2
 956              		.loc 1 432 7 view .LVU237
 957 0026 013A     		subs	r2, r2, #1
 958 0028 92B2     		uxth	r2, r2
 959              	.LVL86:
 433:Core/Src/z_displ_ST7735.c ****     if (x1 > _width) {
 960              		.loc 1 433 5 is_stmt 1 view .LVU238
 961              		.loc 1 433 8 is_stmt 0 view .LVU239
ARM GAS  C:\Users\zhmis\AppData\Local\Temp\ccb1Q8bk.s 			page 32


 962 002a 9642     		cmp	r6, r2
 963 002c 00DA     		bge	.L68
 434:Core/Src/z_displ_ST7735.c ****     	x1=_width;
 964              		.loc 1 434 6 is_stmt 1 view .LVU240
 965              		.loc 1 434 8 is_stmt 0 view .LVU241
 966 002e B2B2     		uxth	r2, r6
 967              	.LVL87:
 968              	.L68:
 435:Core/Src/z_displ_ST7735.c ****     }
 436:Core/Src/z_displ_ST7735.c **** 
 437:Core/Src/z_displ_ST7735.c ****     y1=y + h - 1;
 969              		.loc 1 437 5 is_stmt 1 view .LVU242
 970              		.loc 1 437 10 is_stmt 0 view .LVU243
 971 0030 0B44     		add	r3, r3, r1
 972              	.LVL88:
 973              		.loc 1 437 10 view .LVU244
 974 0032 9BB2     		uxth	r3, r3
 975              		.loc 1 437 7 view .LVU245
 976 0034 013B     		subs	r3, r3, #1
 977 0036 9BB2     		uxth	r3, r3
 978              	.LVL89:
 438:Core/Src/z_displ_ST7735.c ****     if (y1 > _height) {
 979              		.loc 1 438 5 is_stmt 1 view .LVU246
 980              		.loc 1 438 8 is_stmt 0 view .LVU247
 981 0038 9C42     		cmp	r4, r3
 982 003a 00DA     		bge	.L69
 439:Core/Src/z_displ_ST7735.c ****     	y1=_height;
 983              		.loc 1 439 6 is_stmt 1 view .LVU248
 984              		.loc 1 439 8 is_stmt 0 view .LVU249
 985 003c A3B2     		uxth	r3, r4
 986              	.LVL90:
 987              	.L69:
 440:Core/Src/z_displ_ST7735.c ****     }
 441:Core/Src/z_displ_ST7735.c **** 
 442:Core/Src/z_displ_ST7735.c **** 
 443:Core/Src/z_displ_ST7735.c **** 	data32=(color>>8) | (color<<8) | (color<<24); 	// supposing color is 0xABCD, data32 becomes 0xCDAB
 988              		.loc 1 443 2 is_stmt 1 view .LVU250
 989              		.loc 1 443 28 is_stmt 0 view .LVU251
 990 003e 2F02     		lsls	r7, r5, #8
 991              		.loc 1 443 33 view .LVU252
 992 0040 47EA3527 		orr	r7, r7, r5, ror #8
 993              	.LVL91:
 444:Core/Src/z_displ_ST7735.c ****     area=((y1-y+1)*(x1-x+1)); 						// area to fill in 16bit pixels
 994              		.loc 1 444 5 is_stmt 1 view .LVU253
 995              		.loc 1 444 14 is_stmt 0 view .LVU254
 996 0044 5D1A     		subs	r5, r3, r1
 997              		.loc 1 444 16 view .LVU255
 998 0046 0135     		adds	r5, r5, #1
 999              		.loc 1 444 23 view .LVU256
 1000 0048 141A     		subs	r4, r2, r0
 1001              		.loc 1 444 25 view .LVU257
 1002 004a 0134     		adds	r4, r4, #1
 1003              		.loc 1 444 9 view .LVU258
 1004 004c 15FB04F5 		smulbb	r5, r5, r4
 1005 0050 ADB2     		uxth	r5, r5
 1006              	.LVL92:
 445:Core/Src/z_displ_ST7735.c **** 	uint32_t *buf32Pos=(uint32_t *)dispBuffer; 		//dispBuffer defined in bytes, buf32Pos access it as 
ARM GAS  C:\Users\zhmis\AppData\Local\Temp\ccb1Q8bk.s 			page 33


 1007              		.loc 1 445 2 is_stmt 1 view .LVU259
 1008              		.loc 1 445 12 is_stmt 0 view .LVU260
 1009 0052 1E4C     		ldr	r4, .L80+8
 1010 0054 D4F800C0 		ldr	ip, [r4]
 1011              	.LVL93:
 446:Core/Src/z_displ_ST7735.c **** 	if (area<(SIZEBUF>>1)) 							// if area is smaller than dispBuffer
 1012              		.loc 1 446 2 is_stmt 1 view .LVU261
 1013              		.loc 1 446 5 is_stmt 0 view .LVU262
 1014 0058 B5F5806F 		cmp	r5, #1024
 1015 005c 03D2     		bcs	.L76
 447:Core/Src/z_displ_ST7735.c **** 		times=(area>>1)+1; 							// number of times data32 has to be loaded into buffer
 1016              		.loc 1 447 3 is_stmt 1 view .LVU263
 1017              		.loc 1 447 18 is_stmt 0 view .LVU264
 1018 005e 6E08     		lsrs	r6, r5, #1
 1019              		.loc 1 447 8 view .LVU265
 1020 0060 0136     		adds	r6, r6, #1
 1021              	.LVL94:
 1022              	.L70:
 448:Core/Src/z_displ_ST7735.c **** 	else
 449:Core/Src/z_displ_ST7735.c **** 		times=(SIZEBUF>>2);  						// dispBuffer size as 32bit-words
 450:Core/Src/z_displ_ST7735.c **** 	for (k = 0; k < times; k++)
 1023              		.loc 1 450 2 is_stmt 1 view .LVU266
 1024              		.loc 1 450 9 is_stmt 0 view .LVU267
 1025 0062 0024     		movs	r4, #0
 1026              		.loc 1 450 2 view .LVU268
 1027 0064 06E0     		b	.L71
 1028              	.LVL95:
 1029              	.L76:
 449:Core/Src/z_displ_ST7735.c **** 	for (k = 0; k < times; k++)
 1030              		.loc 1 449 8 view .LVU269
 1031 0066 4FF40076 		mov	r6, #512
 1032 006a FAE7     		b	.L70
 1033              	.LVL96:
 1034              	.L72:
 451:Core/Src/z_displ_ST7735.c **** 		*(buf32Pos++)=data32; 						// loads buffer moving 32bit-words
 1035              		.loc 1 451 3 is_stmt 1 view .LVU270
 1036              		.loc 1 451 16 is_stmt 0 view .LVU271
 1037 006c 4CF8047B 		str	r7, [ip], #4
 1038              	.LVL97:
 450:Core/Src/z_displ_ST7735.c **** 		*(buf32Pos++)=data32; 						// loads buffer moving 32bit-words
 1039              		.loc 1 450 26 is_stmt 1 discriminator 3 view .LVU272
 1040 0070 0134     		adds	r4, r4, #1
 1041              	.LVL98:
 450:Core/Src/z_displ_ST7735.c **** 		*(buf32Pos++)=data32; 						// loads buffer moving 32bit-words
 1042              		.loc 1 450 26 is_stmt 0 discriminator 3 view .LVU273
 1043 0072 A4B2     		uxth	r4, r4
 1044              	.LVL99:
 1045              	.L71:
 450:Core/Src/z_displ_ST7735.c **** 		*(buf32Pos++)=data32; 						// loads buffer moving 32bit-words
 1046              		.loc 1 450 16 is_stmt 1 discriminator 1 view .LVU274
 1047 0074 B442     		cmp	r4, r6
 1048 0076 F9D3     		bcc	.L72
 452:Core/Src/z_displ_ST7735.c **** 	times=(area>>(BUFLEVEL-1));  					//how many times buffer must be sent via SPI. It is (BUFFLEVEL-1
 1049              		.loc 1 452 2 view .LVU275
 1050              		.loc 1 452 7 is_stmt 0 view .LVU276
 1051 0078 AE0A     		lsrs	r6, r5, #10
 1052              	.LVL100:
ARM GAS  C:\Users\zhmis\AppData\Local\Temp\ccb1Q8bk.s 			page 34


 453:Core/Src/z_displ_ST7735.c **** 
 454:Core/Src/z_displ_ST7735.c **** 	ST7735_SetAddressWindow(x, y, x1, y1);
 1053              		.loc 1 454 2 is_stmt 1 view .LVU277
 1054 007a DBB2     		uxtb	r3, r3
 1055              	.LVL101:
 1056              		.loc 1 454 2 is_stmt 0 view .LVU278
 1057 007c D2B2     		uxtb	r2, r2
 1058              	.LVL102:
 1059              		.loc 1 454 2 view .LVU279
 1060 007e C9B2     		uxtb	r1, r1
 1061              	.LVL103:
 1062              		.loc 1 454 2 view .LVU280
 1063 0080 C0B2     		uxtb	r0, r0
 1064              	.LVL104:
 1065              		.loc 1 454 2 view .LVU281
 1066 0082 FFF7FEFF 		bl	ST7735_SetAddressWindow
 1067              	.LVL105:
 455:Core/Src/z_displ_ST7735.c **** 
 456:Core/Src/z_displ_ST7735.c **** 	for  (k=0;k<times;k++) {
 1068              		.loc 1 456 2 is_stmt 1 view .LVU282
 1069              		.loc 1 456 9 is_stmt 0 view .LVU283
 1070 0086 0024     		movs	r4, #0
 1071              		.loc 1 456 2 view .LVU284
 1072 0088 08E0     		b	.L73
 1073              	.LVL106:
 1074              	.L74:
 457:Core/Src/z_displ_ST7735.c **** 		Displ_WriteData(dispBuffer,SIZEBUF,0);
 1075              		.loc 1 457 3 is_stmt 1 view .LVU285
 1076 008a 0022     		movs	r2, #0
 1077 008c 4FF40061 		mov	r1, #2048
 1078 0090 0E4B     		ldr	r3, .L80+8
 1079 0092 1868     		ldr	r0, [r3]
 1080 0094 FFF7FEFF 		bl	Displ_WriteData
 1081              	.LVL107:
 456:Core/Src/z_displ_ST7735.c **** 		Displ_WriteData(dispBuffer,SIZEBUF,0);
 1082              		.loc 1 456 21 discriminator 3 view .LVU286
 1083 0098 0134     		adds	r4, r4, #1
 1084              	.LVL108:
 456:Core/Src/z_displ_ST7735.c **** 		Displ_WriteData(dispBuffer,SIZEBUF,0);
 1085              		.loc 1 456 21 is_stmt 0 discriminator 3 view .LVU287
 1086 009a A4B2     		uxth	r4, r4
 1087              	.LVL109:
 1088              	.L73:
 456:Core/Src/z_displ_ST7735.c **** 		Displ_WriteData(dispBuffer,SIZEBUF,0);
 1089              		.loc 1 456 13 is_stmt 1 discriminator 1 view .LVU288
 1090 009c B442     		cmp	r4, r6
 1091 009e F4D3     		bcc	.L74
 458:Core/Src/z_displ_ST7735.c **** 	}
 459:Core/Src/z_displ_ST7735.c **** 	Displ_WriteData(dispBuffer,(area<<1)-(times<<BUFLEVEL),0);
 1092              		.loc 1 459 2 view .LVU289
 1093              		.loc 1 459 45 is_stmt 0 view .LVU290
 1094 00a0 F102     		lsls	r1, r6, #11
 1095              		.loc 1 459 2 view .LVU291
 1096 00a2 0A4C     		ldr	r4, .L80+8
 1097              	.LVL110:
 1098              		.loc 1 459 2 view .LVU292
 1099 00a4 0022     		movs	r2, #0
ARM GAS  C:\Users\zhmis\AppData\Local\Temp\ccb1Q8bk.s 			page 35


 1100 00a6 C1EB4501 		rsb	r1, r1, r5, lsl #1
 1101 00aa 2068     		ldr	r0, [r4]
 1102 00ac FFF7FEFF 		bl	Displ_WriteData
 1103              	.LVL111:
 460:Core/Src/z_displ_ST7735.c **** 	dispBuffer = (dispBuffer==dispBuffer1 ? dispBuffer2 : dispBuffer1); // swapping buffer
 1104              		.loc 1 460 2 is_stmt 1 view .LVU293
 1105              		.loc 1 460 26 is_stmt 0 view .LVU294
 1106 00b0 2268     		ldr	r2, [r4]
 1107              		.loc 1 460 54 view .LVU295
 1108 00b2 074B     		ldr	r3, .L80+12
 1109 00b4 9A42     		cmp	r2, r3
 1110 00b6 03D0     		beq	.L79
 1111              		.loc 1 460 54 discriminator 2 view .LVU296
 1112 00b8 054A     		ldr	r2, .L80+12
 1113              	.L75:
 1114              		.loc 1 460 13 discriminator 4 view .LVU297
 1115 00ba 044B     		ldr	r3, .L80+8
 1116 00bc 1A60     		str	r2, [r3]
 1117              	.LVL112:
 1118              	.L66:
 461:Core/Src/z_displ_ST7735.c **** 
 462:Core/Src/z_displ_ST7735.c **** }
 1119              		.loc 1 462 1 view .LVU298
 1120 00be F8BD     		pop	{r3, r4, r5, r6, r7, pc}
 1121              	.LVL113:
 1122              	.L79:
 460:Core/Src/z_displ_ST7735.c **** 	dispBuffer = (dispBuffer==dispBuffer1 ? dispBuffer2 : dispBuffer1); // swapping buffer
 1123              		.loc 1 460 54 discriminator 1 view .LVU299
 1124 00c0 044A     		ldr	r2, .L80+16
 1125 00c2 FAE7     		b	.L75
 1126              	.L81:
 1127              		.align	2
 1128              	.L80:
 1129 00c4 00000000 		.word	_width
 1130 00c8 00000000 		.word	_height
 1131 00cc 00000000 		.word	dispBuffer
 1132 00d0 00000000 		.word	dispBuffer1
 1133 00d4 00000000 		.word	dispBuffer2
 1134              		.cfi_endproc
 1135              	.LFE147:
 1137              		.section	.text.Displ_Pixel,"ax",%progbits
 1138              		.align	1
 1139              		.global	Displ_Pixel
 1140              		.syntax unified
 1141              		.thumb
 1142              		.thumb_func
 1144              	Displ_Pixel:
 1145              	.LVL114:
 1146              	.LFB148:
 463:Core/Src/z_displ_ST7735.c **** 
 464:Core/Src/z_displ_ST7735.c **** 
 465:Core/Src/z_displ_ST7735.c **** 
 466:Core/Src/z_displ_ST7735.c **** 
 467:Core/Src/z_displ_ST7735.c **** 
 468:Core/Src/z_displ_ST7735.c **** /***********************
 469:Core/Src/z_displ_ST7735.c ****  * @brief	print a single pixel
 470:Core/Src/z_displ_ST7735.c ****  * @params	x, y	pixel position on display
ARM GAS  C:\Users\zhmis\AppData\Local\Temp\ccb1Q8bk.s 			page 36


 471:Core/Src/z_displ_ST7735.c ****  * 			color	... to be printed
 472:Core/Src/z_displ_ST7735.c ****  ***********************/
 473:Core/Src/z_displ_ST7735.c **** void Displ_Pixel(uint16_t x, uint16_t y, uint16_t color) {
 1147              		.loc 1 473 58 is_stmt 1 view -0
 1148              		.cfi_startproc
 1149              		@ args = 0, pretend = 0, frame = 0
 1150              		@ frame_needed = 0, uses_anonymous_args = 0
 474:Core/Src/z_displ_ST7735.c ****     if((x >= _width) || (y >= _height))
 1151              		.loc 1 474 5 view .LVU301
 1152              		.loc 1 474 11 is_stmt 0 view .LVU302
 1153 0000 0A4B     		ldr	r3, .L89
 1154 0002 B3F90030 		ldrsh	r3, [r3]
 1155              		.loc 1 474 7 view .LVU303
 1156 0006 9842     		cmp	r0, r3
 1157 0008 04DA     		bge	.L85
 1158              		.loc 1 474 28 discriminator 1 view .LVU304
 1159 000a 094B     		ldr	r3, .L89+4
 1160 000c B3F90030 		ldrsh	r3, [r3]
 1161              		.loc 1 474 22 discriminator 1 view .LVU305
 1162 0010 9942     		cmp	r1, r3
 1163 0012 00DB     		blt	.L88
 1164              	.L85:
 1165 0014 7047     		bx	lr
 1166              	.L88:
 473:Core/Src/z_displ_ST7735.c ****     if((x >= _width) || (y >= _height))
 1167              		.loc 1 473 58 view .LVU306
 1168 0016 00B5     		push	{lr}
 1169              		.cfi_def_cfa_offset 4
 1170              		.cfi_offset 14, -4
 1171 0018 83B0     		sub	sp, sp, #12
 1172              		.cfi_def_cfa_offset 16
 475:Core/Src/z_displ_ST7735.c ****         return;
 476:Core/Src/z_displ_ST7735.c ****     Displ_FillArea(x, y, 1, 1, color);
 1173              		.loc 1 476 5 is_stmt 1 view .LVU307
 1174 001a 0092     		str	r2, [sp]
 1175 001c 0123     		movs	r3, #1
 1176 001e 1A46     		mov	r2, r3
 1177              	.LVL115:
 1178              		.loc 1 476 5 is_stmt 0 view .LVU308
 1179 0020 FFF7FEFF 		bl	Displ_FillArea
 1180              	.LVL116:
 477:Core/Src/z_displ_ST7735.c **** 
 478:Core/Src/z_displ_ST7735.c **** }
 1181              		.loc 1 478 1 view .LVU309
 1182 0024 03B0     		add	sp, sp, #12
 1183              		.cfi_def_cfa_offset 4
 1184              		@ sp needed
 1185 0026 5DF804FB 		ldr	pc, [sp], #4
 1186              	.L90:
 1187 002a 00BF     		.align	2
 1188              	.L89:
 1189 002c 00000000 		.word	_width
 1190 0030 00000000 		.word	_height
 1191              		.cfi_endproc
 1192              	.LFE148:
 1194              		.section	.text.Displ_Border,"ax",%progbits
 1195              		.align	1
ARM GAS  C:\Users\zhmis\AppData\Local\Temp\ccb1Q8bk.s 			page 37


 1196              		.global	Displ_Border
 1197              		.syntax unified
 1198              		.thumb
 1199              		.thumb_func
 1201              	Displ_Border:
 1202              	.LVL117:
 1203              	.LFB149:
 479:Core/Src/z_displ_ST7735.c **** 
 480:Core/Src/z_displ_ST7735.c **** 
 481:Core/Src/z_displ_ST7735.c **** /***********************
 482:Core/Src/z_displ_ST7735.c ****  * @brief	print an empty rectangle of a given thickness
 483:Core/Src/z_displ_ST7735.c ****  * @params	x, y	top left corner
 484:Core/Src/z_displ_ST7735.c ****  * 			w, h	width and height
 485:Core/Src/z_displ_ST7735.c ****  * 			t		border thickness
 486:Core/Src/z_displ_ST7735.c ****  * 			color	border color, inner part unchanged
 487:Core/Src/z_displ_ST7735.c ****  ***********************/
 488:Core/Src/z_displ_ST7735.c **** void Displ_Border(int16_t x, int16_t y, int16_t w, int16_t h, int16_t t,  uint16_t color){
 1204              		.loc 1 488 90 is_stmt 1 view -0
 1205              		.cfi_startproc
 1206              		@ args = 8, pretend = 0, frame = 0
 1207              		@ frame_needed = 0, uses_anonymous_args = 0
 1208              		.loc 1 488 90 is_stmt 0 view .LVU311
 1209 0000 2DE9F043 		push	{r4, r5, r6, r7, r8, r9, lr}
 1210              		.cfi_def_cfa_offset 28
 1211              		.cfi_offset 4, -28
 1212              		.cfi_offset 5, -24
 1213              		.cfi_offset 6, -20
 1214              		.cfi_offset 7, -16
 1215              		.cfi_offset 8, -12
 1216              		.cfi_offset 9, -8
 1217              		.cfi_offset 14, -4
 1218 0004 83B0     		sub	sp, sp, #12
 1219              		.cfi_def_cfa_offset 40
 1220 0006 1D46     		mov	r5, r3
 1221 0008 BDF82C80 		ldrh	r8, [sp, #44]
 489:Core/Src/z_displ_ST7735.c **** 	Displ_FillArea(x, y, w, t, color);
 1222              		.loc 1 489 2 is_stmt 1 view .LVU312
 1223 000c 84B2     		uxth	r4, r0
 1224 000e 8EB2     		uxth	r6, r1
 1225 0010 1FFA82F9 		uxth	r9, r2
 1226 0014 BDF82870 		ldrh	r7, [sp, #40]
 1227 0018 CDF80080 		str	r8, [sp]
 1228 001c 3B46     		mov	r3, r7
 1229              	.LVL118:
 1230              		.loc 1 489 2 is_stmt 0 view .LVU313
 1231 001e 4A46     		mov	r2, r9
 1232              		.loc 1 489 2 view .LVU314
 1233 0020 3146     		mov	r1, r6
 1234              		.loc 1 489 2 view .LVU315
 1235 0022 2046     		mov	r0, r4
 1236              		.loc 1 489 2 view .LVU316
 1237 0024 FFF7FEFF 		bl	Displ_FillArea
 1238              	.LVL119:
 490:Core/Src/z_displ_ST7735.c **** 	Displ_FillArea(x, y+h-t, w, t, color);
 1239              		.loc 1 490 2 is_stmt 1 view .LVU317
 1240              		.loc 1 490 21 is_stmt 0 view .LVU318
 1241 0028 ADB2     		uxth	r5, r5
ARM GAS  C:\Users\zhmis\AppData\Local\Temp\ccb1Q8bk.s 			page 38


 1242              	.LVL120:
 1243              		.loc 1 490 21 view .LVU319
 1244 002a 7119     		adds	r1, r6, r5
 1245 002c 89B2     		uxth	r1, r1
 1246              		.loc 1 490 2 view .LVU320
 1247 002e C91B     		subs	r1, r1, r7
 1248 0030 CDF80080 		str	r8, [sp]
 1249 0034 3B46     		mov	r3, r7
 1250 0036 4A46     		mov	r2, r9
 1251 0038 89B2     		uxth	r1, r1
 1252 003a 2046     		mov	r0, r4
 1253 003c FFF7FEFF 		bl	Displ_FillArea
 1254              	.LVL121:
 491:Core/Src/z_displ_ST7735.c **** 	Displ_FillArea(x, y, t, h, color);
 1255              		.loc 1 491 2 is_stmt 1 view .LVU321
 1256 0040 CDF80080 		str	r8, [sp]
 1257 0044 2B46     		mov	r3, r5
 1258 0046 3A46     		mov	r2, r7
 1259 0048 3146     		mov	r1, r6
 1260 004a 2046     		mov	r0, r4
 1261 004c FFF7FEFF 		bl	Displ_FillArea
 1262              	.LVL122:
 492:Core/Src/z_displ_ST7735.c **** 	Displ_FillArea(x+w-t, y, t, h, color);
 1263              		.loc 1 492 2 view .LVU322
 1264              		.loc 1 492 18 is_stmt 0 view .LVU323
 1265 0050 04EB0900 		add	r0, r4, r9
 1266 0054 80B2     		uxth	r0, r0
 1267              		.loc 1 492 2 view .LVU324
 1268 0056 C01B     		subs	r0, r0, r7
 1269 0058 CDF80080 		str	r8, [sp]
 1270 005c 2B46     		mov	r3, r5
 1271 005e 3A46     		mov	r2, r7
 1272 0060 3146     		mov	r1, r6
 1273 0062 80B2     		uxth	r0, r0
 1274 0064 FFF7FEFF 		bl	Displ_FillArea
 1275              	.LVL123:
 493:Core/Src/z_displ_ST7735.c **** }
 1276              		.loc 1 493 1 view .LVU325
 1277 0068 03B0     		add	sp, sp, #12
 1278              		.cfi_def_cfa_offset 28
 1279              		@ sp needed
 1280 006a BDE8F083 		pop	{r4, r5, r6, r7, r8, r9, pc}
 1281              		.loc 1 493 1 view .LVU326
 1282              		.cfi_endproc
 1283              	.LFE149:
 1285              		.section	.text.Displ_Line,"ax",%progbits
 1286              		.align	1
 1287              		.global	Displ_Line
 1288              		.syntax unified
 1289              		.thumb
 1290              		.thumb_func
 1292              	Displ_Line:
 1293              	.LVL124:
 1294              	.LFB150:
 494:Core/Src/z_displ_ST7735.c **** 
 495:Core/Src/z_displ_ST7735.c **** 
 496:Core/Src/z_displ_ST7735.c **** 
ARM GAS  C:\Users\zhmis\AppData\Local\Temp\ccb1Q8bk.s 			page 39


 497:Core/Src/z_displ_ST7735.c **** /************************
 498:Core/Src/z_displ_ST7735.c ****  * @brief	draws a line from "x0","y0" to "x1","y1" of the given "color"
 499:Core/Src/z_displ_ST7735.c ****  ************************/
 500:Core/Src/z_displ_ST7735.c **** void Displ_Line(int16_t x0, int16_t y0, int16_t x1, int16_t y1, uint16_t color)
 501:Core/Src/z_displ_ST7735.c **** {
 1295              		.loc 1 501 1 is_stmt 1 view -0
 1296              		.cfi_startproc
 1297              		@ args = 4, pretend = 0, frame = 8
 1298              		@ frame_needed = 0, uses_anonymous_args = 0
 1299              		.loc 1 501 1 is_stmt 0 view .LVU328
 1300 0000 2DE9F04F 		push	{r4, r5, r6, r7, r8, r9, r10, fp, lr}
 1301              		.cfi_def_cfa_offset 36
 1302              		.cfi_offset 4, -36
 1303              		.cfi_offset 5, -32
 1304              		.cfi_offset 6, -28
 1305              		.cfi_offset 7, -24
 1306              		.cfi_offset 8, -20
 1307              		.cfi_offset 9, -16
 1308              		.cfi_offset 10, -12
 1309              		.cfi_offset 11, -8
 1310              		.cfi_offset 14, -4
 1311 0004 85B0     		sub	sp, sp, #20
 1312              		.cfi_def_cfa_offset 56
 1313 0006 0646     		mov	r6, r0
 1314 0008 0F46     		mov	r7, r1
 1315 000a 9E46     		mov	lr, r3
 1316 000c BDF838B0 		ldrh	fp, [sp, #56]
 502:Core/Src/z_displ_ST7735.c **** 	int16_t l,x,steep,ystep,err,dx, dy;
 1317              		.loc 1 502 2 is_stmt 1 view .LVU329
 503:Core/Src/z_displ_ST7735.c **** 
 504:Core/Src/z_displ_ST7735.c ****     if (x0==x1){  // fast solve vertical lines
 1318              		.loc 1 504 5 view .LVU330
 1319              		.loc 1 504 8 is_stmt 0 view .LVU331
 1320 0010 9042     		cmp	r0, r2
 1321 0012 2CD0     		beq	.L116
 1322 0014 1546     		mov	r5, r2
 505:Core/Src/z_displ_ST7735.c ****     	if (y1>y0){
 506:Core/Src/z_displ_ST7735.c ****     		Displ_FillArea(x0, y0, 1, y1-y0+1, color);
 507:Core/Src/z_displ_ST7735.c ****     	}
 508:Core/Src/z_displ_ST7735.c ****     	else {
 509:Core/Src/z_displ_ST7735.c ****     		Displ_FillArea(x0, y1, 1, y0-y1+1, color);
 510:Core/Src/z_displ_ST7735.c ****     	}
 511:Core/Src/z_displ_ST7735.c ****     	return;
 512:Core/Src/z_displ_ST7735.c ****     }
 513:Core/Src/z_displ_ST7735.c ****     if (y0==y1){ // fast solve horizontal lines
 1323              		.loc 1 513 5 is_stmt 1 view .LVU332
 1324              		.loc 1 513 8 is_stmt 0 view .LVU333
 1325 0016 9942     		cmp	r1, r3
 1326 0018 43D0     		beq	.L117
 514:Core/Src/z_displ_ST7735.c ****     	if (x1>x0)
 515:Core/Src/z_displ_ST7735.c ****     		Displ_FillArea(x0, y0, x1-x0+1, 1, color);
 516:Core/Src/z_displ_ST7735.c ****     	else
 517:Core/Src/z_displ_ST7735.c ****     		Displ_FillArea(x1, y1, x0-x1+1, 1, color);
 518:Core/Src/z_displ_ST7735.c ****     	return;
 519:Core/Src/z_displ_ST7735.c ****     }
 520:Core/Src/z_displ_ST7735.c **** 
 521:Core/Src/z_displ_ST7735.c ****     steep = (y1>y0 ? y1-y0 : y0-y1) > (x1>x0 ? x1-x0 : x0-x1);
ARM GAS  C:\Users\zhmis\AppData\Local\Temp\ccb1Q8bk.s 			page 40


 1327              		.loc 1 521 5 is_stmt 1 view .LVU334
 1328              		.loc 1 521 28 is_stmt 0 view .LVU335
 1329 001a 9942     		cmp	r1, r3
 1330 001c 5CDA     		bge	.L101
 1331              		.loc 1 521 28 discriminator 1 view .LVU336
 1332 001e A3EB0109 		sub	r9, r3, r1
 1333              	.L102:
 1334              		.loc 1 521 54 discriminator 4 view .LVU337
 1335 0022 AE42     		cmp	r6, r5
 1336 0024 5BDA     		bge	.L103
 1337              		.loc 1 521 54 discriminator 5 view .LVU338
 1338 0026 A5EB060A 		sub	r10, r5, r6
 1339              	.L104:
 1340              	.LVL125:
 522:Core/Src/z_displ_ST7735.c **** 
 523:Core/Src/z_displ_ST7735.c ****     if (steep) {
 1341              		.loc 1 523 5 is_stmt 1 view .LVU339
 1342              		.loc 1 523 8 is_stmt 0 view .LVU340
 1343 002a D145     		cmp	r9, r10
 1344 002c 05DC     		bgt	.L105
 1345 002e 7246     		mov	r2, lr
 1346              	.LVL126:
 1347              		.loc 1 523 8 view .LVU341
 1348 0030 AE46     		mov	lr, r5
 1349 0032 1546     		mov	r5, r2
 1350              	.LVL127:
 1351              		.loc 1 523 8 view .LVU342
 1352 0034 3A46     		mov	r2, r7
 1353 0036 3746     		mov	r7, r6
 1354 0038 1646     		mov	r6, r2
 1355              	.LVL128:
 1356              	.L105:
 524:Core/Src/z_displ_ST7735.c ****         _swap_int16_t(x0, y0);
 525:Core/Src/z_displ_ST7735.c ****         _swap_int16_t(x1, y1);
 1357              		.loc 1 525 30 is_stmt 1 discriminator 1 view .LVU343
 526:Core/Src/z_displ_ST7735.c ****     }
 527:Core/Src/z_displ_ST7735.c **** 
 528:Core/Src/z_displ_ST7735.c ****     if (x0 > x1) {
 1358              		.loc 1 528 5 view .LVU344
 1359              		.loc 1 528 8 is_stmt 0 view .LVU345
 1360 003a 7745     		cmp	r7, lr
 1361 003c 05DC     		bgt	.L106
 1362 003e 2A46     		mov	r2, r5
 1363 0040 3546     		mov	r5, r6
 1364              	.LVL129:
 1365              		.loc 1 528 8 view .LVU346
 1366 0042 1646     		mov	r6, r2
 1367              	.LVL130:
 1368              		.loc 1 528 8 view .LVU347
 1369 0044 7246     		mov	r2, lr
 1370              	.LVL131:
 1371              		.loc 1 528 8 view .LVU348
 1372 0046 BE46     		mov	lr, r7
 1373              	.LVL132:
 1374              		.loc 1 528 8 view .LVU349
 1375 0048 1746     		mov	r7, r2
 1376              	.LVL133:
ARM GAS  C:\Users\zhmis\AppData\Local\Temp\ccb1Q8bk.s 			page 41


 1377              	.L106:
 529:Core/Src/z_displ_ST7735.c ****         _swap_int16_t(x0, x1);
 530:Core/Src/z_displ_ST7735.c ****         _swap_int16_t(y0, y1);
 1378              		.loc 1 530 30 is_stmt 1 discriminator 1 view .LVU350
 531:Core/Src/z_displ_ST7735.c ****     }
 532:Core/Src/z_displ_ST7735.c **** 
 533:Core/Src/z_displ_ST7735.c ****     dx = x1 - x0;
 1379              		.loc 1 533 5 view .LVU351
 1380              		.loc 1 533 13 is_stmt 0 view .LVU352
 1381 004a A7EB0E0C 		sub	ip, r7, lr
 1382 004e 1FFA8CF3 		uxth	r3, ip
 1383 0052 0293     		str	r3, [sp, #8]
 1384              	.LVL134:
 534:Core/Src/z_displ_ST7735.c ****     err = dx >> 1;
 1385              		.loc 1 534 5 is_stmt 1 view .LVU353
 1386              		.loc 1 534 9 is_stmt 0 view .LVU354
 1387 0054 4CF34E0C 		sbfx	ip, ip, #1, #15
 1388              	.LVL135:
 1389              		.loc 1 534 9 view .LVU355
 1390 0058 0FFA8CFC 		sxth	ip, ip
 1391              	.LVL136:
 535:Core/Src/z_displ_ST7735.c ****     if (y0 < y1) {
 1392              		.loc 1 535 5 is_stmt 1 view .LVU356
 1393              		.loc 1 535 8 is_stmt 0 view .LVU357
 1394 005c B542     		cmp	r5, r6
 1395 005e 41DA     		bge	.L107
 536:Core/Src/z_displ_ST7735.c ****         dy = y1-y0;
 1396              		.loc 1 536 9 is_stmt 1 view .LVU358
 1397              		.loc 1 536 16 is_stmt 0 view .LVU359
 1398 0060 761B     		subs	r6, r6, r5
 1399              	.LVL137:
 1400              		.loc 1 536 12 view .LVU360
 1401 0062 36B2     		sxth	r6, r6
 1402              	.LVL138:
 537:Core/Src/z_displ_ST7735.c ****         ystep =  1 ;
 1403              		.loc 1 537 9 is_stmt 1 view .LVU361
 1404              		.loc 1 537 15 is_stmt 0 view .LVU362
 1405 0064 0123     		movs	r3, #1
 1406              	.LVL139:
 1407              		.loc 1 537 15 view .LVU363
 1408 0066 0393     		str	r3, [sp, #12]
 1409              	.LVL140:
 1410              	.L108:
 538:Core/Src/z_displ_ST7735.c ****     } else {
 539:Core/Src/z_displ_ST7735.c ****         dy = y0-y1;
 540:Core/Src/z_displ_ST7735.c ****         ystep =  -1 ;
 541:Core/Src/z_displ_ST7735.c ****     }
 542:Core/Src/z_displ_ST7735.c **** 
 543:Core/Src/z_displ_ST7735.c ****     l=00;
 1411              		.loc 1 543 5 is_stmt 1 view .LVU364
 544:Core/Src/z_displ_ST7735.c ****     for (x=x0; x<=x1; x++) {
 1412              		.loc 1 544 5 view .LVU365
 1413              		.loc 1 544 11 is_stmt 0 view .LVU366
 1414 0068 7446     		mov	r4, lr
 543:Core/Src/z_displ_ST7735.c ****     for (x=x0; x<=x1; x++) {
 1415              		.loc 1 543 6 view .LVU367
 1416 006a 0021     		movs	r1, #0
ARM GAS  C:\Users\zhmis\AppData\Local\Temp\ccb1Q8bk.s 			page 42


 1417              		.loc 1 544 5 view .LVU368
 1418 006c 56E0     		b	.L109
 1419              	.LVL141:
 1420              	.L116:
 505:Core/Src/z_displ_ST7735.c ****     		Displ_FillArea(x0, y0, 1, y1-y0+1, color);
 1421              		.loc 1 505 6 is_stmt 1 view .LVU369
 505:Core/Src/z_displ_ST7735.c ****     		Displ_FillArea(x0, y0, 1, y1-y0+1, color);
 1422              		.loc 1 505 9 is_stmt 0 view .LVU370
 1423 006e 9942     		cmp	r1, r3
 1424 0070 0BDA     		bge	.L95
 506:Core/Src/z_displ_ST7735.c ****     	}
 1425              		.loc 1 506 7 is_stmt 1 view .LVU371
 1426 0072 89B2     		uxth	r1, r1
 506:Core/Src/z_displ_ST7735.c ****     	}
 1427              		.loc 1 506 35 is_stmt 0 view .LVU372
 1428 0074 5B1A     		subs	r3, r3, r1
 1429              	.LVL142:
 506:Core/Src/z_displ_ST7735.c ****     	}
 1430              		.loc 1 506 35 view .LVU373
 1431 0076 9BB2     		uxth	r3, r3
 506:Core/Src/z_displ_ST7735.c ****     	}
 1432              		.loc 1 506 7 view .LVU374
 1433 0078 0133     		adds	r3, r3, #1
 1434 007a CDF800B0 		str	fp, [sp]
 1435 007e 9BB2     		uxth	r3, r3
 1436 0080 0122     		movs	r2, #1
 1437              	.LVL143:
 506:Core/Src/z_displ_ST7735.c ****     	}
 1438              		.loc 1 506 7 view .LVU375
 1439 0082 80B2     		uxth	r0, r0
 506:Core/Src/z_displ_ST7735.c ****     	}
 1440              		.loc 1 506 7 view .LVU376
 1441 0084 FFF7FEFF 		bl	Displ_FillArea
 1442              	.LVL144:
 506:Core/Src/z_displ_ST7735.c ****     	}
 1443              		.loc 1 506 7 view .LVU377
 1444 0088 6FE0     		b	.L93
 1445              	.LVL145:
 1446              	.L95:
 509:Core/Src/z_displ_ST7735.c ****     	}
 1447              		.loc 1 509 7 is_stmt 1 view .LVU378
 1448 008a 99B2     		uxth	r1, r3
 1449              	.LVL146:
 509:Core/Src/z_displ_ST7735.c ****     	}
 1450              		.loc 1 509 35 is_stmt 0 view .LVU379
 1451 008c 7B1A     		subs	r3, r7, r1
 1452              	.LVL147:
 509:Core/Src/z_displ_ST7735.c ****     	}
 1453              		.loc 1 509 35 view .LVU380
 1454 008e 9BB2     		uxth	r3, r3
 509:Core/Src/z_displ_ST7735.c ****     	}
 1455              		.loc 1 509 7 view .LVU381
 1456 0090 0133     		adds	r3, r3, #1
 1457 0092 CDF800B0 		str	fp, [sp]
 1458 0096 9BB2     		uxth	r3, r3
 1459 0098 0122     		movs	r2, #1
 1460              	.LVL148:
ARM GAS  C:\Users\zhmis\AppData\Local\Temp\ccb1Q8bk.s 			page 43


 509:Core/Src/z_displ_ST7735.c ****     	}
 1461              		.loc 1 509 7 view .LVU382
 1462 009a 80B2     		uxth	r0, r0
 509:Core/Src/z_displ_ST7735.c ****     	}
 1463              		.loc 1 509 7 view .LVU383
 1464 009c FFF7FEFF 		bl	Displ_FillArea
 1465              	.LVL149:
 511:Core/Src/z_displ_ST7735.c ****     }
 1466              		.loc 1 511 6 is_stmt 1 view .LVU384
 1467 00a0 63E0     		b	.L93
 1468              	.LVL150:
 1469              	.L117:
 514:Core/Src/z_displ_ST7735.c ****     		Displ_FillArea(x0, y0, x1-x0+1, 1, color);
 1470              		.loc 1 514 6 view .LVU385
 514:Core/Src/z_displ_ST7735.c ****     		Displ_FillArea(x0, y0, x1-x0+1, 1, color);
 1471              		.loc 1 514 9 is_stmt 0 view .LVU386
 1472 00a2 9042     		cmp	r0, r2
 1473 00a4 0BDA     		bge	.L99
 515:Core/Src/z_displ_ST7735.c ****     	else
 1474              		.loc 1 515 7 is_stmt 1 view .LVU387
 1475 00a6 80B2     		uxth	r0, r0
 515:Core/Src/z_displ_ST7735.c ****     	else
 1476              		.loc 1 515 32 is_stmt 0 view .LVU388
 1477 00a8 121A     		subs	r2, r2, r0
 1478              	.LVL151:
 515:Core/Src/z_displ_ST7735.c ****     	else
 1479              		.loc 1 515 32 view .LVU389
 1480 00aa 92B2     		uxth	r2, r2
 515:Core/Src/z_displ_ST7735.c ****     	else
 1481              		.loc 1 515 7 view .LVU390
 1482 00ac 0132     		adds	r2, r2, #1
 1483 00ae CDF800B0 		str	fp, [sp]
 1484 00b2 0123     		movs	r3, #1
 1485              	.LVL152:
 515:Core/Src/z_displ_ST7735.c ****     	else
 1486              		.loc 1 515 7 view .LVU391
 1487 00b4 92B2     		uxth	r2, r2
 1488 00b6 89B2     		uxth	r1, r1
 515:Core/Src/z_displ_ST7735.c ****     	else
 1489              		.loc 1 515 7 view .LVU392
 1490 00b8 FFF7FEFF 		bl	Displ_FillArea
 1491              	.LVL153:
 515:Core/Src/z_displ_ST7735.c ****     	else
 1492              		.loc 1 515 7 view .LVU393
 1493 00bc 55E0     		b	.L93
 1494              	.LVL154:
 1495              	.L99:
 517:Core/Src/z_displ_ST7735.c ****     	return;
 1496              		.loc 1 517 7 is_stmt 1 view .LVU394
 1497 00be 90B2     		uxth	r0, r2
 1498              	.LVL155:
 517:Core/Src/z_displ_ST7735.c ****     	return;
 1499              		.loc 1 517 32 is_stmt 0 view .LVU395
 1500 00c0 321A     		subs	r2, r6, r0
 1501              	.LVL156:
 517:Core/Src/z_displ_ST7735.c ****     	return;
 1502              		.loc 1 517 32 view .LVU396
ARM GAS  C:\Users\zhmis\AppData\Local\Temp\ccb1Q8bk.s 			page 44


 1503 00c2 92B2     		uxth	r2, r2
 517:Core/Src/z_displ_ST7735.c ****     	return;
 1504              		.loc 1 517 7 view .LVU397
 1505 00c4 0132     		adds	r2, r2, #1
 1506 00c6 CDF800B0 		str	fp, [sp]
 1507 00ca 0123     		movs	r3, #1
 1508              	.LVL157:
 517:Core/Src/z_displ_ST7735.c ****     	return;
 1509              		.loc 1 517 7 view .LVU398
 1510 00cc 92B2     		uxth	r2, r2
 1511 00ce 1FFA8EF1 		uxth	r1, lr
 1512              	.LVL158:
 517:Core/Src/z_displ_ST7735.c ****     	return;
 1513              		.loc 1 517 7 view .LVU399
 1514 00d2 FFF7FEFF 		bl	Displ_FillArea
 1515              	.LVL159:
 518:Core/Src/z_displ_ST7735.c ****     }
 1516              		.loc 1 518 6 is_stmt 1 view .LVU400
 1517 00d6 48E0     		b	.L93
 1518              	.LVL160:
 1519              	.L101:
 521:Core/Src/z_displ_ST7735.c **** 
 1520              		.loc 1 521 28 is_stmt 0 discriminator 2 view .LVU401
 1521 00d8 A1EB0309 		sub	r9, r1, r3
 1522 00dc A1E7     		b	.L102
 1523              	.L103:
 521:Core/Src/z_displ_ST7735.c **** 
 1524              		.loc 1 521 54 discriminator 6 view .LVU402
 1525 00de A6EB050A 		sub	r10, r6, r5
 1526 00e2 A2E7     		b	.L104
 1527              	.LVL161:
 1528              	.L107:
 539:Core/Src/z_displ_ST7735.c ****         ystep =  -1 ;
 1529              		.loc 1 539 9 is_stmt 1 view .LVU403
 539:Core/Src/z_displ_ST7735.c ****         ystep =  -1 ;
 1530              		.loc 1 539 16 is_stmt 0 view .LVU404
 1531 00e4 AE1B     		subs	r6, r5, r6
 1532              	.LVL162:
 539:Core/Src/z_displ_ST7735.c ****         ystep =  -1 ;
 1533              		.loc 1 539 12 view .LVU405
 1534 00e6 36B2     		sxth	r6, r6
 1535              	.LVL163:
 540:Core/Src/z_displ_ST7735.c ****     }
 1536              		.loc 1 540 9 is_stmt 1 view .LVU406
 540:Core/Src/z_displ_ST7735.c ****     }
 1537              		.loc 1 540 15 is_stmt 0 view .LVU407
 1538 00e8 4FF0FF33 		mov	r3, #-1
 1539              	.LVL164:
 540:Core/Src/z_displ_ST7735.c ****     }
 1540              		.loc 1 540 15 view .LVU408
 1541 00ec 0393     		str	r3, [sp, #12]
 1542 00ee BBE7     		b	.L108
 1543              	.LVL165:
 1544              	.L111:
 545:Core/Src/z_displ_ST7735.c ****     	l++;
 546:Core/Src/z_displ_ST7735.c ****         err -= dy;
 547:Core/Src/z_displ_ST7735.c ****         if (err < 0) {
ARM GAS  C:\Users\zhmis\AppData\Local\Temp\ccb1Q8bk.s 			page 45


 548:Core/Src/z_displ_ST7735.c ****         	if (steep) {
 549:Core/Src/z_displ_ST7735.c ****         		Displ_FillArea(y0, x0, 1, l, color);
 550:Core/Src/z_displ_ST7735.c ****             } else {
 551:Core/Src/z_displ_ST7735.c ****             	Displ_FillArea(x0, y0, l, 1, color);
 1545              		.loc 1 551 14 is_stmt 1 view .LVU409
 1546 00f0 CDF800B0 		str	fp, [sp]
 1547 00f4 0123     		movs	r3, #1
 1548 00f6 A9B2     		uxth	r1, r5
 1549              	.LVL166:
 1550              		.loc 1 551 14 is_stmt 0 view .LVU410
 1551 00f8 1FFA8EF0 		uxth	r0, lr
 1552 00fc FFF7FEFF 		bl	Displ_FillArea
 1553              	.LVL167:
 1554              	.L112:
 552:Core/Src/z_displ_ST7735.c ****             }
 553:Core/Src/z_displ_ST7735.c ****             y0 += ystep;
 1555              		.loc 1 553 13 is_stmt 1 view .LVU411
 1556              		.loc 1 553 16 is_stmt 0 view .LVU412
 1557 0100 039B     		ldr	r3, [sp, #12]
 1558 0102 1D44     		add	r5, r5, r3
 1559              	.LVL168:
 1560              		.loc 1 553 16 view .LVU413
 1561 0104 2DB2     		sxth	r5, r5
 1562              	.LVL169:
 554:Core/Src/z_displ_ST7735.c ****             l=0;
 1563              		.loc 1 554 13 is_stmt 1 view .LVU414
 555:Core/Src/z_displ_ST7735.c ****             x0=x+1;
 1564              		.loc 1 555 13 view .LVU415
 1565              		.loc 1 555 17 is_stmt 0 view .LVU416
 1566 0106 04F1010E 		add	lr, r4, #1
 1567              		.loc 1 555 15 view .LVU417
 1568 010a 0FFA8EFE 		sxth	lr, lr
 1569              	.LVL170:
 556:Core/Src/z_displ_ST7735.c ****             err += dx;
 1570              		.loc 1 556 13 is_stmt 1 view .LVU418
 1571              		.loc 1 556 17 is_stmt 0 view .LVU419
 1572 010e 029B     		ldr	r3, [sp, #8]
 1573 0110 9844     		add	r8, r8, r3
 1574              	.LVL171:
 1575              		.loc 1 556 17 view .LVU420
 1576 0112 0FFA88FC 		sxth	ip, r8
 1577              	.LVL172:
 554:Core/Src/z_displ_ST7735.c ****             l=0;
 1578              		.loc 1 554 14 view .LVU421
 1579 0116 0021     		movs	r1, #0
 1580              	.LVL173:
 1581              	.L110:
 544:Core/Src/z_displ_ST7735.c ****     	l++;
 1582              		.loc 1 544 24 is_stmt 1 discriminator 2 view .LVU422
 1583 0118 0134     		adds	r4, r4, #1
 1584              	.LVL174:
 544:Core/Src/z_displ_ST7735.c ****     	l++;
 1585              		.loc 1 544 24 is_stmt 0 discriminator 2 view .LVU423
 1586 011a 24B2     		sxth	r4, r4
 1587              	.LVL175:
 1588              	.L109:
 544:Core/Src/z_displ_ST7735.c ****     	l++;
ARM GAS  C:\Users\zhmis\AppData\Local\Temp\ccb1Q8bk.s 			page 46


 1589              		.loc 1 544 17 is_stmt 1 discriminator 1 view .LVU424
 1590 011c A742     		cmp	r7, r4
 1591 011e 17DB     		blt	.L118
 545:Core/Src/z_displ_ST7735.c ****         err -= dy;
 1592              		.loc 1 545 6 view .LVU425
 545:Core/Src/z_displ_ST7735.c ****         err -= dy;
 1593              		.loc 1 545 7 is_stmt 0 view .LVU426
 1594 0120 0131     		adds	r1, r1, #1
 1595              	.LVL176:
 545:Core/Src/z_displ_ST7735.c ****         err -= dy;
 1596              		.loc 1 545 7 view .LVU427
 1597 0122 8AB2     		uxth	r2, r1
 1598 0124 09B2     		sxth	r1, r1
 1599              	.LVL177:
 546:Core/Src/z_displ_ST7735.c ****         if (err < 0) {
 1600              		.loc 1 546 9 is_stmt 1 view .LVU428
 546:Core/Src/z_displ_ST7735.c ****         if (err < 0) {
 1601              		.loc 1 546 13 is_stmt 0 view .LVU429
 1602 0126 ACEB060C 		sub	ip, ip, r6
 1603              	.LVL178:
 546:Core/Src/z_displ_ST7735.c ****         if (err < 0) {
 1604              		.loc 1 546 13 view .LVU430
 1605 012a 1FFA8CF8 		uxth	r8, ip
 1606 012e 0FFA8CFC 		sxth	ip, ip
 1607              	.LVL179:
 547:Core/Src/z_displ_ST7735.c ****         	if (steep) {
 1608              		.loc 1 547 9 is_stmt 1 view .LVU431
 547:Core/Src/z_displ_ST7735.c ****         	if (steep) {
 1609              		.loc 1 547 12 is_stmt 0 view .LVU432
 1610 0132 BCF1000F 		cmp	ip, #0
 1611 0136 EFDA     		bge	.L110
 548:Core/Src/z_displ_ST7735.c ****         		Displ_FillArea(y0, x0, 1, l, color);
 1612              		.loc 1 548 10 is_stmt 1 view .LVU433
 548:Core/Src/z_displ_ST7735.c ****         		Displ_FillArea(y0, x0, 1, l, color);
 1613              		.loc 1 548 13 is_stmt 0 view .LVU434
 1614 0138 D145     		cmp	r9, r10
 1615 013a D9DD     		ble	.L111
 549:Core/Src/z_displ_ST7735.c ****             } else {
 1616              		.loc 1 549 11 is_stmt 1 view .LVU435
 1617 013c CDF800B0 		str	fp, [sp]
 1618 0140 1346     		mov	r3, r2
 1619 0142 0122     		movs	r2, #1
 1620 0144 1FFA8EF1 		uxth	r1, lr
 1621              	.LVL180:
 549:Core/Src/z_displ_ST7735.c ****             } else {
 1622              		.loc 1 549 11 is_stmt 0 view .LVU436
 1623 0148 A8B2     		uxth	r0, r5
 1624 014a FFF7FEFF 		bl	Displ_FillArea
 1625              	.LVL181:
 549:Core/Src/z_displ_ST7735.c ****             } else {
 1626              		.loc 1 549 11 view .LVU437
 1627 014e D7E7     		b	.L112
 1628              	.LVL182:
 1629              	.L118:
 557:Core/Src/z_displ_ST7735.c ****         }
 558:Core/Src/z_displ_ST7735.c ****     }
 559:Core/Src/z_displ_ST7735.c ****     if (l!=0){
ARM GAS  C:\Users\zhmis\AppData\Local\Temp\ccb1Q8bk.s 			page 47


 1630              		.loc 1 559 5 is_stmt 1 view .LVU438
 1631              		.loc 1 559 8 is_stmt 0 view .LVU439
 1632 0150 59B1     		cbz	r1, .L93
 560:Core/Src/z_displ_ST7735.c ****     	if (steep) {
 1633              		.loc 1 560 6 is_stmt 1 view .LVU440
 1634              		.loc 1 560 9 is_stmt 0 view .LVU441
 1635 0152 D145     		cmp	r9, r10
 1636 0154 0CDD     		ble	.L114
 561:Core/Src/z_displ_ST7735.c ****     		Displ_FillArea(y0, x0, 1, l-1, color);
 1637              		.loc 1 561 7 is_stmt 1 view .LVU442
 1638 0156 4B1E     		subs	r3, r1, #1
 1639 0158 CDF800B0 		str	fp, [sp]
 1640 015c 9BB2     		uxth	r3, r3
 1641 015e 0122     		movs	r2, #1
 1642 0160 1FFA8EF1 		uxth	r1, lr
 1643              	.LVL183:
 1644              		.loc 1 561 7 is_stmt 0 view .LVU443
 1645 0164 A8B2     		uxth	r0, r5
 1646 0166 FFF7FEFF 		bl	Displ_FillArea
 1647              	.LVL184:
 1648              	.L93:
 562:Core/Src/z_displ_ST7735.c ****     	} else {
 563:Core/Src/z_displ_ST7735.c ****     		Displ_FillArea(x0, y0, l-1,1, color);
 564:Core/Src/z_displ_ST7735.c ****     	}
 565:Core/Src/z_displ_ST7735.c ****     }
 566:Core/Src/z_displ_ST7735.c **** }
 1649              		.loc 1 566 1 view .LVU444
 1650 016a 05B0     		add	sp, sp, #20
 1651              		.cfi_remember_state
 1652              		.cfi_def_cfa_offset 36
 1653              		@ sp needed
 1654 016c BDE8F08F 		pop	{r4, r5, r6, r7, r8, r9, r10, fp, pc}
 1655              	.LVL185:
 1656              	.L114:
 1657              		.cfi_restore_state
 563:Core/Src/z_displ_ST7735.c ****     	}
 1658              		.loc 1 563 7 is_stmt 1 view .LVU445
 1659 0170 4A1E     		subs	r2, r1, #1
 1660 0172 CDF800B0 		str	fp, [sp]
 1661 0176 0123     		movs	r3, #1
 1662 0178 92B2     		uxth	r2, r2
 1663 017a A9B2     		uxth	r1, r5
 1664              	.LVL186:
 563:Core/Src/z_displ_ST7735.c ****     	}
 1665              		.loc 1 563 7 is_stmt 0 view .LVU446
 1666 017c 1FFA8EF0 		uxth	r0, lr
 1667 0180 FFF7FEFF 		bl	Displ_FillArea
 1668              	.LVL187:
 563:Core/Src/z_displ_ST7735.c ****     	}
 1669              		.loc 1 563 7 view .LVU447
 1670 0184 F1E7     		b	.L93
 1671              		.cfi_endproc
 1672              	.LFE150:
 1674              		.section	.text.Displ_WChar,"ax",%progbits
 1675              		.align	1
 1676              		.global	Displ_WChar
 1677              		.syntax unified
ARM GAS  C:\Users\zhmis\AppData\Local\Temp\ccb1Q8bk.s 			page 48


 1678              		.thumb
 1679              		.thumb_func
 1681              	Displ_WChar:
 1682              	.LVL188:
 1683              	.LFB151:
 567:Core/Src/z_displ_ST7735.c **** 
 568:Core/Src/z_displ_ST7735.c **** 
 569:Core/Src/z_displ_ST7735.c **** 
 570:Core/Src/z_displ_ST7735.c **** 
 571:Core/Src/z_displ_ST7735.c **** 
 572:Core/Src/z_displ_ST7735.c **** /***********************
 573:Core/Src/z_displ_ST7735.c ****  * @brief	display one character on the display
 574:Core/Src/z_displ_ST7735.c ****  * @param 	x,y: top left corner of the character to be printed
 575:Core/Src/z_displ_ST7735.c ****  * 			ch, font, color, bgcolor: as per parameter name
 576:Core/Src/z_displ_ST7735.c ****  * 			size: (1 or 2) single or double wided printing
 577:Core/Src/z_displ_ST7735.c ****  **********************/
 578:Core/Src/z_displ_ST7735.c **** void Displ_WChar(uint16_t x, uint16_t y, char ch, sFONT font, uint8_t size, uint16_t color, uint16_
 1684              		.loc 1 578 111 is_stmt 1 view -0
 1685              		.cfi_startproc
 1686              		@ args = 28, pretend = 8, frame = 16
 1687              		@ frame_needed = 0, uses_anonymous_args = 0
 1688              		.loc 1 578 111 is_stmt 0 view .LVU449
 1689 0000 82B0     		sub	sp, sp, #8
 1690              		.cfi_def_cfa_offset 8
 1691 0002 2DE9F04F 		push	{r4, r5, r6, r7, r8, r9, r10, fp, lr}
 1692              		.cfi_def_cfa_offset 44
 1693              		.cfi_offset 4, -44
 1694              		.cfi_offset 5, -40
 1695              		.cfi_offset 6, -36
 1696              		.cfi_offset 7, -32
 1697              		.cfi_offset 8, -28
 1698              		.cfi_offset 9, -24
 1699              		.cfi_offset 10, -20
 1700              		.cfi_offset 11, -16
 1701              		.cfi_offset 14, -12
 1702 0006 85B0     		sub	sp, sp, #20
 1703              		.cfi_def_cfa_offset 64
 1704 0008 0090     		str	r0, [sp]
 1705 000a 0191     		str	r1, [sp, #4]
 1706 000c 1546     		mov	r5, r2
 1707 000e 0F93     		str	r3, [sp, #60]
 1708 0010 9DF848E0 		ldrb	lr, [sp, #72]	@ zero_extendqisi2
 1709 0014 BDF84C60 		ldrh	r6, [sp, #76]
 1710 0018 BDF85040 		ldrh	r4, [sp, #80]
 579:Core/Src/z_displ_ST7735.c ****     uint32_t i, b, bytes, j, bufSize, mask;
 1711              		.loc 1 579 5 is_stmt 1 view .LVU450
 580:Core/Src/z_displ_ST7735.c ****     uint16_t *dispBuffer16=(uint16_t *)dispBuffer;
 1712              		.loc 1 580 5 view .LVU451
 1713              		.loc 1 580 15 is_stmt 0 view .LVU452
 1714 001c 494B     		ldr	r3, .L144
 1715 001e 1868     		ldr	r0, [r3]
 1716              	.LVL189:
 581:Core/Src/z_displ_ST7735.c **** 
 582:Core/Src/z_displ_ST7735.c ****     const uint8_t *pos;
 1717              		.loc 1 582 5 is_stmt 1 view .LVU453
 583:Core/Src/z_displ_ST7735.c **** 	uint8_t wsize=font.Width; //printing char width
 1718              		.loc 1 583 2 view .LVU454
ARM GAS  C:\Users\zhmis\AppData\Local\Temp\ccb1Q8bk.s 			page 49


 1719              		.loc 1 583 20 is_stmt 0 view .LVU455
 1720 0020 BDF840C0 		ldrh	ip, [sp, #64]
 1721              		.loc 1 583 10 view .LVU456
 1722 0024 5FFA8CF1 		uxtb	r1, ip
 1723              	.LVL190:
 584:Core/Src/z_displ_ST7735.c **** 	uint16_t color1, bgcolor1;
 1724              		.loc 1 584 2 is_stmt 1 view .LVU457
 585:Core/Src/z_displ_ST7735.c **** 
 586:Core/Src/z_displ_ST7735.c **** 	if (size==2)
 1725              		.loc 1 586 2 view .LVU458
 1726              		.loc 1 586 5 is_stmt 0 view .LVU459
 1727 0028 BEF1020F 		cmp	lr, #2
 1728 002c 1ED0     		beq	.L138
 1729              	.L120:
 587:Core/Src/z_displ_ST7735.c **** 		wsize<<= 1;
 588:Core/Src/z_displ_ST7735.c **** 	bufSize=0;
 1730              		.loc 1 588 2 is_stmt 1 view .LVU460
 1731              	.LVL191:
 589:Core/Src/z_displ_ST7735.c **** 	bytes=font.Height * font.Size ;
 1732              		.loc 1 589 2 view .LVU461
 1733              		.loc 1 589 12 is_stmt 0 view .LVU462
 1734 002e BDF84220 		ldrh	r2, [sp, #66]
 1735              	.LVL192:
 1736              		.loc 1 589 26 view .LVU463
 1737 0032 9DF84490 		ldrb	r9, [sp, #68]	@ zero_extendqisi2
 1738              		.loc 1 589 20 view .LVU464
 1739 0036 09FB02FB 		mul	fp, r9, r2
 1740              	.LVL193:
 590:Core/Src/z_displ_ST7735.c **** 	pos=font.table+(ch - 32) * bytes ;//that's char position in table
 1741              		.loc 1 590 2 is_stmt 1 view .LVU465
 1742              		.loc 1 590 21 is_stmt 0 view .LVU466
 1743 003a 203D     		subs	r5, r5, #32
 1744              	.LVL194:
 1745              		.loc 1 590 5 view .LVU467
 1746 003c 0F9B     		ldr	r3, [sp, #60]
 1747 003e 0BFB053A 		mla	r10, fp, r5, r3
 1748              	.LVL195:
 591:Core/Src/z_displ_ST7735.c **** 	switch (font.Size) {
 1749              		.loc 1 591 2 is_stmt 1 view .LVU468
 1750 0042 B9F1020F 		cmp	r9, #2
 1751 0046 14D0     		beq	.L132
 1752              		.loc 1 591 2 is_stmt 0 view .LVU469
 1753 0048 B9F1030F 		cmp	r9, #3
 1754 004c 14D1     		bne	.L133
 1755 004e 4FF40005 		mov	r5, #8388608
 1756              	.LVL196:
 1757              	.L121:
 592:Core/Src/z_displ_ST7735.c **** 		case 3:
 593:Core/Src/z_displ_ST7735.c **** 			mask=0x800000;
 594:Core/Src/z_displ_ST7735.c **** 			break;
 595:Core/Src/z_displ_ST7735.c **** 		case 2:
 596:Core/Src/z_displ_ST7735.c **** 			mask=0x8000;
 597:Core/Src/z_displ_ST7735.c **** 			break;
 598:Core/Src/z_displ_ST7735.c **** 		default:
 599:Core/Src/z_displ_ST7735.c **** 			mask=0x80;
 600:Core/Src/z_displ_ST7735.c **** 	}
 601:Core/Src/z_displ_ST7735.c **** 	
ARM GAS  C:\Users\zhmis\AppData\Local\Temp\ccb1Q8bk.s 			page 50


 602:Core/Src/z_displ_ST7735.c **** 	color1 = ((color & 0xFF)<<8 | (color >> 8));      		//swapping byte endian: STM32 is little endian
 1758              		.loc 1 602 2 is_stmt 1 view .LVU470
 1759              		.loc 1 602 9 is_stmt 0 view .LVU471
 1760 0052 3702     		lsls	r7, r6, #8
 1761 0054 47EA1627 		orr	r7, r7, r6, lsr #8
 1762 0058 BFB2     		uxth	r7, r7
 1763              	.LVL197:
 603:Core/Src/z_displ_ST7735.c **** 	bgcolor1 = ((bgcolor & 0xFF)<<8 | (bgcolor >> 8));		//swapping byte endian: STM32 is little endian
 1764              		.loc 1 603 2 is_stmt 1 view .LVU472
 1765              		.loc 1 603 11 is_stmt 0 view .LVU473
 1766 005a 2602     		lsls	r6, r4, #8
 1767 005c 46EA1426 		orr	r6, r6, r4, lsr #8
 1768 0060 B6B2     		uxth	r6, r6
 1769              	.LVL198:
 604:Core/Src/z_displ_ST7735.c **** 
 605:Core/Src/z_displ_ST7735.c **** 	for(i = 0; i < (bytes); i+=font.Size){
 1770              		.loc 1 605 2 is_stmt 1 view .LVU474
 588:Core/Src/z_displ_ST7735.c **** 	bytes=font.Height * font.Size ;
 1771              		.loc 1 588 9 is_stmt 0 view .LVU475
 1772 0062 0024     		movs	r4, #0
 1773              		.loc 1 605 8 view .LVU476
 1774 0064 A046     		mov	r8, r4
 1775 0066 0292     		str	r2, [sp, #8]
 1776 0068 0391     		str	r1, [sp, #12]
 1777              		.loc 1 605 2 view .LVU477
 1778 006a 31E0     		b	.L122
 1779              	.LVL199:
 1780              	.L138:
 587:Core/Src/z_displ_ST7735.c **** 	bufSize=0;
 1781              		.loc 1 587 3 is_stmt 1 view .LVU478
 587:Core/Src/z_displ_ST7735.c **** 	bufSize=0;
 1782              		.loc 1 587 8 is_stmt 0 view .LVU479
 1783 006c 4B00     		lsls	r3, r1, #1
 1784 006e D9B2     		uxtb	r1, r3
 1785              	.LVL200:
 587:Core/Src/z_displ_ST7735.c **** 	bufSize=0;
 1786              		.loc 1 587 8 view .LVU480
 1787 0070 DDE7     		b	.L120
 1788              	.LVL201:
 1789              	.L132:
 596:Core/Src/z_displ_ST7735.c **** 			break;
 1790              		.loc 1 596 8 view .LVU481
 1791 0072 4FF40045 		mov	r5, #32768
 1792              	.LVL202:
 596:Core/Src/z_displ_ST7735.c **** 			break;
 1793              		.loc 1 596 8 view .LVU482
 1794 0076 ECE7     		b	.L121
 1795              	.L133:
 599:Core/Src/z_displ_ST7735.c **** 	}
 1796              		.loc 1 599 8 view .LVU483
 1797 0078 8025     		movs	r5, #128
 1798 007a EAE7     		b	.L121
 1799              	.LVL203:
 1800              	.L123:
 606:Core/Src/z_displ_ST7735.c **** 		b=0;
 607:Core/Src/z_displ_ST7735.c **** 		switch (font.Size) {
 608:Core/Src/z_displ_ST7735.c **** 			case 3:
ARM GAS  C:\Users\zhmis\AppData\Local\Temp\ccb1Q8bk.s 			page 51


 609:Core/Src/z_displ_ST7735.c **** 				b=pos[i]<<16 | pos[i+1]<<8 | pos[i+2];
 610:Core/Src/z_displ_ST7735.c **** 				break;
 611:Core/Src/z_displ_ST7735.c **** 			case 2:
 612:Core/Src/z_displ_ST7735.c **** 				b=pos[i]<<8 | pos[i+1];
 1801              		.loc 1 612 5 is_stmt 1 view .LVU484
 1802              		.loc 1 612 10 is_stmt 0 view .LVU485
 1803 007c 1AF80830 		ldrb	r3, [r10, r8]	@ zero_extendqisi2
 1804              		.loc 1 612 22 view .LVU486
 1805 0080 0AEB0802 		add	r2, r10, r8
 1806 0084 5178     		ldrb	r1, [r2, #1]	@ zero_extendqisi2
 1807              		.loc 1 612 17 view .LVU487
 1808 0086 41EA0321 		orr	r1, r1, r3, lsl #8
 1809              	.LVL204:
 613:Core/Src/z_displ_ST7735.c **** 				break;
 1810              		.loc 1 613 5 is_stmt 1 view .LVU488
 1811 008a 33E0     		b	.L125
 1812              	.LVL205:
 1813              	.L124:
 614:Core/Src/z_displ_ST7735.c **** 			default:
 615:Core/Src/z_displ_ST7735.c **** 				b=pos[i];
 1814              		.loc 1 615 5 view .LVU489
 1815              		.loc 1 615 10 is_stmt 0 view .LVU490
 1816 008c 1AF80810 		ldrb	r1, [r10, r8]	@ zero_extendqisi2
 1817              	.LVL206:
 1818              		.loc 1 615 10 view .LVU491
 1819 0090 30E0     		b	.L125
 1820              	.LVL207:
 1821              	.L141:
 616:Core/Src/z_displ_ST7735.c **** 		}
 617:Core/Src/z_displ_ST7735.c **** 
 618:Core/Src/z_displ_ST7735.c **** 		for(j = 0; j < font.Width; j++) {
 619:Core/Src/z_displ_ST7735.c **** 			if((b << j) & mask)  {
 620:Core/Src/z_displ_ST7735.c **** 				dispBuffer16[bufSize++] = color1;
 621:Core/Src/z_displ_ST7735.c **** 				if (size==2){
 622:Core/Src/z_displ_ST7735.c **** 					dispBuffer16[bufSize++] = color1;
 1822              		.loc 1 622 6 is_stmt 1 view .LVU492
 1823              		.loc 1 622 26 is_stmt 0 view .LVU493
 1824 0092 0234     		adds	r4, r4, #2
 1825              	.LVL208:
 1826              		.loc 1 622 30 view .LVU494
 1827 0094 20F81270 		strh	r7, [r0, r2, lsl #1]	@ movhi
 1828 0098 06E0     		b	.L128
 1829              	.L127:
 623:Core/Src/z_displ_ST7735.c **** 				}
 624:Core/Src/z_displ_ST7735.c **** 			} else {
 625:Core/Src/z_displ_ST7735.c **** 				dispBuffer16[bufSize++] = bgcolor1;
 1830              		.loc 1 625 5 is_stmt 1 view .LVU495
 1831              		.loc 1 625 25 is_stmt 0 view .LVU496
 1832 009a 621C     		adds	r2, r4, #1
 1833              	.LVL209:
 1834              		.loc 1 625 29 view .LVU497
 1835 009c 20F81460 		strh	r6, [r0, r4, lsl #1]	@ movhi
 626:Core/Src/z_displ_ST7735.c **** 				if (size==2) {
 1836              		.loc 1 626 5 is_stmt 1 view .LVU498
 1837              		.loc 1 626 8 is_stmt 0 view .LVU499
 1838 00a0 BEF1020F 		cmp	lr, #2
 1839 00a4 0FD0     		beq	.L139
ARM GAS  C:\Users\zhmis\AppData\Local\Temp\ccb1Q8bk.s 			page 52


 625:Core/Src/z_displ_ST7735.c **** 				if (size==2) {
 1840              		.loc 1 625 25 view .LVU500
 1841 00a6 1446     		mov	r4, r2
 1842              	.LVL210:
 1843              	.L128:
 618:Core/Src/z_displ_ST7735.c **** 			if((b << j) & mask)  {
 1844              		.loc 1 618 31 is_stmt 1 discriminator 2 view .LVU501
 1845 00a8 0133     		adds	r3, r3, #1
 1846              	.LVL211:
 1847              	.L126:
 618:Core/Src/z_displ_ST7735.c **** 			if((b << j) & mask)  {
 1848              		.loc 1 618 16 discriminator 1 view .LVU502
 1849 00aa 9C45     		cmp	ip, r3
 1850 00ac 0FD9     		bls	.L140
 619:Core/Src/z_displ_ST7735.c **** 				dispBuffer16[bufSize++] = color1;
 1851              		.loc 1 619 4 view .LVU503
 619:Core/Src/z_displ_ST7735.c **** 				dispBuffer16[bufSize++] = color1;
 1852              		.loc 1 619 10 is_stmt 0 view .LVU504
 1853 00ae 01FA03F2 		lsl	r2, r1, r3
 619:Core/Src/z_displ_ST7735.c **** 				dispBuffer16[bufSize++] = color1;
 1854              		.loc 1 619 6 view .LVU505
 1855 00b2 2A42     		tst	r2, r5
 1856 00b4 F1D0     		beq	.L127
 620:Core/Src/z_displ_ST7735.c **** 				if (size==2){
 1857              		.loc 1 620 5 is_stmt 1 view .LVU506
 620:Core/Src/z_displ_ST7735.c **** 				if (size==2){
 1858              		.loc 1 620 25 is_stmt 0 view .LVU507
 1859 00b6 621C     		adds	r2, r4, #1
 1860              	.LVL212:
 620:Core/Src/z_displ_ST7735.c **** 				if (size==2){
 1861              		.loc 1 620 29 view .LVU508
 1862 00b8 20F81470 		strh	r7, [r0, r4, lsl #1]	@ movhi
 621:Core/Src/z_displ_ST7735.c **** 					dispBuffer16[bufSize++] = color1;
 1863              		.loc 1 621 5 is_stmt 1 view .LVU509
 621:Core/Src/z_displ_ST7735.c **** 					dispBuffer16[bufSize++] = color1;
 1864              		.loc 1 621 8 is_stmt 0 view .LVU510
 1865 00bc BEF1020F 		cmp	lr, #2
 1866 00c0 E7D0     		beq	.L141
 620:Core/Src/z_displ_ST7735.c **** 				if (size==2){
 1867              		.loc 1 620 25 view .LVU511
 1868 00c2 1446     		mov	r4, r2
 1869 00c4 F0E7     		b	.L128
 1870              	.L139:
 627:Core/Src/z_displ_ST7735.c **** 					dispBuffer16[bufSize++] = bgcolor1;
 1871              		.loc 1 627 6 is_stmt 1 view .LVU512
 1872              		.loc 1 627 26 is_stmt 0 view .LVU513
 1873 00c6 0234     		adds	r4, r4, #2
 1874              	.LVL213:
 1875              		.loc 1 627 30 view .LVU514
 1876 00c8 20F81260 		strh	r6, [r0, r2, lsl #1]	@ movhi
 1877 00cc ECE7     		b	.L128
 1878              	.L140:
 605:Core/Src/z_displ_ST7735.c **** 		b=0;
 1879              		.loc 1 605 27 is_stmt 1 discriminator 2 view .LVU515
 1880 00ce C844     		add	r8, r8, r9
 1881              	.LVL214:
 1882              	.L122:
ARM GAS  C:\Users\zhmis\AppData\Local\Temp\ccb1Q8bk.s 			page 53


 605:Core/Src/z_displ_ST7735.c **** 		b=0;
 1883              		.loc 1 605 15 discriminator 1 view .LVU516
 1884 00d0 D845     		cmp	r8, fp
 1885 00d2 11D2     		bcs	.L142
 606:Core/Src/z_displ_ST7735.c **** 		switch (font.Size) {
 1886              		.loc 1 606 3 view .LVU517
 1887              	.LVL215:
 607:Core/Src/z_displ_ST7735.c **** 			case 3:
 1888              		.loc 1 607 3 view .LVU518
 1889 00d4 B9F1020F 		cmp	r9, #2
 1890 00d8 D0D0     		beq	.L123
 1891 00da B9F1030F 		cmp	r9, #3
 1892 00de D5D1     		bne	.L124
 609:Core/Src/z_displ_ST7735.c **** 				break;
 1893              		.loc 1 609 5 view .LVU519
 609:Core/Src/z_displ_ST7735.c **** 				break;
 1894              		.loc 1 609 10 is_stmt 0 view .LVU520
 1895 00e0 1AF80820 		ldrb	r2, [r10, r8]	@ zero_extendqisi2
 609:Core/Src/z_displ_ST7735.c **** 				break;
 1896              		.loc 1 609 23 view .LVU521
 1897 00e4 0AEB0803 		add	r3, r10, r8
 1898 00e8 5978     		ldrb	r1, [r3, #1]	@ zero_extendqisi2
 609:Core/Src/z_displ_ST7735.c **** 				break;
 1899              		.loc 1 609 28 view .LVU522
 1900 00ea 0902     		lsls	r1, r1, #8
 609:Core/Src/z_displ_ST7735.c **** 				break;
 1901              		.loc 1 609 18 view .LVU523
 1902 00ec 41EA0241 		orr	r1, r1, r2, lsl #16
 609:Core/Src/z_displ_ST7735.c **** 				break;
 1903              		.loc 1 609 37 view .LVU524
 1904 00f0 9B78     		ldrb	r3, [r3, #2]	@ zero_extendqisi2
 609:Core/Src/z_displ_ST7735.c **** 				break;
 1905              		.loc 1 609 32 view .LVU525
 1906 00f2 1943     		orrs	r1, r1, r3
 1907              	.LVL216:
 610:Core/Src/z_displ_ST7735.c **** 			case 2:
 1908              		.loc 1 610 5 is_stmt 1 view .LVU526
 1909              	.L125:
 618:Core/Src/z_displ_ST7735.c **** 			if((b << j) & mask)  {
 1910              		.loc 1 618 3 view .LVU527
 618:Core/Src/z_displ_ST7735.c **** 			if((b << j) & mask)  {
 1911              		.loc 1 618 9 is_stmt 0 view .LVU528
 1912 00f4 0023     		movs	r3, #0
 618:Core/Src/z_displ_ST7735.c **** 			if((b << j) & mask)  {
 1913              		.loc 1 618 3 view .LVU529
 1914 00f6 D8E7     		b	.L126
 1915              	.LVL217:
 1916              	.L142:
 628:Core/Src/z_displ_ST7735.c **** 				}
 629:Core/Src/z_displ_ST7735.c **** 			}
 630:Core/Src/z_displ_ST7735.c **** 		}
 631:Core/Src/z_displ_ST7735.c **** 	}
 632:Core/Src/z_displ_ST7735.c **** 	ST7735_SetAddressWindow(x, y, x+wsize-1, y+font.Height-1);
 1917              		.loc 1 632 2 view .LVU530
 1918 00f8 029A     		ldr	r2, [sp, #8]
 1919 00fa 0399     		ldr	r1, [sp, #12]
 1920              		.loc 1 632 2 is_stmt 1 view .LVU531
ARM GAS  C:\Users\zhmis\AppData\Local\Temp\ccb1Q8bk.s 			page 54


 1921 00fc 9DF80000 		ldrb	r0, [sp]	@ zero_extendqisi2
 1922              	.LVL218:
 1923              		.loc 1 632 2 is_stmt 0 view .LVU532
 1924 0100 9DF80460 		ldrb	r6, [sp, #4]	@ zero_extendqisi2
 1925              	.LVL219:
 1926              		.loc 1 632 33 view .LVU533
 1927 0104 4518     		adds	r5, r0, r1
 1928              	.LVL220:
 1929              		.loc 1 632 33 view .LVU534
 1930 0106 EDB2     		uxtb	r5, r5
 1931              		.loc 1 632 44 view .LVU535
 1932 0108 B318     		adds	r3, r6, r2
 1933 010a DBB2     		uxtb	r3, r3
 1934              		.loc 1 632 2 view .LVU536
 1935 010c 013B     		subs	r3, r3, #1
 1936 010e 6A1E     		subs	r2, r5, #1
 1937 0110 DBB2     		uxtb	r3, r3
 1938 0112 D2B2     		uxtb	r2, r2
 1939 0114 3146     		mov	r1, r6
 1940 0116 FFF7FEFF 		bl	ST7735_SetAddressWindow
 1941              	.LVL221:
 633:Core/Src/z_displ_ST7735.c **** 	Displ_WriteData(dispBuffer,bufSize<<1,0);
 1942              		.loc 1 633 2 is_stmt 1 view .LVU537
 1943 011a 0A4D     		ldr	r5, .L144
 1944 011c 0022     		movs	r2, #0
 1945 011e 6100     		lsls	r1, r4, #1
 1946 0120 2868     		ldr	r0, [r5]
 1947 0122 FFF7FEFF 		bl	Displ_WriteData
 1948              	.LVL222:
 634:Core/Src/z_displ_ST7735.c **** 	dispBuffer = (dispBuffer==dispBuffer1 ? dispBuffer2 : dispBuffer1); // swapping buffer
 1949              		.loc 1 634 2 view .LVU538
 1950              		.loc 1 634 26 is_stmt 0 view .LVU539
 1951 0126 2A68     		ldr	r2, [r5]
 1952              		.loc 1 634 54 view .LVU540
 1953 0128 074B     		ldr	r3, .L144+4
 1954 012a 9A42     		cmp	r2, r3
 1955 012c 07D0     		beq	.L143
 1956              		.loc 1 634 54 discriminator 2 view .LVU541
 1957 012e 064A     		ldr	r2, .L144+4
 1958              	.L131:
 1959              		.loc 1 634 13 discriminator 4 view .LVU542
 1960 0130 044B     		ldr	r3, .L144
 1961 0132 1A60     		str	r2, [r3]
 635:Core/Src/z_displ_ST7735.c **** 
 636:Core/Src/z_displ_ST7735.c **** 
 637:Core/Src/z_displ_ST7735.c **** }
 1962              		.loc 1 637 1 view .LVU543
 1963 0134 05B0     		add	sp, sp, #20
 1964              		.cfi_remember_state
 1965              		.cfi_def_cfa_offset 44
 1966              		@ sp needed
 1967 0136 BDE8F04F 		pop	{r4, r5, r6, r7, r8, r9, r10, fp, lr}
 1968              		.cfi_restore 14
 1969              		.cfi_restore 11
 1970              		.cfi_restore 10
 1971              		.cfi_restore 9
 1972              		.cfi_restore 8
ARM GAS  C:\Users\zhmis\AppData\Local\Temp\ccb1Q8bk.s 			page 55


 1973              		.cfi_restore 7
 1974              		.cfi_restore 6
 1975              		.cfi_restore 5
 1976              		.cfi_restore 4
 1977              		.cfi_def_cfa_offset 8
 1978              	.LVL223:
 1979              		.loc 1 637 1 view .LVU544
 1980 013a 02B0     		add	sp, sp, #8
 1981              		.cfi_def_cfa_offset 0
 1982 013c 7047     		bx	lr
 1983              	.LVL224:
 1984              	.L143:
 1985              		.cfi_restore_state
 634:Core/Src/z_displ_ST7735.c **** 	dispBuffer = (dispBuffer==dispBuffer1 ? dispBuffer2 : dispBuffer1); // swapping buffer
 1986              		.loc 1 634 54 discriminator 1 view .LVU545
 1987 013e 034A     		ldr	r2, .L144+8
 1988 0140 F6E7     		b	.L131
 1989              	.L145:
 1990 0142 00BF     		.align	2
 1991              	.L144:
 1992 0144 00000000 		.word	dispBuffer
 1993 0148 00000000 		.word	dispBuffer1
 1994 014c 00000000 		.word	dispBuffer2
 1995              		.cfi_endproc
 1996              	.LFE151:
 1998              		.section	.text.Displ_WString,"ax",%progbits
 1999              		.align	1
 2000              		.global	Displ_WString
 2001              		.syntax unified
 2002              		.thumb
 2003              		.thumb_func
 2005              	Displ_WString:
 2006              	.LVL225:
 2007              	.LFB152:
 638:Core/Src/z_displ_ST7735.c **** 
 639:Core/Src/z_displ_ST7735.c **** 
 640:Core/Src/z_displ_ST7735.c **** 
 641:Core/Src/z_displ_ST7735.c **** 
 642:Core/Src/z_displ_ST7735.c **** 
 643:Core/Src/z_displ_ST7735.c **** /************************
 644:Core/Src/z_displ_ST7735.c ****  * @brief	print a string on display starting from a defined position
 645:Core/Src/z_displ_ST7735.c ****  * @params	x, y	top left area-to-print corner
 646:Core/Src/z_displ_ST7735.c ****  * 			str		string to print
 647:Core/Src/z_displ_ST7735.c ****  * 			font	to bu used
 648:Core/Src/z_displ_ST7735.c ****  * 			size	1 (normal), 2 (double width)
 649:Core/Src/z_displ_ST7735.c ****  * 			color	font color
 650:Core/Src/z_displ_ST7735.c ****  * 			bgcolor	background color
 651:Core/Src/z_displ_ST7735.c ****  ************************/
 652:Core/Src/z_displ_ST7735.c **** void Displ_WString(uint16_t x, uint16_t y, const char* str, sFONT font, uint8_t size, uint16_t colo
 2008              		.loc 1 652 121 is_stmt 1 view -0
 2009              		.cfi_startproc
 2010              		@ args = 28, pretend = 8, frame = 0
 2011              		@ frame_needed = 0, uses_anonymous_args = 0
 2012              		.loc 1 652 121 is_stmt 0 view .LVU547
 2013 0000 82B0     		sub	sp, sp, #8
 2014              		.cfi_def_cfa_offset 8
 2015 0002 2DE9F047 		push	{r4, r5, r6, r7, r8, r9, r10, lr}
ARM GAS  C:\Users\zhmis\AppData\Local\Temp\ccb1Q8bk.s 			page 56


 2016              		.cfi_def_cfa_offset 40
 2017              		.cfi_offset 4, -40
 2018              		.cfi_offset 5, -36
 2019              		.cfi_offset 6, -32
 2020              		.cfi_offset 7, -28
 2021              		.cfi_offset 8, -24
 2022              		.cfi_offset 9, -20
 2023              		.cfi_offset 10, -16
 2024              		.cfi_offset 14, -12
 2025 0006 86B0     		sub	sp, sp, #24
 2026              		.cfi_def_cfa_offset 64
 2027 0008 0446     		mov	r4, r0
 2028 000a 0F46     		mov	r7, r1
 2029 000c 1546     		mov	r5, r2
 2030 000e 0F93     		str	r3, [sp, #60]
 2031 0010 9DF84880 		ldrb	r8, [sp, #72]	@ zero_extendqisi2
 2032 0014 BDF84C90 		ldrh	r9, [sp, #76]
 2033 0018 BDF850A0 		ldrh	r10, [sp, #80]
 653:Core/Src/z_displ_ST7735.c **** 	uint16_t delta=font.Width;
 2034              		.loc 1 653 2 is_stmt 1 view .LVU548
 2035              		.loc 1 653 11 is_stmt 0 view .LVU549
 2036 001c BDF84060 		ldrh	r6, [sp, #64]
 2037              	.LVL226:
 654:Core/Src/z_displ_ST7735.c **** 	if (size>1)
 2038              		.loc 1 654 2 is_stmt 1 view .LVU550
 2039              		.loc 1 654 5 is_stmt 0 view .LVU551
 2040 0020 B8F1010F 		cmp	r8, #1
 2041 0024 15D9     		bls	.L148
 655:Core/Src/z_displ_ST7735.c **** 		delta<<=1;
 2042              		.loc 1 655 3 is_stmt 1 view .LVU552
 2043              		.loc 1 655 8 is_stmt 0 view .LVU553
 2044 0026 7600     		lsls	r6, r6, #1
 2045              	.LVL227:
 2046              		.loc 1 655 8 view .LVU554
 2047 0028 B6B2     		uxth	r6, r6
 2048              	.LVL228:
 2049              		.loc 1 655 8 view .LVU555
 2050 002a 12E0     		b	.L148
 2051              	.LVL229:
 2052              	.L149:
 656:Core/Src/z_displ_ST7735.c **** 
 657:Core/Src/z_displ_ST7735.c ****     while(*str) {
 658:Core/Src/z_displ_ST7735.c **** /*
 659:Core/Src/z_displ_ST7735.c ****  *  these rows split string in more screen lines
 660:Core/Src/z_displ_ST7735.c ****         if(x + font.Width >= _width) {
 661:Core/Src/z_displ_ST7735.c ****             x = 0;
 662:Core/Src/z_displ_ST7735.c ****             y += font.Height;
 663:Core/Src/z_displ_ST7735.c ****             if(y + font.Height >= _height) {
 664:Core/Src/z_displ_ST7735.c ****                 break;
 665:Core/Src/z_displ_ST7735.c ****             }
 666:Core/Src/z_displ_ST7735.c ****             if(*str == ' ') {
 667:Core/Src/z_displ_ST7735.c ****                 // skip spaces in the beginning of the new line
 668:Core/Src/z_displ_ST7735.c ****                 str++;
 669:Core/Src/z_displ_ST7735.c ****                 continue;
 670:Core/Src/z_displ_ST7735.c ****             }
 671:Core/Src/z_displ_ST7735.c ****         }
 672:Core/Src/z_displ_ST7735.c ****  */
ARM GAS  C:\Users\zhmis\AppData\Local\Temp\ccb1Q8bk.s 			page 57


 673:Core/Src/z_displ_ST7735.c **** 
 674:Core/Src/z_displ_ST7735.c ****         Displ_WChar(x, y, *str, font, size, color, bgcolor);
 2053              		.loc 1 674 9 is_stmt 1 view .LVU556
 2054 002c CDF810A0 		str	r10, [sp, #16]
 2055 0030 CDF80C90 		str	r9, [sp, #12]
 2056 0034 CDF80880 		str	r8, [sp, #8]
 2057 0038 10AB     		add	r3, sp, #64
 2058 003a 93E80300 		ldm	r3, {r0, r1}
 2059 003e 8DE80300 		stm	sp, {r0, r1}
 2060 0042 0F9B     		ldr	r3, [sp, #60]
 2061 0044 3946     		mov	r1, r7
 2062 0046 2046     		mov	r0, r4
 2063 0048 FFF7FEFF 		bl	Displ_WChar
 2064              	.LVL230:
 675:Core/Src/z_displ_ST7735.c ****         x += delta;
 2065              		.loc 1 675 9 view .LVU557
 2066              		.loc 1 675 11 is_stmt 0 view .LVU558
 2067 004c 3444     		add	r4, r4, r6
 2068              	.LVL231:
 2069              		.loc 1 675 11 view .LVU559
 2070 004e A4B2     		uxth	r4, r4
 2071              	.LVL232:
 676:Core/Src/z_displ_ST7735.c ****         str++;
 2072              		.loc 1 676 9 is_stmt 1 view .LVU560
 2073              		.loc 1 676 12 is_stmt 0 view .LVU561
 2074 0050 0135     		adds	r5, r5, #1
 2075              	.LVL233:
 2076              	.L148:
 657:Core/Src/z_displ_ST7735.c **** /*
 2077              		.loc 1 657 11 is_stmt 1 view .LVU562
 2078 0052 2A78     		ldrb	r2, [r5]	@ zero_extendqisi2
 2079 0054 002A     		cmp	r2, #0
 2080 0056 E9D1     		bne	.L149
 677:Core/Src/z_displ_ST7735.c ****     }
 678:Core/Src/z_displ_ST7735.c **** }
 2081              		.loc 1 678 1 is_stmt 0 view .LVU563
 2082 0058 06B0     		add	sp, sp, #24
 2083              		.cfi_def_cfa_offset 40
 2084              		@ sp needed
 2085 005a BDE8F047 		pop	{r4, r5, r6, r7, r8, r9, r10, lr}
 2086              		.cfi_restore 14
 2087              		.cfi_restore 10
 2088              		.cfi_restore 9
 2089              		.cfi_restore 8
 2090              		.cfi_restore 7
 2091              		.cfi_restore 6
 2092              		.cfi_restore 5
 2093              		.cfi_restore 4
 2094              		.cfi_def_cfa_offset 8
 2095              	.LVL234:
 2096              		.loc 1 678 1 view .LVU564
 2097 005e 02B0     		add	sp, sp, #8
 2098              		.cfi_def_cfa_offset 0
 2099 0060 7047     		bx	lr
 2100              		.cfi_endproc
 2101              	.LFE152:
 2103              		.section	.text.Displ_CString,"ax",%progbits
ARM GAS  C:\Users\zhmis\AppData\Local\Temp\ccb1Q8bk.s 			page 58


 2104              		.align	1
 2105              		.global	Displ_CString
 2106              		.syntax unified
 2107              		.thumb
 2108              		.thumb_func
 2110              	Displ_CString:
 2111              	.LVL235:
 2112              	.LFB153:
 679:Core/Src/z_displ_ST7735.c **** 
 680:Core/Src/z_displ_ST7735.c **** 
 681:Core/Src/z_displ_ST7735.c **** 
 682:Core/Src/z_displ_ST7735.c **** 
 683:Core/Src/z_displ_ST7735.c **** 
 684:Core/Src/z_displ_ST7735.c **** /************************
 685:Core/Src/z_displ_ST7735.c ****  * @brief	print a string on display centering into a defined area
 686:Core/Src/z_displ_ST7735.c ****  * @params	x0, y0	top left area corner
 687:Core/Src/z_displ_ST7735.c ****  * 			x1, y1	bottom right corner
 688:Core/Src/z_displ_ST7735.c ****  * 			str		string to print
 689:Core/Src/z_displ_ST7735.c ****  * 			font	to bu used
 690:Core/Src/z_displ_ST7735.c ****  * 			size	1 (normal), 2 (double width)
 691:Core/Src/z_displ_ST7735.c ****  * 			color	font color
 692:Core/Src/z_displ_ST7735.c ****  * 			bgcolor	background color
 693:Core/Src/z_displ_ST7735.c ****  ************************/
 694:Core/Src/z_displ_ST7735.c **** void Displ_CString(uint16_t x0, uint16_t y0, uint16_t x1, uint16_t y1, const char* str, sFONT font,
 2113              		.loc 1 694 149 is_stmt 1 view -0
 2114              		.cfi_startproc
 2115              		@ args = 28, pretend = 0, frame = 8
 2116              		@ frame_needed = 0, uses_anonymous_args = 0
 2117              		.loc 1 694 149 is_stmt 0 view .LVU566
 2118 0000 2DE9F04F 		push	{r4, r5, r6, r7, r8, r9, r10, fp, lr}
 2119              		.cfi_def_cfa_offset 36
 2120              		.cfi_offset 4, -36
 2121              		.cfi_offset 5, -32
 2122              		.cfi_offset 6, -28
 2123              		.cfi_offset 7, -24
 2124              		.cfi_offset 8, -20
 2125              		.cfi_offset 9, -16
 2126              		.cfi_offset 10, -12
 2127              		.cfi_offset 11, -8
 2128              		.cfi_offset 14, -4
 2129 0004 89B0     		sub	sp, sp, #36
 2130              		.cfi_def_cfa_offset 72
 2131 0006 0446     		mov	r4, r0
 2132 0008 0D46     		mov	r5, r1
 2133 000a 1646     		mov	r6, r2
 2134 000c 1F46     		mov	r7, r3
 2135 000e 9DF85830 		ldrb	r3, [sp, #88]	@ zero_extendqisi2
 2136              	.LVL236:
 2137              		.loc 1 694 149 view .LVU567
 2138 0012 0793     		str	r3, [sp, #28]
 2139 0014 BDF860B0 		ldrh	fp, [sp, #96]
 695:Core/Src/z_displ_ST7735.c **** 	uint16_t x,y;
 2140              		.loc 1 695 2 is_stmt 1 view .LVU568
 696:Core/Src/z_displ_ST7735.c **** 	uint16_t wsize=font.Width;
 2141              		.loc 1 696 2 view .LVU569
 2142              		.loc 1 696 11 is_stmt 0 view .LVU570
 2143 0018 BDF85080 		ldrh	r8, [sp, #80]
ARM GAS  C:\Users\zhmis\AppData\Local\Temp\ccb1Q8bk.s 			page 59


 2144              	.LVL237:
 697:Core/Src/z_displ_ST7735.c **** 	static uint8_t cambia=0;
 2145              		.loc 1 697 2 is_stmt 1 view .LVU571
 698:Core/Src/z_displ_ST7735.c **** 	if (size>1)
 2146              		.loc 1 698 2 view .LVU572
 2147              		.loc 1 698 5 is_stmt 0 view .LVU573
 2148 001c 012B     		cmp	r3, #1
 2149 001e 03D9     		bls	.L152
 699:Core/Src/z_displ_ST7735.c **** 		wsize<<=1;
 2150              		.loc 1 699 3 is_stmt 1 view .LVU574
 2151              		.loc 1 699 8 is_stmt 0 view .LVU575
 2152 0020 4FEA4808 		lsl	r8, r8, #1
 2153              	.LVL238:
 2154              		.loc 1 699 8 view .LVU576
 2155 0024 1FFA88F8 		uxth	r8, r8
 2156              	.LVL239:
 2157              	.L152:
 700:Core/Src/z_displ_ST7735.c **** 	if ((strlen(str)*wsize)>(x1-x0+1))
 2158              		.loc 1 700 2 is_stmt 1 view .LVU577
 2159              		.loc 1 700 7 is_stmt 0 view .LVU578
 2160 0028 1298     		ldr	r0, [sp, #72]
 2161              	.LVL240:
 2162              		.loc 1 700 7 view .LVU579
 2163 002a FFF7FEFF 		bl	strlen
 2164              	.LVL241:
 2165              		.loc 1 700 18 discriminator 1 view .LVU580
 2166 002e CDF81880 		str	r8, [sp, #24]
 2167 0032 08FB00F0 		mul	r0, r8, r0
 2168              		.loc 1 700 29 discriminator 1 view .LVU581
 2169 0036 331B     		subs	r3, r6, r4
 2170              		.loc 1 700 32 discriminator 1 view .LVU582
 2171 0038 0133     		adds	r3, r3, #1
 2172              		.loc 1 700 5 discriminator 1 view .LVU583
 2173 003a 9842     		cmp	r0, r3
 2174 003c 41D8     		bhi	.L159
 701:Core/Src/z_displ_ST7735.c **** 		x=x0;
 702:Core/Src/z_displ_ST7735.c **** 	else
 703:Core/Src/z_displ_ST7735.c **** 		x=(x1+x0+1-strlen(str)*wsize) >> 1;
 2175              		.loc 1 703 3 is_stmt 1 view .LVU584
 2176              		.loc 1 703 8 is_stmt 0 view .LVU585
 2177 003e 06EB0408 		add	r8, r6, r4
 2178              	.LVL242:
 2179              		.loc 1 703 13 discriminator 1 view .LVU586
 2180 0042 A8EB0008 		sub	r8, r8, r0
 2181 0046 08F10108 		add	r8, r8, #1
 2182              		.loc 1 703 4 discriminator 1 view .LVU587
 2183 004a C8F34F08 		ubfx	r8, r8, #1, #16
 2184              	.LVL243:
 2185              	.L153:
 704:Core/Src/z_displ_ST7735.c **** 	if (font.Height>(y1-y0+1))
 2186              		.loc 1 704 2 is_stmt 1 view .LVU588
 2187              		.loc 1 704 10 is_stmt 0 view .LVU589
 2188 004e BDF852A0 		ldrh	r10, [sp, #82]
 2189              		.loc 1 704 21 view .LVU590
 2190 0052 7B1B     		subs	r3, r7, r5
 2191              		.loc 1 704 24 view .LVU591
 2192 0054 0133     		adds	r3, r3, #1
ARM GAS  C:\Users\zhmis\AppData\Local\Temp\ccb1Q8bk.s 			page 60


 2193              		.loc 1 704 5 view .LVU592
 2194 0056 9A45     		cmp	r10, r3
 2195 0058 35DC     		bgt	.L160
 705:Core/Src/z_displ_ST7735.c **** 		y=y0;
 706:Core/Src/z_displ_ST7735.c **** 	else
 707:Core/Src/z_displ_ST7735.c **** 		y=(y1+y0+1-font.Height) >> 1;
 2196              		.loc 1 707 3 is_stmt 1 view .LVU593
 2197              		.loc 1 707 8 is_stmt 0 view .LVU594
 2198 005a 07EB0509 		add	r9, r7, r5
 2199              		.loc 1 707 11 view .LVU595
 2200 005e 09F10109 		add	r9, r9, #1
 2201              		.loc 1 707 13 view .LVU596
 2202 0062 A9EB0A09 		sub	r9, r9, r10
 2203              		.loc 1 707 4 view .LVU597
 2204 0066 C9F34F09 		ubfx	r9, r9, #1, #16
 2205              	.LVL244:
 2206              	.L154:
 708:Core/Src/z_displ_ST7735.c **** 
 709:Core/Src/z_displ_ST7735.c **** 	if (x>x0){
 2207              		.loc 1 709 2 is_stmt 1 view .LVU598
 2208              		.loc 1 709 5 is_stmt 0 view .LVU599
 2209 006a A045     		cmp	r8, r4
 2210 006c 2DD8     		bhi	.L164
 710:Core/Src/z_displ_ST7735.c **** 		Displ_FillArea(x0,y0,x-x0,y1-y0+1,bgcolor);
 711:Core/Src/z_displ_ST7735.c **** 	} else
 712:Core/Src/z_displ_ST7735.c **** 		x=x0; // fixing here mistake could be due to roundings: x lower than x0.
 2211              		.loc 1 712 4 view .LVU600
 2212 006e A046     		mov	r8, r4
 2213              	.LVL245:
 2214              	.L155:
 713:Core/Src/z_displ_ST7735.c **** 	if (x1>(strlen(str)*wsize+x0))
 2215              		.loc 1 713 2 is_stmt 1 view .LVU601
 2216              		.loc 1 713 10 is_stmt 0 view .LVU602
 2217 0070 1298     		ldr	r0, [sp, #72]
 2218 0072 FFF7FEFF 		bl	strlen
 2219              	.LVL246:
 2220              		.loc 1 713 27 discriminator 1 view .LVU603
 2221 0076 069B     		ldr	r3, [sp, #24]
 2222 0078 00FB0340 		mla	r0, r0, r3, r4
 2223              		.loc 1 713 5 discriminator 1 view .LVU604
 2224 007c 8642     		cmp	r6, r0
 2225 007e 32D8     		bhi	.L165
 2226              	.L156:
 714:Core/Src/z_displ_ST7735.c **** 		Displ_FillArea(x1-x+x0-1,y0,x-x0+1,y1-y0+1,bgcolor);
 715:Core/Src/z_displ_ST7735.c **** 
 716:Core/Src/z_displ_ST7735.c **** 	if (y>y0){
 2227              		.loc 1 716 2 is_stmt 1 view .LVU605
 2228              		.loc 1 716 5 is_stmt 0 view .LVU606
 2229 0080 A945     		cmp	r9, r5
 2230 0082 46D8     		bhi	.L166
 717:Core/Src/z_displ_ST7735.c **** 		Displ_FillArea(x0,y0,x1-x0+1,y-y0,bgcolor);
 718:Core/Src/z_displ_ST7735.c **** 	} else
 719:Core/Src/z_displ_ST7735.c **** 		y=y0; //same comment as above
 2231              		.loc 1 719 4 view .LVU607
 2232 0084 A946     		mov	r9, r5
 2233              	.LVL247:
 2234              	.L157:
ARM GAS  C:\Users\zhmis\AppData\Local\Temp\ccb1Q8bk.s 			page 61


 720:Core/Src/z_displ_ST7735.c **** 	if (y1>=(font.Height+y0))
 2235              		.loc 1 720 2 is_stmt 1 view .LVU608
 2236              		.loc 1 720 22 is_stmt 0 view .LVU609
 2237 0086 AA44     		add	r10, r10, r5
 2238              		.loc 1 720 5 view .LVU610
 2239 0088 5745     		cmp	r7, r10
 2240 008a 50DA     		bge	.L167
 2241              	.LVL248:
 2242              	.L158:
 721:Core/Src/z_displ_ST7735.c **** 		Displ_FillArea(x0,y1-y+y0,x1-x0+1,y-y0+1,bgcolor);
 722:Core/Src/z_displ_ST7735.c **** 
 723:Core/Src/z_displ_ST7735.c **** 	cambia = !cambia;
 2243              		.loc 1 723 2 is_stmt 1 view .LVU611
 2244              		.loc 1 723 11 is_stmt 0 view .LVU612
 2245 008c 324A     		ldr	r2, .L168
 2246 008e 1378     		ldrb	r3, [r2]	@ zero_extendqisi2
 2247 0090 B3FA83F3 		clz	r3, r3
 2248 0094 5B09     		lsrs	r3, r3, #5
 2249              		.loc 1 723 9 view .LVU613
 2250 0096 1370     		strb	r3, [r2]
 724:Core/Src/z_displ_ST7735.c **** 
 725:Core/Src/z_displ_ST7735.c **** 	Displ_WString(x, y, str, font, size, color, bgcolor);
 2251              		.loc 1 725 2 is_stmt 1 view .LVU614
 2252 0098 CDF810B0 		str	fp, [sp, #16]
 2253 009c BDF85C30 		ldrh	r3, [sp, #92]
 2254 00a0 0393     		str	r3, [sp, #12]
 2255 00a2 079B     		ldr	r3, [sp, #28]
 2256 00a4 0293     		str	r3, [sp, #8]
 2257 00a6 14AB     		add	r3, sp, #80
 2258 00a8 93E80300 		ldm	r3, {r0, r1}
 2259 00ac 8DE80300 		stm	sp, {r0, r1}
 2260 00b0 139B     		ldr	r3, [sp, #76]
 2261 00b2 129A     		ldr	r2, [sp, #72]
 2262 00b4 4946     		mov	r1, r9
 2263 00b6 4046     		mov	r0, r8
 2264 00b8 FFF7FEFF 		bl	Displ_WString
 2265              	.LVL249:
 726:Core/Src/z_displ_ST7735.c **** 
 727:Core/Src/z_displ_ST7735.c **** }
 2266              		.loc 1 727 1 is_stmt 0 view .LVU615
 2267 00bc 09B0     		add	sp, sp, #36
 2268              		.cfi_remember_state
 2269              		.cfi_def_cfa_offset 36
 2270              		@ sp needed
 2271 00be BDE8F08F 		pop	{r4, r5, r6, r7, r8, r9, r10, fp, pc}
 2272              	.LVL250:
 2273              	.L159:
 2274              		.cfi_restore_state
 701:Core/Src/z_displ_ST7735.c **** 	else
 2275              		.loc 1 701 4 view .LVU616
 2276 00c2 A046     		mov	r8, r4
 2277              	.LVL251:
 701:Core/Src/z_displ_ST7735.c **** 	else
 2278              		.loc 1 701 4 view .LVU617
 2279 00c4 C3E7     		b	.L153
 2280              	.LVL252:
 2281              	.L160:
ARM GAS  C:\Users\zhmis\AppData\Local\Temp\ccb1Q8bk.s 			page 62


 705:Core/Src/z_displ_ST7735.c **** 	else
 2282              		.loc 1 705 4 view .LVU618
 2283 00c6 A946     		mov	r9, r5
 2284 00c8 CFE7     		b	.L154
 2285              	.LVL253:
 2286              	.L164:
 710:Core/Src/z_displ_ST7735.c **** 	} else
 2287              		.loc 1 710 3 is_stmt 1 view .LVU619
 710:Core/Src/z_displ_ST7735.c **** 	} else
 2288              		.loc 1 710 31 is_stmt 0 view .LVU620
 2289 00ca 7B1B     		subs	r3, r7, r5
 2290 00cc 9BB2     		uxth	r3, r3
 710:Core/Src/z_displ_ST7735.c **** 	} else
 2291              		.loc 1 710 3 view .LVU621
 2292 00ce 0133     		adds	r3, r3, #1
 2293 00d0 A8EB0402 		sub	r2, r8, r4
 2294 00d4 CDF800B0 		str	fp, [sp]
 2295 00d8 9BB2     		uxth	r3, r3
 2296 00da 92B2     		uxth	r2, r2
 2297 00dc 2946     		mov	r1, r5
 2298 00de 2046     		mov	r0, r4
 2299 00e0 FFF7FEFF 		bl	Displ_FillArea
 2300              	.LVL254:
 2301 00e4 C4E7     		b	.L155
 2302              	.L165:
 714:Core/Src/z_displ_ST7735.c **** 
 2303              		.loc 1 714 3 is_stmt 1 view .LVU622
 714:Core/Src/z_displ_ST7735.c **** 
 2304              		.loc 1 714 20 is_stmt 0 view .LVU623
 2305 00e6 A6EB0800 		sub	r0, r6, r8
 714:Core/Src/z_displ_ST7735.c **** 
 2306              		.loc 1 714 22 view .LVU624
 2307 00ea 14FA80F0 		uxtah	r0, r4, r0
 2308 00ee 80B2     		uxth	r0, r0
 714:Core/Src/z_displ_ST7735.c **** 
 2309              		.loc 1 714 32 view .LVU625
 2310 00f0 A8EB0402 		sub	r2, r8, r4
 2311 00f4 92B2     		uxth	r2, r2
 714:Core/Src/z_displ_ST7735.c **** 
 2312              		.loc 1 714 40 view .LVU626
 2313 00f6 7B1B     		subs	r3, r7, r5
 2314 00f8 9BB2     		uxth	r3, r3
 714:Core/Src/z_displ_ST7735.c **** 
 2315              		.loc 1 714 3 view .LVU627
 2316 00fa 0133     		adds	r3, r3, #1
 2317 00fc 0132     		adds	r2, r2, #1
 2318 00fe 0138     		subs	r0, r0, #1
 2319 0100 CDF800B0 		str	fp, [sp]
 2320 0104 9BB2     		uxth	r3, r3
 2321 0106 92B2     		uxth	r2, r2
 2322 0108 2946     		mov	r1, r5
 2323 010a 80B2     		uxth	r0, r0
 2324 010c FFF7FEFF 		bl	Displ_FillArea
 2325              	.LVL255:
 2326 0110 B6E7     		b	.L156
 2327              	.L166:
 717:Core/Src/z_displ_ST7735.c **** 	} else
ARM GAS  C:\Users\zhmis\AppData\Local\Temp\ccb1Q8bk.s 			page 63


 2328              		.loc 1 717 3 is_stmt 1 view .LVU628
 717:Core/Src/z_displ_ST7735.c **** 	} else
 2329              		.loc 1 717 26 is_stmt 0 view .LVU629
 2330 0112 321B     		subs	r2, r6, r4
 2331 0114 92B2     		uxth	r2, r2
 717:Core/Src/z_displ_ST7735.c **** 	} else
 2332              		.loc 1 717 3 view .LVU630
 2333 0116 A9EB0503 		sub	r3, r9, r5
 2334 011a 0132     		adds	r2, r2, #1
 2335 011c CDF800B0 		str	fp, [sp]
 2336 0120 9BB2     		uxth	r3, r3
 2337 0122 92B2     		uxth	r2, r2
 2338 0124 2946     		mov	r1, r5
 2339 0126 2046     		mov	r0, r4
 2340 0128 FFF7FEFF 		bl	Displ_FillArea
 2341              	.LVL256:
 2342 012c ABE7     		b	.L157
 2343              	.L167:
 721:Core/Src/z_displ_ST7735.c **** 
 2344              		.loc 1 721 3 is_stmt 1 view .LVU631
 721:Core/Src/z_displ_ST7735.c **** 
 2345              		.loc 1 721 23 is_stmt 0 view .LVU632
 2346 012e A7EB0907 		sub	r7, r7, r9
 721:Core/Src/z_displ_ST7735.c **** 
 2347              		.loc 1 721 31 view .LVU633
 2348 0132 321B     		subs	r2, r6, r4
 2349 0134 92B2     		uxth	r2, r2
 721:Core/Src/z_displ_ST7735.c **** 
 2350              		.loc 1 721 38 view .LVU634
 2351 0136 A9EB0503 		sub	r3, r9, r5
 2352 013a 9BB2     		uxth	r3, r3
 721:Core/Src/z_displ_ST7735.c **** 
 2353              		.loc 1 721 3 view .LVU635
 2354 013c 0133     		adds	r3, r3, #1
 2355 013e 0132     		adds	r2, r2, #1
 2356 0140 15FA87F7 		uxtah	r7, r5, r7
 2357 0144 CDF800B0 		str	fp, [sp]
 2358 0148 9BB2     		uxth	r3, r3
 2359 014a 92B2     		uxth	r2, r2
 2360 014c B9B2     		uxth	r1, r7
 2361 014e 2046     		mov	r0, r4
 2362 0150 FFF7FEFF 		bl	Displ_FillArea
 2363              	.LVL257:
 2364 0154 9AE7     		b	.L158
 2365              	.L169:
 2366 0156 00BF     		.align	2
 2367              	.L168:
 2368 0158 00000000 		.word	cambia.0
 2369              		.cfi_endproc
 2370              	.LFE153:
 2372              		.section	.text.Displ_Init,"ax",%progbits
 2373              		.align	1
 2374              		.global	Displ_Init
 2375              		.syntax unified
 2376              		.thumb
 2377              		.thumb_func
 2379              	Displ_Init:
ARM GAS  C:\Users\zhmis\AppData\Local\Temp\ccb1Q8bk.s 			page 64


 2380              	.LVL258:
 2381              	.LFB154:
 728:Core/Src/z_displ_ST7735.c **** 
 729:Core/Src/z_displ_ST7735.c **** 
 730:Core/Src/z_displ_ST7735.c **** 
 731:Core/Src/z_displ_ST7735.c **** 
 732:Core/Src/z_displ_ST7735.c **** 
 733:Core/Src/z_displ_ST7735.c **** /*****************
 734:Core/Src/z_displ_ST7735.c ****  * @brief	first display initialization.
 735:Core/Src/z_displ_ST7735.c ****  * @param	orientation: display orientation
 736:Core/Src/z_displ_ST7735.c ****  *****************/
 737:Core/Src/z_displ_ST7735.c **** void Displ_Init(Displ_Orientat_e orientation){
 2382              		.loc 1 737 46 is_stmt 1 view -0
 2383              		.cfi_startproc
 2384              		@ args = 0, pretend = 0, frame = 0
 2385              		@ frame_needed = 0, uses_anonymous_args = 0
 2386              		.loc 1 737 46 is_stmt 0 view .LVU637
 2387 0000 08B5     		push	{r3, lr}
 2388              		.cfi_def_cfa_offset 8
 2389              		.cfi_offset 3, -8
 2390              		.cfi_offset 14, -4
 738:Core/Src/z_displ_ST7735.c **** 	ST7735_Init(orientation);
 2391              		.loc 1 738 2 is_stmt 1 view .LVU638
 2392 0002 FFF7FEFF 		bl	ST7735_Init
 2393              	.LVL259:
 739:Core/Src/z_displ_ST7735.c **** }
 2394              		.loc 1 739 1 is_stmt 0 view .LVU639
 2395 0006 08BD     		pop	{r3, pc}
 2396              		.cfi_endproc
 2397              	.LFE154:
 2399              		.section	.text.Displ_Orientation,"ax",%progbits
 2400              		.align	1
 2401              		.global	Displ_Orientation
 2402              		.syntax unified
 2403              		.thumb
 2404              		.thumb_func
 2406              	Displ_Orientation:
 2407              	.LVL260:
 2408              	.LFB155:
 740:Core/Src/z_displ_ST7735.c **** 
 741:Core/Src/z_displ_ST7735.c **** 
 742:Core/Src/z_displ_ST7735.c **** /*****************
 743:Core/Src/z_displ_ST7735.c ****  * @brief	set display orientation.
 744:Core/Src/z_displ_ST7735.c ****  * @param	orientation: display orientation
 745:Core/Src/z_displ_ST7735.c ****  *****************/
 746:Core/Src/z_displ_ST7735.c **** void Displ_Orientation(Displ_Orientat_e orientation){
 2409              		.loc 1 746 53 is_stmt 1 view -0
 2410              		.cfi_startproc
 2411              		@ args = 0, pretend = 0, frame = 0
 2412              		@ frame_needed = 0, uses_anonymous_args = 0
 2413              		.loc 1 746 53 is_stmt 0 view .LVU641
 2414 0000 08B5     		push	{r3, lr}
 2415              		.cfi_def_cfa_offset 8
 2416              		.cfi_offset 3, -8
 2417              		.cfi_offset 14, -4
 747:Core/Src/z_displ_ST7735.c **** 	ST7735_SetRotation(orientation);
 2418              		.loc 1 747 2 is_stmt 1 view .LVU642
ARM GAS  C:\Users\zhmis\AppData\Local\Temp\ccb1Q8bk.s 			page 65


 2419 0002 FFF7FEFF 		bl	ST7735_SetRotation
 2420              	.LVL261:
 748:Core/Src/z_displ_ST7735.c **** }
 2421              		.loc 1 748 1 is_stmt 0 view .LVU643
 2422 0006 08BD     		pop	{r3, pc}
 2423              		.cfi_endproc
 2424              	.LFE155:
 2426              		.section	.text.Displ_CLS,"ax",%progbits
 2427              		.align	1
 2428              		.global	Displ_CLS
 2429              		.syntax unified
 2430              		.thumb
 2431              		.thumb_func
 2433              	Displ_CLS:
 2434              	.LVL262:
 2435              	.LFB156:
 749:Core/Src/z_displ_ST7735.c **** 
 750:Core/Src/z_displ_ST7735.c **** 
 751:Core/Src/z_displ_ST7735.c **** /*****************
 752:Core/Src/z_displ_ST7735.c ****  * @brief	clear display with a color.
 753:Core/Src/z_displ_ST7735.c ****  * @param	bgcolor
 754:Core/Src/z_displ_ST7735.c ****  *****************/
 755:Core/Src/z_displ_ST7735.c **** void Displ_CLS(uint16_t bgcolor){
 2436              		.loc 1 755 33 is_stmt 1 view -0
 2437              		.cfi_startproc
 2438              		@ args = 0, pretend = 0, frame = 0
 2439              		@ frame_needed = 0, uses_anonymous_args = 0
 2440              		.loc 1 755 33 is_stmt 0 view .LVU645
 2441 0000 00B5     		push	{lr}
 2442              		.cfi_def_cfa_offset 4
 2443              		.cfi_offset 14, -4
 2444 0002 83B0     		sub	sp, sp, #12
 2445              		.cfi_def_cfa_offset 16
 756:Core/Src/z_displ_ST7735.c **** 	Displ_FillArea(0, 0, _width, _height, bgcolor);
 2446              		.loc 1 756 2 is_stmt 1 view .LVU646
 2447 0004 0090     		str	r0, [sp]
 2448 0006 054B     		ldr	r3, .L176
 2449 0008 1B88     		ldrh	r3, [r3]
 2450 000a 054A     		ldr	r2, .L176+4
 2451 000c 1288     		ldrh	r2, [r2]
 2452 000e 0021     		movs	r1, #0
 2453 0010 0846     		mov	r0, r1
 2454              	.LVL263:
 2455              		.loc 1 756 2 is_stmt 0 view .LVU647
 2456 0012 FFF7FEFF 		bl	Displ_FillArea
 2457              	.LVL264:
 757:Core/Src/z_displ_ST7735.c **** }
 2458              		.loc 1 757 1 view .LVU648
 2459 0016 03B0     		add	sp, sp, #12
 2460              		.cfi_def_cfa_offset 4
 2461              		@ sp needed
 2462 0018 5DF804FB 		ldr	pc, [sp], #4
 2463              	.L177:
 2464              		.align	2
 2465              	.L176:
 2466 001c 00000000 		.word	_height
 2467 0020 00000000 		.word	_width
ARM GAS  C:\Users\zhmis\AppData\Local\Temp\ccb1Q8bk.s 			page 66


 2468              		.cfi_endproc
 2469              	.LFE156:
 2471              		.section	.text.HAL_SPI_ErrorCallback,"ax",%progbits
 2472              		.align	1
 2473              		.global	HAL_SPI_ErrorCallback
 2474              		.syntax unified
 2475              		.thumb
 2476              		.thumb_func
 2478              	HAL_SPI_ErrorCallback:
 2479              	.LVL265:
 2480              	.LFB157:
 758:Core/Src/z_displ_ST7735.c **** 
 759:Core/Src/z_displ_ST7735.c **** 
 760:Core/Src/z_displ_ST7735.c **** 
 761:Core/Src/z_displ_ST7735.c **** void HAL_SPI_ErrorCallback(SPI_HandleTypeDef *hspi)
 762:Core/Src/z_displ_ST7735.c **** {
 2481              		.loc 1 762 1 is_stmt 1 view -0
 2482              		.cfi_startproc
 2483              		@ args = 0, pretend = 0, frame = 0
 2484              		@ frame_needed = 0, uses_anonymous_args = 0
 2485              		@ link register save eliminated.
 763:Core/Src/z_displ_ST7735.c **** 	__NOP();
 2486              		.loc 1 763 2 view .LVU650
 2487              		.syntax unified
 2488              	@ 763 "Core/Src/z_displ_ST7735.c" 1
 2489 0000 00BF     		nop
 2490              	@ 0 "" 2
 764:Core/Src/z_displ_ST7735.c **** 	if (hspi->Instance==DISPLAY_SPI) {
 2491              		.loc 1 764 2 view .LVU651
 2492              		.loc 1 764 10 is_stmt 0 view .LVU652
 2493              		.thumb
 2494              		.syntax unified
 2495 0002 0268     		ldr	r2, [r0]
 2496              		.loc 1 764 5 view .LVU653
 2497 0004 034B     		ldr	r3, .L181
 2498 0006 9A42     		cmp	r2, r3
 2499 0008 00D0     		beq	.L180
 2500              	.L178:
 765:Core/Src/z_displ_ST7735.c **** 		dispSpiAvailable=1;
 766:Core/Src/z_displ_ST7735.c **** 	}
 767:Core/Src/z_displ_ST7735.c **** }
 2501              		.loc 1 767 1 view .LVU654
 2502 000a 7047     		bx	lr
 2503              	.L180:
 765:Core/Src/z_displ_ST7735.c **** 		dispSpiAvailable=1;
 2504              		.loc 1 765 3 is_stmt 1 view .LVU655
 765:Core/Src/z_displ_ST7735.c **** 		dispSpiAvailable=1;
 2505              		.loc 1 765 19 is_stmt 0 view .LVU656
 2506 000c 024B     		ldr	r3, .L181+4
 2507 000e 0122     		movs	r2, #1
 2508 0010 1A60     		str	r2, [r3]
 2509              		.loc 1 767 1 view .LVU657
 2510 0012 FAE7     		b	.L178
 2511              	.L182:
 2512              		.align	2
 2513              	.L181:
 2514 0014 00300140 		.word	1073819648
ARM GAS  C:\Users\zhmis\AppData\Local\Temp\ccb1Q8bk.s 			page 67


 2515 0018 00000000 		.word	dispSpiAvailable
 2516              		.cfi_endproc
 2517              	.LFE157:
 2519              		.section	.text.HAL_SPI_TxCpltCallback,"ax",%progbits
 2520              		.align	1
 2521              		.global	HAL_SPI_TxCpltCallback
 2522              		.syntax unified
 2523              		.thumb
 2524              		.thumb_func
 2526              	HAL_SPI_TxCpltCallback:
 2527              	.LVL266:
 2528              	.LFB158:
 768:Core/Src/z_displ_ST7735.c **** 
 769:Core/Src/z_displ_ST7735.c **** 
 770:Core/Src/z_displ_ST7735.c **** 
 771:Core/Src/z_displ_ST7735.c **** 
 772:Core/Src/z_displ_ST7735.c **** void HAL_SPI_TxCpltCallback(SPI_HandleTypeDef *hspi) {
 2529              		.loc 1 772 54 is_stmt 1 view -0
 2530              		.cfi_startproc
 2531              		@ args = 0, pretend = 0, frame = 0
 2532              		@ frame_needed = 0, uses_anonymous_args = 0
 2533              		@ link register save eliminated.
 773:Core/Src/z_displ_ST7735.c **** 	if (hspi->Instance==DISPLAY_SPI) {
 2534              		.loc 1 773 2 view .LVU659
 2535              		.loc 1 773 10 is_stmt 0 view .LVU660
 2536 0000 0268     		ldr	r2, [r0]
 2537              		.loc 1 773 5 view .LVU661
 2538 0002 044B     		ldr	r3, .L186
 2539 0004 9A42     		cmp	r2, r3
 2540 0006 00D0     		beq	.L185
 2541              	.L183:
 774:Core/Src/z_displ_ST7735.c **** 		dispSpiAvailable=1;
 775:Core/Src/z_displ_ST7735.c **** #ifdef DISPLAY_USING_TOUCHGFX
 776:Core/Src/z_displ_ST7735.c **** 		DisplayDriver_TransferCompleteCallback();
 777:Core/Src/z_displ_ST7735.c **** #endif
 778:Core/Src/z_displ_ST7735.c **** 	}
 779:Core/Src/z_displ_ST7735.c **** }
 2542              		.loc 1 779 1 view .LVU662
 2543 0008 7047     		bx	lr
 2544              	.L185:
 774:Core/Src/z_displ_ST7735.c **** 		dispSpiAvailable=1;
 2545              		.loc 1 774 3 is_stmt 1 view .LVU663
 774:Core/Src/z_displ_ST7735.c **** 		dispSpiAvailable=1;
 2546              		.loc 1 774 19 is_stmt 0 view .LVU664
 2547 000a 034B     		ldr	r3, .L186+4
 2548 000c 0122     		movs	r2, #1
 2549 000e 1A60     		str	r2, [r3]
 2550              		.loc 1 779 1 view .LVU665
 2551 0010 FAE7     		b	.L183
 2552              	.L187:
 2553 0012 00BF     		.align	2
 2554              	.L186:
 2555 0014 00300140 		.word	1073819648
 2556 0018 00000000 		.word	dispSpiAvailable
 2557              		.cfi_endproc
 2558              	.LFE158:
 2560              		.section	.text.drawCircleHelper,"ax",%progbits
ARM GAS  C:\Users\zhmis\AppData\Local\Temp\ccb1Q8bk.s 			page 68


 2561              		.align	1
 2562              		.global	drawCircleHelper
 2563              		.syntax unified
 2564              		.thumb
 2565              		.thumb_func
 2567              	drawCircleHelper:
 2568              	.LVL267:
 2569              	.LFB159:
 780:Core/Src/z_displ_ST7735.c **** 
 781:Core/Src/z_displ_ST7735.c **** 
 782:Core/Src/z_displ_ST7735.c **** 
 783:Core/Src/z_displ_ST7735.c **** 
 784:Core/Src/z_displ_ST7735.c **** 
 785:Core/Src/z_displ_ST7735.c **** /****************************************************************************
 786:Core/Src/z_displ_ST7735.c ****  ************** demo functions from previous library *************************
 787:Core/Src/z_displ_ST7735.c ****  ************** not checked, nor optimized
 788:Core/Src/z_displ_ST7735.c ****  ****************************************************************************/
 789:Core/Src/z_displ_ST7735.c **** 
 790:Core/Src/z_displ_ST7735.c **** 
 791:Core/Src/z_displ_ST7735.c **** 
 792:Core/Src/z_displ_ST7735.c **** void drawCircleHelper( int16_t x0, int16_t y0, int16_t r, uint8_t cornername, uint16_t color)
 793:Core/Src/z_displ_ST7735.c **** {
 2570              		.loc 1 793 1 is_stmt 1 view -0
 2571              		.cfi_startproc
 2572              		@ args = 4, pretend = 0, frame = 24
 2573              		@ frame_needed = 0, uses_anonymous_args = 0
 2574              		.loc 1 793 1 is_stmt 0 view .LVU667
 2575 0000 2DE9F04F 		push	{r4, r5, r6, r7, r8, r9, r10, fp, lr}
 2576              		.cfi_def_cfa_offset 36
 2577              		.cfi_offset 4, -36
 2578              		.cfi_offset 5, -32
 2579              		.cfi_offset 6, -28
 2580              		.cfi_offset 7, -24
 2581              		.cfi_offset 8, -20
 2582              		.cfi_offset 9, -16
 2583              		.cfi_offset 10, -12
 2584              		.cfi_offset 11, -8
 2585              		.cfi_offset 14, -4
 2586 0004 87B0     		sub	sp, sp, #28
 2587              		.cfi_def_cfa_offset 64
 2588 0006 0390     		str	r0, [sp, #12]
 2589 0008 0491     		str	r1, [sp, #16]
 2590 000a 9046     		mov	r8, r2
 2591 000c 1E46     		mov	r6, r3
 2592 000e BDF84030 		ldrh	r3, [sp, #64]
 2593              	.LVL268:
 2594              		.loc 1 793 1 view .LVU668
 2595 0012 0193     		str	r3, [sp, #4]
 794:Core/Src/z_displ_ST7735.c ****     int16_t f     = 1 - r;
 2596              		.loc 1 794 5 is_stmt 1 view .LVU669
 2597              		.loc 1 794 23 is_stmt 0 view .LVU670
 2598 0014 93B2     		uxth	r3, r2
 2599 0016 C3F10104 		rsb	r4, r3, #1
 2600              		.loc 1 794 13 view .LVU671
 2601 001a 24B2     		sxth	r4, r4
 2602              	.LVL269:
 795:Core/Src/z_displ_ST7735.c ****     int16_t ddF_x = 1;
ARM GAS  C:\Users\zhmis\AppData\Local\Temp\ccb1Q8bk.s 			page 69


 2603              		.loc 1 795 5 is_stmt 1 view .LVU672
 796:Core/Src/z_displ_ST7735.c ****     int16_t ddF_y = -2 * r;
 2604              		.loc 1 796 5 view .LVU673
 2605              		.loc 1 796 24 is_stmt 0 view .LVU674
 2606 001c C3EBC333 		rsb	r3, r3, r3, lsl #15
 2607 0020 5B00     		lsls	r3, r3, #1
 2608              		.loc 1 796 13 view .LVU675
 2609 0022 1BB2     		sxth	r3, r3
 2610 0024 0593     		str	r3, [sp, #20]
 2611              	.LVL270:
 797:Core/Src/z_displ_ST7735.c ****     int16_t x     = 0;
 2612              		.loc 1 797 5 is_stmt 1 view .LVU676
 798:Core/Src/z_displ_ST7735.c ****     int16_t y     = r;
 2613              		.loc 1 798 5 view .LVU677
 799:Core/Src/z_displ_ST7735.c **** 
 800:Core/Src/z_displ_ST7735.c ****     while (x<y) {
 2614              		.loc 1 800 5 view .LVU678
 797:Core/Src/z_displ_ST7735.c ****     int16_t y     = r;
 2615              		.loc 1 797 13 is_stmt 0 view .LVU679
 2616 0026 0025     		movs	r5, #0
 795:Core/Src/z_displ_ST7735.c ****     int16_t ddF_y = -2 * r;
 2617              		.loc 1 795 13 view .LVU680
 2618 0028 0123     		movs	r3, #1
 2619 002a 0293     		str	r3, [sp, #8]
 2620              		.loc 1 800 11 view .LVU681
 2621 002c 20E0     		b	.L189
 2622              	.LVL271:
 2623              	.L202:
 801:Core/Src/z_displ_ST7735.c ****         if (f >= 0) {
 802:Core/Src/z_displ_ST7735.c ****             y--;
 2624              		.loc 1 802 13 is_stmt 1 view .LVU682
 2625              		.loc 1 802 14 is_stmt 0 view .LVU683
 2626 002e 08F1FF38 		add	r8, r8, #-1
 2627              	.LVL272:
 2628              		.loc 1 802 14 view .LVU684
 2629 0032 0FFA88F8 		sxth	r8, r8
 2630              	.LVL273:
 803:Core/Src/z_displ_ST7735.c ****             ddF_y += 2;
 2631              		.loc 1 803 13 is_stmt 1 view .LVU685
 2632              		.loc 1 803 19 is_stmt 0 view .LVU686
 2633 0036 059B     		ldr	r3, [sp, #20]
 2634 0038 0233     		adds	r3, r3, #2
 2635 003a 1AB2     		sxth	r2, r3
 2636 003c 0592     		str	r2, [sp, #20]
 2637              	.LVL274:
 804:Core/Src/z_displ_ST7735.c ****             f     += ddF_y;
 2638              		.loc 1 804 13 is_stmt 1 view .LVU687
 2639              		.loc 1 804 19 is_stmt 0 view .LVU688
 2640 003e 14FA83F3 		uxtah	r3, r4, r3
 2641 0042 1CB2     		sxth	r4, r3
 2642              	.LVL275:
 2643              	.L190:
 805:Core/Src/z_displ_ST7735.c ****         }
 806:Core/Src/z_displ_ST7735.c ****         x++;
 2644              		.loc 1 806 9 is_stmt 1 view .LVU689
 2645              		.loc 1 806 10 is_stmt 0 view .LVU690
 2646 0044 0135     		adds	r5, r5, #1
ARM GAS  C:\Users\zhmis\AppData\Local\Temp\ccb1Q8bk.s 			page 70


 2647              	.LVL276:
 2648              		.loc 1 806 10 view .LVU691
 2649 0046 AFB2     		uxth	r7, r5
 2650 0048 2DB2     		sxth	r5, r5
 2651              	.LVL277:
 807:Core/Src/z_displ_ST7735.c ****         ddF_x += 2;
 2652              		.loc 1 807 9 is_stmt 1 view .LVU692
 2653              		.loc 1 807 15 is_stmt 0 view .LVU693
 2654 004a 029B     		ldr	r3, [sp, #8]
 2655 004c 0233     		adds	r3, r3, #2
 2656 004e 1AB2     		sxth	r2, r3
 2657 0050 0292     		str	r2, [sp, #8]
 2658              	.LVL278:
 808:Core/Src/z_displ_ST7735.c ****         f     += ddF_x;
 2659              		.loc 1 808 9 is_stmt 1 view .LVU694
 2660              		.loc 1 808 15 is_stmt 0 view .LVU695
 2661 0052 14FA83F3 		uxtah	r3, r4, r3
 2662 0056 1CB2     		sxth	r4, r3
 2663              	.LVL279:
 809:Core/Src/z_displ_ST7735.c ****         if (cornername & 0x4) {
 2664              		.loc 1 809 9 is_stmt 1 view .LVU696
 2665              		.loc 1 809 12 is_stmt 0 view .LVU697
 2666 0058 16F0040F 		tst	r6, #4
 2667 005c 0DD1     		bne	.L197
 2668              	.L191:
 810:Core/Src/z_displ_ST7735.c ****             Displ_Pixel(x0 + x, y0 + y, color);
 811:Core/Src/z_displ_ST7735.c ****             Displ_Pixel(x0 + y, y0 + x, color);
 812:Core/Src/z_displ_ST7735.c ****         }
 813:Core/Src/z_displ_ST7735.c ****         if (cornername & 0x2) {
 2669              		.loc 1 813 9 is_stmt 1 view .LVU698
 2670              		.loc 1 813 12 is_stmt 0 view .LVU699
 2671 005e 16F0020F 		tst	r6, #2
 2672 0062 23D1     		bne	.L198
 2673              	.L192:
 814:Core/Src/z_displ_ST7735.c ****         	Displ_Pixel(x0 + x, y0 - y, color);
 815:Core/Src/z_displ_ST7735.c ****         	Displ_Pixel(x0 + y, y0 - x, color);
 816:Core/Src/z_displ_ST7735.c ****         }
 817:Core/Src/z_displ_ST7735.c ****         if (cornername & 0x8) {
 2674              		.loc 1 817 9 is_stmt 1 view .LVU700
 2675              		.loc 1 817 12 is_stmt 0 view .LVU701
 2676 0064 16F0080F 		tst	r6, #8
 2677 0068 39D1     		bne	.L199
 2678              	.L193:
 818:Core/Src/z_displ_ST7735.c ****         	Displ_Pixel(x0 - y, y0 + x, color);
 819:Core/Src/z_displ_ST7735.c ****         	Displ_Pixel(x0 - x, y0 + y, color);
 820:Core/Src/z_displ_ST7735.c ****         }
 821:Core/Src/z_displ_ST7735.c ****         if (cornername & 0x1) {
 2679              		.loc 1 821 9 is_stmt 1 view .LVU702
 2680              		.loc 1 821 12 is_stmt 0 view .LVU703
 2681 006a 16F0010F 		tst	r6, #1
 2682 006e 4FD1     		bne	.L200
 2683              	.LVL280:
 2684              	.L189:
 800:Core/Src/z_displ_ST7735.c ****         if (f >= 0) {
 2685              		.loc 1 800 13 is_stmt 1 view .LVU704
 2686 0070 4545     		cmp	r5, r8
 2687 0072 66DA     		bge	.L201
ARM GAS  C:\Users\zhmis\AppData\Local\Temp\ccb1Q8bk.s 			page 71


 801:Core/Src/z_displ_ST7735.c ****             y--;
 2688              		.loc 1 801 9 view .LVU705
 801:Core/Src/z_displ_ST7735.c ****             y--;
 2689              		.loc 1 801 12 is_stmt 0 view .LVU706
 2690 0074 002C     		cmp	r4, #0
 2691 0076 DADA     		bge	.L202
 2692 0078 E4E7     		b	.L190
 2693              	.L197:
 810:Core/Src/z_displ_ST7735.c ****             Displ_Pixel(x0 + y, y0 + x, color);
 2694              		.loc 1 810 13 is_stmt 1 view .LVU707
 2695 007a BDF80C90 		ldrh	r9, [sp, #12]
 2696 007e BDF810A0 		ldrh	r10, [sp, #16]
 2697 0082 1FFA88FB 		uxth	fp, r8
 2698 0086 0AEB0B01 		add	r1, r10, fp
 2699 008a 07EB0900 		add	r0, r7, r9
 2700 008e 019A     		ldr	r2, [sp, #4]
 2701 0090 89B2     		uxth	r1, r1
 2702 0092 80B2     		uxth	r0, r0
 2703 0094 FFF7FEFF 		bl	Displ_Pixel
 2704              	.LVL281:
 811:Core/Src/z_displ_ST7735.c ****         }
 2705              		.loc 1 811 13 view .LVU708
 2706 0098 07EB0A01 		add	r1, r7, r10
 2707 009c 09EB0B00 		add	r0, r9, fp
 2708 00a0 019A     		ldr	r2, [sp, #4]
 2709 00a2 89B2     		uxth	r1, r1
 2710 00a4 80B2     		uxth	r0, r0
 2711 00a6 FFF7FEFF 		bl	Displ_Pixel
 2712              	.LVL282:
 2713 00aa D8E7     		b	.L191
 2714              	.L198:
 814:Core/Src/z_displ_ST7735.c ****         	Displ_Pixel(x0 + y, y0 - x, color);
 2715              		.loc 1 814 10 view .LVU709
 2716 00ac BDF80C90 		ldrh	r9, [sp, #12]
 2717 00b0 BDF810A0 		ldrh	r10, [sp, #16]
 2718 00b4 1FFA88FB 		uxth	fp, r8
 2719 00b8 AAEB0B01 		sub	r1, r10, fp
 2720 00bc 07EB0900 		add	r0, r7, r9
 2721 00c0 019A     		ldr	r2, [sp, #4]
 2722 00c2 89B2     		uxth	r1, r1
 2723 00c4 80B2     		uxth	r0, r0
 2724 00c6 FFF7FEFF 		bl	Displ_Pixel
 2725              	.LVL283:
 815:Core/Src/z_displ_ST7735.c ****         }
 2726              		.loc 1 815 10 view .LVU710
 2727 00ca AAEB0701 		sub	r1, r10, r7
 2728 00ce 09EB0B00 		add	r0, r9, fp
 2729 00d2 019A     		ldr	r2, [sp, #4]
 2730 00d4 89B2     		uxth	r1, r1
 2731 00d6 80B2     		uxth	r0, r0
 2732 00d8 FFF7FEFF 		bl	Displ_Pixel
 2733              	.LVL284:
 2734 00dc C2E7     		b	.L192
 2735              	.L199:
 818:Core/Src/z_displ_ST7735.c ****         	Displ_Pixel(x0 - x, y0 + y, color);
 2736              		.loc 1 818 10 view .LVU711
 2737 00de BDF80C90 		ldrh	r9, [sp, #12]
ARM GAS  C:\Users\zhmis\AppData\Local\Temp\ccb1Q8bk.s 			page 72


 2738 00e2 1FFA88FA 		uxth	r10, r8
 2739 00e6 BDF810B0 		ldrh	fp, [sp, #16]
 2740 00ea 07EB0B01 		add	r1, r7, fp
 2741 00ee A9EB0A00 		sub	r0, r9, r10
 2742 00f2 019A     		ldr	r2, [sp, #4]
 2743 00f4 89B2     		uxth	r1, r1
 2744 00f6 80B2     		uxth	r0, r0
 2745 00f8 FFF7FEFF 		bl	Displ_Pixel
 2746              	.LVL285:
 819:Core/Src/z_displ_ST7735.c ****         }
 2747              		.loc 1 819 10 view .LVU712
 2748 00fc 0AEB0B01 		add	r1, r10, fp
 2749 0100 A9EB0700 		sub	r0, r9, r7
 2750 0104 019A     		ldr	r2, [sp, #4]
 2751 0106 89B2     		uxth	r1, r1
 2752 0108 80B2     		uxth	r0, r0
 2753 010a FFF7FEFF 		bl	Displ_Pixel
 2754              	.LVL286:
 2755 010e ACE7     		b	.L193
 2756              	.L200:
 822:Core/Src/z_displ_ST7735.c ****         	Displ_Pixel(x0 - y, y0 - x, color);
 2757              		.loc 1 822 10 view .LVU713
 2758 0110 BDF80C90 		ldrh	r9, [sp, #12]
 2759 0114 1FFA88FB 		uxth	fp, r8
 2760 0118 BDF810A0 		ldrh	r10, [sp, #16]
 2761 011c AAEB0701 		sub	r1, r10, r7
 2762 0120 A9EB0B00 		sub	r0, r9, fp
 2763 0124 019A     		ldr	r2, [sp, #4]
 2764 0126 89B2     		uxth	r1, r1
 2765 0128 80B2     		uxth	r0, r0
 2766 012a FFF7FEFF 		bl	Displ_Pixel
 2767              	.LVL287:
 823:Core/Src/z_displ_ST7735.c ****         	Displ_Pixel(x0 - x, y0 - y, color);
 2768              		.loc 1 823 10 view .LVU714
 2769 012e AAEB0B01 		sub	r1, r10, fp
 2770 0132 A9EB0700 		sub	r0, r9, r7
 2771 0136 019A     		ldr	r2, [sp, #4]
 2772 0138 89B2     		uxth	r1, r1
 2773 013a 80B2     		uxth	r0, r0
 2774 013c FFF7FEFF 		bl	Displ_Pixel
 2775              	.LVL288:
 2776 0140 96E7     		b	.L189
 2777              	.L201:
 824:Core/Src/z_displ_ST7735.c ****         }
 825:Core/Src/z_displ_ST7735.c ****     }
 826:Core/Src/z_displ_ST7735.c **** }
 2778              		.loc 1 826 1 is_stmt 0 view .LVU715
 2779 0142 07B0     		add	sp, sp, #28
 2780              		.cfi_def_cfa_offset 36
 2781              		@ sp needed
 2782 0144 BDE8F08F 		pop	{r4, r5, r6, r7, r8, r9, r10, fp, pc}
 2783              		.loc 1 826 1 view .LVU716
 2784              		.cfi_endproc
 2785              	.LFE159:
 2787              		.section	.text.fillCircleHelper,"ax",%progbits
 2788              		.align	1
 2789              		.global	fillCircleHelper
ARM GAS  C:\Users\zhmis\AppData\Local\Temp\ccb1Q8bk.s 			page 73


 2790              		.syntax unified
 2791              		.thumb
 2792              		.thumb_func
 2794              	fillCircleHelper:
 2795              	.LVL289:
 2796              	.LFB160:
 827:Core/Src/z_displ_ST7735.c **** 
 828:Core/Src/z_displ_ST7735.c **** 
 829:Core/Src/z_displ_ST7735.c **** 
 830:Core/Src/z_displ_ST7735.c **** 
 831:Core/Src/z_displ_ST7735.c **** 
 832:Core/Src/z_displ_ST7735.c **** void fillCircleHelper(int16_t x0, int16_t y0, int16_t r, uint8_t corners, int16_t delta, uint16_t c
 2797              		.loc 1 832 105 is_stmt 1 view -0
 2798              		.cfi_startproc
 2799              		@ args = 8, pretend = 0, frame = 24
 2800              		@ frame_needed = 0, uses_anonymous_args = 0
 2801              		.loc 1 832 105 is_stmt 0 view .LVU718
 2802 0000 2DE9F04F 		push	{r4, r5, r6, r7, r8, r9, r10, fp, lr}
 2803              		.cfi_def_cfa_offset 36
 2804              		.cfi_offset 4, -36
 2805              		.cfi_offset 5, -32
 2806              		.cfi_offset 6, -28
 2807              		.cfi_offset 7, -24
 2808              		.cfi_offset 8, -20
 2809              		.cfi_offset 9, -16
 2810              		.cfi_offset 10, -12
 2811              		.cfi_offset 11, -8
 2812              		.cfi_offset 14, -4
 2813 0004 89B0     		sub	sp, sp, #36
 2814              		.cfi_def_cfa_offset 72
 2815 0006 0590     		str	r0, [sp, #20]
 2816 0008 0691     		str	r1, [sp, #24]
 2817 000a 1646     		mov	r6, r2
 2818 000c 9B46     		mov	fp, r3
 2819 000e BDF84C30 		ldrh	r3, [sp, #76]
 2820              	.LVL290:
 2821              		.loc 1 832 105 view .LVU719
 2822 0012 0393     		str	r3, [sp, #12]
 833:Core/Src/z_displ_ST7735.c ****     int16_t f     = 1 - r;
 2823              		.loc 1 833 5 is_stmt 1 view .LVU720
 2824              		.loc 1 833 23 is_stmt 0 view .LVU721
 2825 0014 93B2     		uxth	r3, r2
 2826 0016 C3F10104 		rsb	r4, r3, #1
 2827              		.loc 1 833 13 view .LVU722
 2828 001a 24B2     		sxth	r4, r4
 2829              	.LVL291:
 834:Core/Src/z_displ_ST7735.c ****     int16_t ddF_x = 1;
 2830              		.loc 1 834 5 is_stmt 1 view .LVU723
 835:Core/Src/z_displ_ST7735.c ****     int16_t ddF_y = -2 * r;
 2831              		.loc 1 835 5 view .LVU724
 2832              		.loc 1 835 24 is_stmt 0 view .LVU725
 2833 001c C3EBC333 		rsb	r3, r3, r3, lsl #15
 2834 0020 5B00     		lsls	r3, r3, #1
 2835              		.loc 1 835 13 view .LVU726
 2836 0022 1BB2     		sxth	r3, r3
 2837 0024 0293     		str	r3, [sp, #8]
 2838              	.LVL292:
ARM GAS  C:\Users\zhmis\AppData\Local\Temp\ccb1Q8bk.s 			page 74


 836:Core/Src/z_displ_ST7735.c ****     int16_t x     = 0;
 2839              		.loc 1 836 5 is_stmt 1 view .LVU727
 837:Core/Src/z_displ_ST7735.c ****     int16_t y     = r;
 2840              		.loc 1 837 5 view .LVU728
 838:Core/Src/z_displ_ST7735.c ****     int16_t px    = x;
 2841              		.loc 1 838 5 view .LVU729
 839:Core/Src/z_displ_ST7735.c ****     int16_t py    = y;
 2842              		.loc 1 839 5 view .LVU730
 840:Core/Src/z_displ_ST7735.c **** 
 841:Core/Src/z_displ_ST7735.c ****     delta++; // Avoid some +1's in the loop
 2843              		.loc 1 841 5 view .LVU731
 2844              		.loc 1 841 10 is_stmt 0 view .LVU732
 2845 0026 BDF94830 		ldrsh	r3, [sp, #72]
 2846 002a 0133     		adds	r3, r3, #1
 2847 002c 9BB2     		uxth	r3, r3
 2848 002e 0493     		str	r3, [sp, #16]
 2849              	.LVL293:
 842:Core/Src/z_displ_ST7735.c **** 
 843:Core/Src/z_displ_ST7735.c ****     while(x < y) {
 2850              		.loc 1 843 5 is_stmt 1 view .LVU733
 839:Core/Src/z_displ_ST7735.c **** 
 2851              		.loc 1 839 13 is_stmt 0 view .LVU734
 2852 0030 9046     		mov	r8, r2
 836:Core/Src/z_displ_ST7735.c ****     int16_t y     = r;
 2853              		.loc 1 836 13 view .LVU735
 2854 0032 0025     		movs	r5, #0
 834:Core/Src/z_displ_ST7735.c ****     int16_t ddF_y = -2 * r;
 2855              		.loc 1 834 13 view .LVU736
 2856 0034 4FF0010A 		mov	r10, #1
 2857              		.loc 1 843 10 view .LVU737
 2858 0038 1AE0     		b	.L204
 2859              	.LVL294:
 2860              	.L214:
 844:Core/Src/z_displ_ST7735.c ****         if (f >= 0) {
 845:Core/Src/z_displ_ST7735.c ****             y--;
 846:Core/Src/z_displ_ST7735.c ****             ddF_y += 2;
 847:Core/Src/z_displ_ST7735.c ****             f     += ddF_y;
 848:Core/Src/z_displ_ST7735.c ****         }
 849:Core/Src/z_displ_ST7735.c ****         x++;
 850:Core/Src/z_displ_ST7735.c ****         ddF_x += 2;
 851:Core/Src/z_displ_ST7735.c ****         f     += ddF_x;
 852:Core/Src/z_displ_ST7735.c ****         // These checks avoid double-drawing certain lines, important
 853:Core/Src/z_displ_ST7735.c ****         // for the SSD1306 library which has an INVERT drawing mode.
 854:Core/Src/z_displ_ST7735.c ****         if(x < (y + 1)) {
 855:Core/Src/z_displ_ST7735.c **** //            if(corners & 1) drawFastVLine(x0+x, y0-y, 2*y+delta, color);
 856:Core/Src/z_displ_ST7735.c ****             if(corners & 1) Displ_Line(x0+x, y0-y, x0+x, y0-1+y+delta, color);
 2861              		.loc 1 856 29 is_stmt 1 discriminator 1 view .LVU738
 2862              		.loc 1 856 42 is_stmt 0 discriminator 1 view .LVU739
 2863 003a 059B     		ldr	r3, [sp, #20]
 2864 003c 09EB0300 		add	r0, r9, r3
 2865              		.loc 1 856 29 discriminator 1 view .LVU740
 2866 0040 00B2     		sxth	r0, r0
 2867              		.loc 1 856 48 discriminator 1 view .LVU741
 2868 0042 BDF81830 		ldrh	r3, [sp, #24]
 2869 0046 B2B2     		uxth	r2, r6
 2870 0048 991A     		subs	r1, r3, r2
 2871              		.loc 1 856 62 discriminator 1 view .LVU742
ARM GAS  C:\Users\zhmis\AppData\Local\Temp\ccb1Q8bk.s 			page 75


 2872 004a 1344     		add	r3, r3, r2
 2873              		.loc 1 856 64 discriminator 1 view .LVU743
 2874 004c 049A     		ldr	r2, [sp, #16]
 2875 004e 12FA83F3 		uxtah	r3, r2, r3
 2876 0052 013B     		subs	r3, r3, #1
 2877              		.loc 1 856 29 discriminator 1 view .LVU744
 2878 0054 039A     		ldr	r2, [sp, #12]
 2879 0056 0092     		str	r2, [sp]
 2880 0058 1BB2     		sxth	r3, r3
 2881 005a 0246     		mov	r2, r0
 2882 005c 09B2     		sxth	r1, r1
 2883 005e FFF7FEFF 		bl	Displ_Line
 2884              	.LVL295:
 2885 0062 23E0     		b	.L207
 2886              	.L206:
 857:Core/Src/z_displ_ST7735.c **** //            if(corners & 2) drawFastVLine(x0-x, y0-y, 2*y+delta, color);
 858:Core/Src/z_displ_ST7735.c ****             if(corners & 2) Displ_Line(x0-x, y0-y, x0-x, y0-1+y+delta, color);
 859:Core/Src/z_displ_ST7735.c ****         }
 860:Core/Src/z_displ_ST7735.c ****         if(y != py) {
 2887              		.loc 1 860 9 is_stmt 1 view .LVU745
 2888              		.loc 1 860 11 is_stmt 0 view .LVU746
 2889 0064 4645     		cmp	r6, r8
 2890 0066 03D0     		beq	.L204
 861:Core/Src/z_displ_ST7735.c **** //            if(corners & 1) drawFastVLine(x0+py, y0-px, 2*px+delta, color);
 862:Core/Src/z_displ_ST7735.c ****             if(corners & 1) Displ_Line(x0+py, y0-px, x0+py, y0-1+px+delta, color);
 2891              		.loc 1 862 13 is_stmt 1 view .LVU747
 2892              		.loc 1 862 15 is_stmt 0 view .LVU748
 2893 0068 1BF0010F 		tst	fp, #1
 2894 006c 37D1     		bne	.L212
 863:Core/Src/z_displ_ST7735.c **** //            if(corners & 2) drawFastVLine(x0-py, y0-px, 2*px+delta, color);
 864:Core/Src/z_displ_ST7735.c ****             if(corners & 1) Displ_Line(x0-py, y0-px, x0-py, y0-1+px+delta, color);
 865:Core/Src/z_displ_ST7735.c ****             py = y;
 2895              		.loc 1 865 16 view .LVU749
 2896 006e B046     		mov	r8, r6
 2897              	.LVL296:
 2898              	.L204:
 843:Core/Src/z_displ_ST7735.c ****         if (f >= 0) {
 2899              		.loc 1 843 13 is_stmt 1 view .LVU750
 2900 0070 B542     		cmp	r5, r6
 2901 0072 5CDA     		bge	.L213
 844:Core/Src/z_displ_ST7735.c ****             y--;
 2902              		.loc 1 844 9 view .LVU751
 844:Core/Src/z_displ_ST7735.c ****             y--;
 2903              		.loc 1 844 12 is_stmt 0 view .LVU752
 2904 0074 002C     		cmp	r4, #0
 2905 0076 08DB     		blt	.L205
 845:Core/Src/z_displ_ST7735.c ****             ddF_y += 2;
 2906              		.loc 1 845 13 is_stmt 1 view .LVU753
 845:Core/Src/z_displ_ST7735.c ****             ddF_y += 2;
 2907              		.loc 1 845 14 is_stmt 0 view .LVU754
 2908 0078 013E     		subs	r6, r6, #1
 2909              	.LVL297:
 845:Core/Src/z_displ_ST7735.c ****             ddF_y += 2;
 2910              		.loc 1 845 14 view .LVU755
 2911 007a 36B2     		sxth	r6, r6
 2912              	.LVL298:
 846:Core/Src/z_displ_ST7735.c ****             f     += ddF_y;
ARM GAS  C:\Users\zhmis\AppData\Local\Temp\ccb1Q8bk.s 			page 76


 2913              		.loc 1 846 13 is_stmt 1 view .LVU756
 846:Core/Src/z_displ_ST7735.c ****             f     += ddF_y;
 2914              		.loc 1 846 19 is_stmt 0 view .LVU757
 2915 007c 029B     		ldr	r3, [sp, #8]
 2916 007e 0233     		adds	r3, r3, #2
 2917 0080 1AB2     		sxth	r2, r3
 2918 0082 0292     		str	r2, [sp, #8]
 2919              	.LVL299:
 847:Core/Src/z_displ_ST7735.c ****         }
 2920              		.loc 1 847 13 is_stmt 1 view .LVU758
 847:Core/Src/z_displ_ST7735.c ****         }
 2921              		.loc 1 847 19 is_stmt 0 view .LVU759
 2922 0084 14FA83F3 		uxtah	r3, r4, r3
 2923 0088 1CB2     		sxth	r4, r3
 2924              	.LVL300:
 2925              	.L205:
 849:Core/Src/z_displ_ST7735.c ****         ddF_x += 2;
 2926              		.loc 1 849 9 is_stmt 1 view .LVU760
 849:Core/Src/z_displ_ST7735.c ****         ddF_x += 2;
 2927              		.loc 1 849 10 is_stmt 0 view .LVU761
 2928 008a AFB2     		uxth	r7, r5
 2929 008c 7D1C     		adds	r5, r7, #1
 2930              	.LVL301:
 849:Core/Src/z_displ_ST7735.c ****         ddF_x += 2;
 2931              		.loc 1 849 10 view .LVU762
 2932 008e 1FFA85F9 		uxth	r9, r5
 2933 0092 2DB2     		sxth	r5, r5
 2934              	.LVL302:
 850:Core/Src/z_displ_ST7735.c ****         f     += ddF_x;
 2935              		.loc 1 850 9 is_stmt 1 view .LVU763
 850:Core/Src/z_displ_ST7735.c ****         f     += ddF_x;
 2936              		.loc 1 850 15 is_stmt 0 view .LVU764
 2937 0094 0AF10203 		add	r3, r10, #2
 2938 0098 0FFA83FA 		sxth	r10, r3
 2939              	.LVL303:
 851:Core/Src/z_displ_ST7735.c ****         // These checks avoid double-drawing certain lines, important
 2940              		.loc 1 851 9 is_stmt 1 view .LVU765
 851:Core/Src/z_displ_ST7735.c ****         // These checks avoid double-drawing certain lines, important
 2941              		.loc 1 851 15 is_stmt 0 view .LVU766
 2942 009c 14FA83F3 		uxtah	r3, r4, r3
 2943 00a0 1CB2     		sxth	r4, r3
 2944              	.LVL304:
 854:Core/Src/z_displ_ST7735.c **** //            if(corners & 1) drawFastVLine(x0+x, y0-y, 2*y+delta, color);
 2945              		.loc 1 854 9 is_stmt 1 view .LVU767
 854:Core/Src/z_displ_ST7735.c **** //            if(corners & 1) drawFastVLine(x0+x, y0-y, 2*y+delta, color);
 2946              		.loc 1 854 11 is_stmt 0 view .LVU768
 2947 00a2 AE42     		cmp	r6, r5
 2948 00a4 DEDB     		blt	.L206
 856:Core/Src/z_displ_ST7735.c **** //            if(corners & 2) drawFastVLine(x0-x, y0-y, 2*y+delta, color);
 2949              		.loc 1 856 13 is_stmt 1 view .LVU769
 856:Core/Src/z_displ_ST7735.c **** //            if(corners & 2) drawFastVLine(x0-x, y0-y, 2*y+delta, color);
 2950              		.loc 1 856 15 is_stmt 0 view .LVU770
 2951 00a6 1BF0010F 		tst	fp, #1
 2952 00aa C6D1     		bne	.L214
 2953              	.L207:
 858:Core/Src/z_displ_ST7735.c ****         }
 2954              		.loc 1 858 13 is_stmt 1 view .LVU771
ARM GAS  C:\Users\zhmis\AppData\Local\Temp\ccb1Q8bk.s 			page 77


 858:Core/Src/z_displ_ST7735.c ****         }
 2955              		.loc 1 858 15 is_stmt 0 view .LVU772
 2956 00ac 1BF0020F 		tst	fp, #2
 2957 00b0 D8D0     		beq	.L206
 858:Core/Src/z_displ_ST7735.c ****         }
 2958              		.loc 1 858 29 is_stmt 1 discriminator 1 view .LVU773
 858:Core/Src/z_displ_ST7735.c ****         }
 2959              		.loc 1 858 42 is_stmt 0 discriminator 1 view .LVU774
 2960 00b2 059B     		ldr	r3, [sp, #20]
 2961 00b4 A3EB0909 		sub	r9, r3, r9
 858:Core/Src/z_displ_ST7735.c ****         }
 2962              		.loc 1 858 29 discriminator 1 view .LVU775
 2963 00b8 0FFA89F0 		sxth	r0, r9
 858:Core/Src/z_displ_ST7735.c ****         }
 2964              		.loc 1 858 48 discriminator 1 view .LVU776
 2965 00bc BDF81830 		ldrh	r3, [sp, #24]
 2966 00c0 B2B2     		uxth	r2, r6
 2967 00c2 991A     		subs	r1, r3, r2
 858:Core/Src/z_displ_ST7735.c ****         }
 2968              		.loc 1 858 62 discriminator 1 view .LVU777
 2969 00c4 1344     		add	r3, r3, r2
 858:Core/Src/z_displ_ST7735.c ****         }
 2970              		.loc 1 858 64 discriminator 1 view .LVU778
 2971 00c6 049A     		ldr	r2, [sp, #16]
 2972 00c8 12FA83F3 		uxtah	r3, r2, r3
 2973 00cc 013B     		subs	r3, r3, #1
 858:Core/Src/z_displ_ST7735.c ****         }
 2974              		.loc 1 858 29 discriminator 1 view .LVU779
 2975 00ce 039A     		ldr	r2, [sp, #12]
 2976 00d0 0092     		str	r2, [sp]
 2977 00d2 1BB2     		sxth	r3, r3
 2978 00d4 0246     		mov	r2, r0
 2979 00d6 09B2     		sxth	r1, r1
 2980 00d8 FFF7FEFF 		bl	Displ_Line
 2981              	.LVL305:
 2982 00dc C2E7     		b	.L206
 2983              	.L212:
 862:Core/Src/z_displ_ST7735.c **** //            if(corners & 2) drawFastVLine(x0-py, y0-px, 2*px+delta, color);
 2984              		.loc 1 862 29 is_stmt 1 discriminator 1 view .LVU780
 862:Core/Src/z_displ_ST7735.c **** //            if(corners & 2) drawFastVLine(x0-py, y0-px, 2*px+delta, color);
 2985              		.loc 1 862 42 is_stmt 0 discriminator 1 view .LVU781
 2986 00de BDF81430 		ldrh	r3, [sp, #20]
 2987 00e2 1FFA88F8 		uxth	r8, r8
 862:Core/Src/z_displ_ST7735.c **** //            if(corners & 2) drawFastVLine(x0-py, y0-px, 2*px+delta, color);
 2988              		.loc 1 862 42 discriminator 1 view .LVU782
 2989 00e6 0793     		str	r3, [sp, #28]
 2990 00e8 03EB0800 		add	r0, r3, r8
 862:Core/Src/z_displ_ST7735.c **** //            if(corners & 2) drawFastVLine(x0-py, y0-px, 2*px+delta, color);
 2991              		.loc 1 862 29 discriminator 1 view .LVU783
 2992 00ec 00B2     		sxth	r0, r0
 862:Core/Src/z_displ_ST7735.c **** //            if(corners & 2) drawFastVLine(x0-py, y0-px, 2*px+delta, color);
 2993              		.loc 1 862 49 discriminator 1 view .LVU784
 2994 00ee BDF81830 		ldrh	r3, [sp, #24]
 2995 00f2 A3EB0709 		sub	r9, r3, r7
 862:Core/Src/z_displ_ST7735.c **** //            if(corners & 2) drawFastVLine(x0-py, y0-px, 2*px+delta, color);
 2996              		.loc 1 862 29 discriminator 1 view .LVU785
 2997 00f6 0FFA89F9 		sxth	r9, r9
ARM GAS  C:\Users\zhmis\AppData\Local\Temp\ccb1Q8bk.s 			page 78


 862:Core/Src/z_displ_ST7735.c **** //            if(corners & 2) drawFastVLine(x0-py, y0-px, 2*px+delta, color);
 2998              		.loc 1 862 65 discriminator 1 view .LVU786
 2999 00fa 1F44     		add	r7, r7, r3
 3000              	.LVL306:
 862:Core/Src/z_displ_ST7735.c **** //            if(corners & 2) drawFastVLine(x0-py, y0-px, 2*px+delta, color);
 3001              		.loc 1 862 68 discriminator 1 view .LVU787
 3002 00fc 049A     		ldr	r2, [sp, #16]
 3003 00fe 12FA87F7 		uxtah	r7, r2, r7
 3004 0102 013F     		subs	r7, r7, #1
 862:Core/Src/z_displ_ST7735.c **** //            if(corners & 2) drawFastVLine(x0-py, y0-px, 2*px+delta, color);
 3005              		.loc 1 862 29 discriminator 1 view .LVU788
 3006 0104 3FB2     		sxth	r7, r7
 3007 0106 039A     		ldr	r2, [sp, #12]
 3008 0108 0092     		str	r2, [sp]
 3009 010a 3B46     		mov	r3, r7
 3010 010c 0246     		mov	r2, r0
 3011 010e 4946     		mov	r1, r9
 3012 0110 FFF7FEFF 		bl	Displ_Line
 3013              	.LVL307:
 864:Core/Src/z_displ_ST7735.c ****             py = y;
 3014              		.loc 1 864 13 is_stmt 1 view .LVU789
 864:Core/Src/z_displ_ST7735.c ****             py = y;
 3015              		.loc 1 864 29 discriminator 1 view .LVU790
 864:Core/Src/z_displ_ST7735.c ****             py = y;
 3016              		.loc 1 864 42 is_stmt 0 discriminator 1 view .LVU791
 3017 0114 079B     		ldr	r3, [sp, #28]
 3018 0116 A3EB0800 		sub	r0, r3, r8
 864:Core/Src/z_displ_ST7735.c ****             py = y;
 3019              		.loc 1 864 29 discriminator 1 view .LVU792
 3020 011a 00B2     		sxth	r0, r0
 3021 011c 039A     		ldr	r2, [sp, #12]
 3022 011e 0092     		str	r2, [sp]
 3023 0120 3B46     		mov	r3, r7
 3024 0122 0246     		mov	r2, r0
 3025 0124 4946     		mov	r1, r9
 3026 0126 FFF7FEFF 		bl	Displ_Line
 3027              	.LVL308:
 3028              		.loc 1 865 16 view .LVU793
 3029 012a B046     		mov	r8, r6
 3030              	.LVL309:
 3031              		.loc 1 865 16 view .LVU794
 3032 012c A0E7     		b	.L204
 3033              	.LVL310:
 3034              	.L213:
 866:Core/Src/z_displ_ST7735.c ****         }
 867:Core/Src/z_displ_ST7735.c ****         px = x;
 868:Core/Src/z_displ_ST7735.c ****     }
 869:Core/Src/z_displ_ST7735.c **** }
 3035              		.loc 1 869 1 view .LVU795
 3036 012e 09B0     		add	sp, sp, #36
 3037              		.cfi_def_cfa_offset 36
 3038              		@ sp needed
 3039 0130 BDE8F08F 		pop	{r4, r5, r6, r7, r8, r9, r10, fp, pc}
 3040              		.loc 1 869 1 view .LVU796
 3041              		.cfi_endproc
 3042              	.LFE160:
 3044              		.section	.text.Displ_drawRoundRect,"ax",%progbits
ARM GAS  C:\Users\zhmis\AppData\Local\Temp\ccb1Q8bk.s 			page 79


 3045              		.align	1
 3046              		.global	Displ_drawRoundRect
 3047              		.syntax unified
 3048              		.thumb
 3049              		.thumb_func
 3051              	Displ_drawRoundRect:
 3052              	.LVL311:
 3053              	.LFB161:
 870:Core/Src/z_displ_ST7735.c **** 
 871:Core/Src/z_displ_ST7735.c **** 
 872:Core/Src/z_displ_ST7735.c **** 
 873:Core/Src/z_displ_ST7735.c **** 
 874:Core/Src/z_displ_ST7735.c **** 
 875:Core/Src/z_displ_ST7735.c **** 
 876:Core/Src/z_displ_ST7735.c **** void Displ_drawRoundRect(int16_t x, int16_t y, int16_t w, int16_t h, int16_t r, uint16_t color)
 877:Core/Src/z_displ_ST7735.c **** {
 3054              		.loc 1 877 1 is_stmt 1 view -0
 3055              		.cfi_startproc
 3056              		@ args = 8, pretend = 0, frame = 8
 3057              		@ frame_needed = 0, uses_anonymous_args = 0
 3058              		.loc 1 877 1 is_stmt 0 view .LVU798
 3059 0000 2DE9F04F 		push	{r4, r5, r6, r7, r8, r9, r10, fp, lr}
 3060              		.cfi_def_cfa_offset 36
 3061              		.cfi_offset 4, -36
 3062              		.cfi_offset 5, -32
 3063              		.cfi_offset 6, -28
 3064              		.cfi_offset 7, -24
 3065              		.cfi_offset 8, -20
 3066              		.cfi_offset 9, -16
 3067              		.cfi_offset 10, -12
 3068              		.cfi_offset 11, -8
 3069              		.cfi_offset 14, -4
 3070 0004 85B0     		sub	sp, sp, #20
 3071              		.cfi_def_cfa_offset 56
 3072 0006 0390     		str	r0, [sp, #12]
 3073 0008 0D46     		mov	r5, r1
 3074 000a 1C46     		mov	r4, r3
 3075 000c BDF93810 		ldrsh	r1, [sp, #56]
 3076              	.LVL312:
 3077              		.loc 1 877 1 view .LVU799
 3078 0010 BDF83C80 		ldrh	r8, [sp, #60]
 878:Core/Src/z_displ_ST7735.c ****     int16_t max_radius = ((w < h) ? w : h) / 2; // 1/2 minor axis
 3079              		.loc 1 878 5 is_stmt 1 view .LVU800
 3080              		.loc 1 878 39 is_stmt 0 view .LVU801
 3081 0014 9342     		cmp	r3, r2
 3082 0016 A8BF     		it	ge
 3083 0018 1346     		movge	r3, r2
 3084              	.LVL313:
 3085              		.loc 1 878 13 view .LVU802
 3086 001a 03EBD373 		add	r3, r3, r3, lsr #31
 3087 001e 4FEA630A 		asr	r10, r3, #1
 3088              	.LVL314:
 879:Core/Src/z_displ_ST7735.c ****     if(r > max_radius) r = max_radius;
 3089              		.loc 1 879 5 is_stmt 1 view .LVU803
 3090              		.loc 1 879 7 is_stmt 0 view .LVU804
 3091 0022 B1EB630F 		cmp	r1, r3, asr #1
 3092 0026 00DC     		bgt	.L216
ARM GAS  C:\Users\zhmis\AppData\Local\Temp\ccb1Q8bk.s 			page 80


 3093 0028 8A46     		mov	r10, r1
 3094              	.LVL315:
 3095              	.L216:
 880:Core/Src/z_displ_ST7735.c ****     // smarter version
 881:Core/Src/z_displ_ST7735.c **** //    drawFastHLine(x+r  , y    , w-2*r, color); // Top
 882:Core/Src/z_displ_ST7735.c ****     Displ_Line(x+r, y, x+w-r-1, y, color);
 3096              		.loc 1 882 5 is_stmt 1 view .LVU805
 3097              		.loc 1 882 17 is_stmt 0 view .LVU806
 3098 002a BDF80C60 		ldrh	r6, [sp, #12]
 3099 002e 1FFA8AFB 		uxth	fp, r10
 3100 0032 06EB0B09 		add	r9, r6, fp
 3101              		.loc 1 882 5 view .LVU807
 3102 0036 0FFA89F9 		sxth	r9, r9
 3103              		.loc 1 882 25 view .LVU808
 3104 003a 1644     		add	r6, r6, r2
 3105 003c B6B2     		uxth	r6, r6
 3106              		.loc 1 882 27 view .LVU809
 3107 003e A6EB0B07 		sub	r7, r6, fp
 3108 0042 BFB2     		uxth	r7, r7
 3109              		.loc 1 882 29 view .LVU810
 3110 0044 013F     		subs	r7, r7, #1
 3111              		.loc 1 882 5 view .LVU811
 3112 0046 3FB2     		sxth	r7, r7
 3113 0048 CDF80080 		str	r8, [sp]
 3114 004c 2B46     		mov	r3, r5
 3115              	.LVL316:
 3116              		.loc 1 882 5 view .LVU812
 3117 004e 3A46     		mov	r2, r7
 3118              	.LVL317:
 3119              		.loc 1 882 5 view .LVU813
 3120 0050 2946     		mov	r1, r5
 3121 0052 4846     		mov	r0, r9
 3122              	.LVL318:
 3123              		.loc 1 882 5 view .LVU814
 3124 0054 FFF7FEFF 		bl	Displ_Line
 3125              	.LVL319:
 883:Core/Src/z_displ_ST7735.c **** //    drawFastHLine(x+r, y+h-1, w-2*r, color); // Bottom
 884:Core/Src/z_displ_ST7735.c ****     Displ_Line(x+r, y+h-1, x-1+w-r, y+h-1, color);
 3126              		.loc 1 884 5 is_stmt 1 view .LVU815
 3127              		.loc 1 884 22 is_stmt 0 view .LVU816
 3128 0058 ADB2     		uxth	r5, r5
 3129              	.LVL320:
 3130              		.loc 1 884 22 view .LVU817
 3131 005a 2C44     		add	r4, r4, r5
 3132              	.LVL321:
 3133              		.loc 1 884 22 view .LVU818
 3134 005c A4B2     		uxth	r4, r4
 3135              		.loc 1 884 24 view .LVU819
 3136 005e 611E     		subs	r1, r4, #1
 3137              		.loc 1 884 5 view .LVU820
 3138 0060 09B2     		sxth	r1, r1
 3139 0062 CDF80080 		str	r8, [sp]
 3140 0066 0B46     		mov	r3, r1
 3141 0068 3A46     		mov	r2, r7
 3142 006a 4846     		mov	r0, r9
 3143 006c FFF7FEFF 		bl	Displ_Line
 3144              	.LVL322:
ARM GAS  C:\Users\zhmis\AppData\Local\Temp\ccb1Q8bk.s 			page 81


 885:Core/Src/z_displ_ST7735.c **** //    drawFastVLine(x, y+r, h-2*r, color); // Left
 886:Core/Src/z_displ_ST7735.c ****     Displ_Line(x, y+r, x, y-1+h-r, color); // Left
 3145              		.loc 1 886 5 is_stmt 1 view .LVU821
 3146              		.loc 1 886 20 is_stmt 0 view .LVU822
 3147 0070 5D44     		add	r5, r5, fp
 3148              		.loc 1 886 5 view .LVU823
 3149 0072 2DB2     		sxth	r5, r5
 3150              		.loc 1 886 32 view .LVU824
 3151 0074 A4EB0B04 		sub	r4, r4, fp
 3152 0078 013C     		subs	r4, r4, #1
 3153              		.loc 1 886 5 view .LVU825
 3154 007a 24B2     		sxth	r4, r4
 3155 007c CDF80080 		str	r8, [sp]
 3156 0080 2346     		mov	r3, r4
 3157 0082 039A     		ldr	r2, [sp, #12]
 3158 0084 2946     		mov	r1, r5
 3159 0086 1046     		mov	r0, r2
 3160 0088 FFF7FEFF 		bl	Displ_Line
 3161              	.LVL323:
 887:Core/Src/z_displ_ST7735.c **** //    drawFastVLine(x+w-1, y+r  , h-2*r, color); // Right
 888:Core/Src/z_displ_ST7735.c ****     Displ_Line(x+w-1, y+r, x+w-1, y-1+h-r, color); // Right
 3162              		.loc 1 888 5 is_stmt 1 view .LVU826
 3163              		.loc 1 888 19 is_stmt 0 view .LVU827
 3164 008c 701E     		subs	r0, r6, #1
 3165              		.loc 1 888 5 view .LVU828
 3166 008e 00B2     		sxth	r0, r0
 3167 0090 CDF80080 		str	r8, [sp]
 3168 0094 2346     		mov	r3, r4
 3169 0096 0246     		mov	r2, r0
 3170 0098 2946     		mov	r1, r5
 3171 009a FFF7FEFF 		bl	Displ_Line
 3172              	.LVL324:
 889:Core/Src/z_displ_ST7735.c ****     // draw four corners
 890:Core/Src/z_displ_ST7735.c ****     drawCircleHelper(x+r    , y+r    , r, 1, color);
 3173              		.loc 1 890 5 is_stmt 1 view .LVU829
 3174 009e CDF80080 		str	r8, [sp]
 3175 00a2 0123     		movs	r3, #1
 3176 00a4 5246     		mov	r2, r10
 3177 00a6 2946     		mov	r1, r5
 3178 00a8 4846     		mov	r0, r9
 3179 00aa FFF7FEFF 		bl	drawCircleHelper
 3180              	.LVL325:
 891:Core/Src/z_displ_ST7735.c ****     drawCircleHelper(x+w-r-1, y+r    , r, 2, color);
 3181              		.loc 1 891 5 view .LVU830
 3182 00ae CDF80080 		str	r8, [sp]
 3183 00b2 0223     		movs	r3, #2
 3184 00b4 5246     		mov	r2, r10
 3185 00b6 2946     		mov	r1, r5
 3186 00b8 3846     		mov	r0, r7
 3187 00ba FFF7FEFF 		bl	drawCircleHelper
 3188              	.LVL326:
 892:Core/Src/z_displ_ST7735.c ****     drawCircleHelper(x+w-r-1, y+h-r-1, r, 4, color);
 3189              		.loc 1 892 5 view .LVU831
 3190 00be CDF80080 		str	r8, [sp]
 3191 00c2 0423     		movs	r3, #4
 3192 00c4 5246     		mov	r2, r10
 3193 00c6 2146     		mov	r1, r4
ARM GAS  C:\Users\zhmis\AppData\Local\Temp\ccb1Q8bk.s 			page 82


 3194 00c8 3846     		mov	r0, r7
 3195 00ca FFF7FEFF 		bl	drawCircleHelper
 3196              	.LVL327:
 893:Core/Src/z_displ_ST7735.c ****     drawCircleHelper(x+r    , y+h-r-1, r, 8, color);
 3197              		.loc 1 893 5 view .LVU832
 3198 00ce CDF80080 		str	r8, [sp]
 3199 00d2 0823     		movs	r3, #8
 3200 00d4 5246     		mov	r2, r10
 3201 00d6 2146     		mov	r1, r4
 3202 00d8 4846     		mov	r0, r9
 3203 00da FFF7FEFF 		bl	drawCircleHelper
 3204              	.LVL328:
 894:Core/Src/z_displ_ST7735.c **** }
 3205              		.loc 1 894 1 is_stmt 0 view .LVU833
 3206 00de 05B0     		add	sp, sp, #20
 3207              		.cfi_def_cfa_offset 36
 3208              		@ sp needed
 3209 00e0 BDE8F08F 		pop	{r4, r5, r6, r7, r8, r9, r10, fp, pc}
 3210              		.loc 1 894 1 view .LVU834
 3211              		.cfi_endproc
 3212              	.LFE161:
 3214              		.section	.text.Displ_fillRoundRect,"ax",%progbits
 3215              		.align	1
 3216              		.global	Displ_fillRoundRect
 3217              		.syntax unified
 3218              		.thumb
 3219              		.thumb_func
 3221              	Displ_fillRoundRect:
 3222              	.LVL329:
 3223              	.LFB162:
 895:Core/Src/z_displ_ST7735.c **** 
 896:Core/Src/z_displ_ST7735.c **** 
 897:Core/Src/z_displ_ST7735.c **** 
 898:Core/Src/z_displ_ST7735.c **** 
 899:Core/Src/z_displ_ST7735.c **** 
 900:Core/Src/z_displ_ST7735.c **** void Displ_fillRoundRect(int16_t x, int16_t y, int16_t w, int16_t h, int16_t r, uint16_t color)
 901:Core/Src/z_displ_ST7735.c **** {
 3224              		.loc 1 901 1 is_stmt 1 view -0
 3225              		.cfi_startproc
 3226              		@ args = 8, pretend = 0, frame = 8
 3227              		@ frame_needed = 0, uses_anonymous_args = 0
 3228              		.loc 1 901 1 is_stmt 0 view .LVU836
 3229 0000 2DE9F04F 		push	{r4, r5, r6, r7, r8, r9, r10, fp, lr}
 3230              		.cfi_def_cfa_offset 36
 3231              		.cfi_offset 4, -36
 3232              		.cfi_offset 5, -32
 3233              		.cfi_offset 6, -28
 3234              		.cfi_offset 7, -24
 3235              		.cfi_offset 8, -20
 3236              		.cfi_offset 9, -16
 3237              		.cfi_offset 10, -12
 3238              		.cfi_offset 11, -8
 3239              		.cfi_offset 14, -4
 3240 0004 85B0     		sub	sp, sp, #20
 3241              		.cfi_def_cfa_offset 56
 3242 0006 BDF93840 		ldrsh	r4, [sp, #56]
 3243 000a BDF83CB0 		ldrh	fp, [sp, #60]
ARM GAS  C:\Users\zhmis\AppData\Local\Temp\ccb1Q8bk.s 			page 83


 902:Core/Src/z_displ_ST7735.c ****     int16_t max_radius = ((w < h) ? w : h) / 2; // 1/2 minor axis
 3244              		.loc 1 902 5 is_stmt 1 view .LVU837
 3245              		.loc 1 902 39 is_stmt 0 view .LVU838
 3246 000e 1E46     		mov	r6, r3
 3247 0010 9342     		cmp	r3, r2
 3248 0012 A8BF     		it	ge
 3249 0014 1646     		movge	r6, r2
 3250              		.loc 1 902 13 view .LVU839
 3251 0016 06EBD676 		add	r6, r6, r6, lsr #31
 3252 001a 4FEA660A 		asr	r10, r6, #1
 3253              	.LVL330:
 903:Core/Src/z_displ_ST7735.c ****     if(r > max_radius) r = max_radius;
 3254              		.loc 1 903 5 is_stmt 1 view .LVU840
 3255              		.loc 1 903 7 is_stmt 0 view .LVU841
 3256 001e B4EB660F 		cmp	r4, r6, asr #1
 3257 0022 00DC     		bgt	.L219
 3258 0024 A246     		mov	r10, r4
 3259              	.LVL331:
 3260              	.L219:
 904:Core/Src/z_displ_ST7735.c ****     // smarter version
 905:Core/Src/z_displ_ST7735.c ****     Displ_FillArea(x+r, y, w-2*r, h, color);
 3261              		.loc 1 905 5 is_stmt 1 view .LVU842
 3262 0026 85B2     		uxth	r5, r0
 3263 0028 1FFA8AF6 		uxth	r6, r10
 3264              	.LVL332:
 3265              		.loc 1 905 5 is_stmt 0 view .LVU843
 3266 002c A819     		adds	r0, r5, r6
 3267              	.LVL333:
 3268              		.loc 1 905 5 view .LVU844
 3269 002e 80B2     		uxth	r0, r0
 3270 0030 1FFA81F8 		uxth	r8, r1
 3271 0034 97B2     		uxth	r7, r2
 3272              		.loc 1 905 31 view .LVU845
 3273 0036 4FEA4609 		lsl	r9, r6, #1
 3274 003a 1FFA89F9 		uxth	r9, r9
 3275              		.loc 1 905 5 view .LVU846
 3276 003e 9CB2     		uxth	r4, r3
 3277 0040 A7EB0902 		sub	r2, r7, r9
 3278              	.LVL334:
 3279              		.loc 1 905 5 view .LVU847
 3280 0044 CDF800B0 		str	fp, [sp]
 3281 0048 2346     		mov	r3, r4
 3282              		.loc 1 905 5 view .LVU848
 3283 004a 92B2     		uxth	r2, r2
 3284 004c 4146     		mov	r1, r8
 3285              		.loc 1 905 5 view .LVU849
 3286 004e 0390     		str	r0, [sp, #12]
 3287 0050 FFF7FEFF 		bl	Displ_FillArea
 3288              	.LVL335:
 906:Core/Src/z_displ_ST7735.c ****     // draw four corners
 907:Core/Src/z_displ_ST7735.c ****     fillCircleHelper(x+w-r-1, y+r, r, 1, h-2*r-1, color);
 3289              		.loc 1 907 5 is_stmt 1 view .LVU850
 3290              		.loc 1 907 23 is_stmt 0 view .LVU851
 3291 0054 E819     		adds	r0, r5, r7
 3292 0056 80B2     		uxth	r0, r0
 3293              		.loc 1 907 25 view .LVU852
 3294 0058 801B     		subs	r0, r0, r6
ARM GAS  C:\Users\zhmis\AppData\Local\Temp\ccb1Q8bk.s 			page 84


 3295 005a 80B2     		uxth	r0, r0
 3296              		.loc 1 907 27 view .LVU853
 3297 005c 0138     		subs	r0, r0, #1
 3298              		.loc 1 907 32 view .LVU854
 3299 005e 4644     		add	r6, r6, r8
 3300              		.loc 1 907 5 view .LVU855
 3301 0060 36B2     		sxth	r6, r6
 3302              		.loc 1 907 43 view .LVU856
 3303 0062 A4EB0904 		sub	r4, r4, r9
 3304              	.LVL336:
 3305              		.loc 1 907 43 view .LVU857
 3306 0066 A4B2     		uxth	r4, r4
 3307              		.loc 1 907 47 view .LVU858
 3308 0068 013C     		subs	r4, r4, #1
 3309              		.loc 1 907 5 view .LVU859
 3310 006a 24B2     		sxth	r4, r4
 3311 006c CDF804B0 		str	fp, [sp, #4]
 3312 0070 0094     		str	r4, [sp]
 3313 0072 0123     		movs	r3, #1
 3314 0074 5246     		mov	r2, r10
 3315 0076 3146     		mov	r1, r6
 3316 0078 00B2     		sxth	r0, r0
 3317 007a FFF7FEFF 		bl	fillCircleHelper
 3318              	.LVL337:
 908:Core/Src/z_displ_ST7735.c ****     fillCircleHelper(x+r    , y+r, r, 2, h-2*r-1, color);
 3319              		.loc 1 908 5 is_stmt 1 view .LVU860
 3320 007e CDF804B0 		str	fp, [sp, #4]
 3321 0082 0094     		str	r4, [sp]
 3322 0084 0223     		movs	r3, #2
 3323 0086 5246     		mov	r2, r10
 3324 0088 3146     		mov	r1, r6
 3325 008a BDF90C00 		ldrsh	r0, [sp, #12]
 3326 008e FFF7FEFF 		bl	fillCircleHelper
 3327              	.LVL338:
 909:Core/Src/z_displ_ST7735.c **** }
 3328              		.loc 1 909 1 is_stmt 0 view .LVU861
 3329 0092 05B0     		add	sp, sp, #20
 3330              		.cfi_def_cfa_offset 36
 3331              		@ sp needed
 3332 0094 BDE8F08F 		pop	{r4, r5, r6, r7, r8, r9, r10, fp, pc}
 3333              		.loc 1 909 1 view .LVU862
 3334              		.cfi_endproc
 3335              	.LFE162:
 3337              		.section	.text.Displ_fillTriangle,"ax",%progbits
 3338              		.align	1
 3339              		.global	Displ_fillTriangle
 3340              		.syntax unified
 3341              		.thumb
 3342              		.thumb_func
 3344              	Displ_fillTriangle:
 3345              	.LVL339:
 3346              	.LFB163:
 910:Core/Src/z_displ_ST7735.c **** 
 911:Core/Src/z_displ_ST7735.c **** 
 912:Core/Src/z_displ_ST7735.c **** 
 913:Core/Src/z_displ_ST7735.c **** 
 914:Core/Src/z_displ_ST7735.c **** 
ARM GAS  C:\Users\zhmis\AppData\Local\Temp\ccb1Q8bk.s 			page 85


 915:Core/Src/z_displ_ST7735.c **** 
 916:Core/Src/z_displ_ST7735.c **** 
 917:Core/Src/z_displ_ST7735.c **** void Displ_fillTriangle(int16_t x0, int16_t y0, int16_t x1, int16_t y1, int16_t x2, int16_t y2, uin
 918:Core/Src/z_displ_ST7735.c **** {
 3347              		.loc 1 918 1 is_stmt 1 view -0
 3348              		.cfi_startproc
 3349              		@ args = 12, pretend = 0, frame = 32
 3350              		@ frame_needed = 0, uses_anonymous_args = 0
 3351              		.loc 1 918 1 is_stmt 0 view .LVU864
 3352 0000 2DE9F04F 		push	{r4, r5, r6, r7, r8, r9, r10, fp, lr}
 3353              		.cfi_def_cfa_offset 36
 3354              		.cfi_offset 4, -36
 3355              		.cfi_offset 5, -32
 3356              		.cfi_offset 6, -28
 3357              		.cfi_offset 7, -24
 3358              		.cfi_offset 8, -20
 3359              		.cfi_offset 9, -16
 3360              		.cfi_offset 10, -12
 3361              		.cfi_offset 11, -8
 3362              		.cfi_offset 14, -4
 3363 0004 8BB0     		sub	sp, sp, #44
 3364              		.cfi_def_cfa_offset 80
 3365 0006 8C46     		mov	ip, r1
 3366 0008 9246     		mov	r10, r2
 3367 000a BDF95020 		ldrsh	r2, [sp, #80]
 3368              	.LVL340:
 3369              		.loc 1 918 1 view .LVU865
 3370 000e BDF95410 		ldrsh	r1, [sp, #84]
 3371              	.LVL341:
 3372              		.loc 1 918 1 view .LVU866
 3373 0012 BDF858B0 		ldrh	fp, [sp, #88]
 919:Core/Src/z_displ_ST7735.c **** 
 920:Core/Src/z_displ_ST7735.c ****     int16_t a, b, y, last;
 3374              		.loc 1 920 5 is_stmt 1 view .LVU867
 921:Core/Src/z_displ_ST7735.c **** 
 922:Core/Src/z_displ_ST7735.c ****     // Sort coordinates by Y order (y2 >= y1 >= y0)
 923:Core/Src/z_displ_ST7735.c ****     if (y0 > y1) {
 3375              		.loc 1 923 5 view .LVU868
 3376              		.loc 1 923 8 is_stmt 0 view .LVU869
 3377 0016 9C45     		cmp	ip, r3
 3378 0018 05DC     		bgt	.L222
 3379 001a 1C46     		mov	r4, r3
 3380 001c 6346     		mov	r3, ip
 3381              	.LVL342:
 3382              		.loc 1 923 8 view .LVU870
 3383 001e A446     		mov	ip, r4
 3384              	.LVL343:
 3385              		.loc 1 923 8 view .LVU871
 3386 0020 5446     		mov	r4, r10
 3387              	.LVL344:
 3388              		.loc 1 923 8 view .LVU872
 3389 0022 8246     		mov	r10, r0
 3390              	.LVL345:
 3391              		.loc 1 923 8 view .LVU873
 3392 0024 2046     		mov	r0, r4
 3393              	.LVL346:
 3394              	.L222:
ARM GAS  C:\Users\zhmis\AppData\Local\Temp\ccb1Q8bk.s 			page 86


 924:Core/Src/z_displ_ST7735.c ****         _swap_int16_t(y0, y1); _swap_int16_t(x0, x1);
 3395              		.loc 1 924 53 is_stmt 1 discriminator 1 view .LVU874
 925:Core/Src/z_displ_ST7735.c ****     }
 926:Core/Src/z_displ_ST7735.c ****     if (y1 > y2) {
 3396              		.loc 1 926 5 view .LVU875
 3397              		.loc 1 926 8 is_stmt 0 view .LVU876
 3398 0026 8C45     		cmp	ip, r1
 3399 0028 05DC     		bgt	.L223
 3400 002a 0C46     		mov	r4, r1
 3401 002c 6146     		mov	r1, ip
 3402 002e A446     		mov	ip, r4
 3403              	.LVL347:
 3404              		.loc 1 926 8 view .LVU877
 3405 0030 1446     		mov	r4, r2
 3406 0032 0246     		mov	r2, r0
 3407 0034 2046     		mov	r0, r4
 3408              	.LVL348:
 3409              	.L223:
 927:Core/Src/z_displ_ST7735.c ****         _swap_int16_t(y2, y1); _swap_int16_t(x2, x1);
 3410              		.loc 1 927 53 is_stmt 1 discriminator 1 view .LVU878
 928:Core/Src/z_displ_ST7735.c ****     }
 929:Core/Src/z_displ_ST7735.c ****     if (y0 > y1) {
 3411              		.loc 1 929 5 view .LVU879
 3412              		.loc 1 929 8 is_stmt 0 view .LVU880
 3413 0036 8B42     		cmp	r3, r1
 3414 0038 05DC     		bgt	.L224
 3415 003a 0C46     		mov	r4, r1
 3416 003c 1946     		mov	r1, r3
 3417              	.LVL349:
 3418              		.loc 1 929 8 view .LVU881
 3419 003e 2346     		mov	r3, r4
 3420              	.LVL350:
 3421              		.loc 1 929 8 view .LVU882
 3422 0040 1446     		mov	r4, r2
 3423              	.LVL351:
 3424              		.loc 1 929 8 view .LVU883
 3425 0042 5246     		mov	r2, r10
 3426              	.LVL352:
 3427              		.loc 1 929 8 view .LVU884
 3428 0044 A246     		mov	r10, r4
 3429              	.LVL353:
 3430              	.L224:
 930:Core/Src/z_displ_ST7735.c ****         _swap_int16_t(y0, y1); _swap_int16_t(x0, x1);
 3431              		.loc 1 930 53 is_stmt 1 discriminator 1 view .LVU885
 931:Core/Src/z_displ_ST7735.c ****     }
 932:Core/Src/z_displ_ST7735.c **** 
 933:Core/Src/z_displ_ST7735.c ****     if(y0 == y2) { // Handle awkward all-on-same-line case as its own thing
 3432              		.loc 1 933 5 view .LVU886
 3433              		.loc 1 933 7 is_stmt 0 view .LVU887
 3434 0046 6145     		cmp	r1, ip
 3435 0048 2ED0     		beq	.L240
 934:Core/Src/z_displ_ST7735.c ****         a = b = x0;
 935:Core/Src/z_displ_ST7735.c ****         if(x1 < a)      a = x1;
 936:Core/Src/z_displ_ST7735.c ****         else if(x1 > b) b = x1;
 937:Core/Src/z_displ_ST7735.c ****         if(x2 < a)      a = x2;
 938:Core/Src/z_displ_ST7735.c ****         else if(x2 > b) b = x2;
 939:Core/Src/z_displ_ST7735.c **** //        drawFastHLine(a, y0, b-a+1, color);
ARM GAS  C:\Users\zhmis\AppData\Local\Temp\ccb1Q8bk.s 			page 87


 940:Core/Src/z_displ_ST7735.c ****         Displ_Line(a, y0, b, y0, color);
 941:Core/Src/z_displ_ST7735.c ****         return;
 942:Core/Src/z_displ_ST7735.c ****     }
 943:Core/Src/z_displ_ST7735.c **** 
 944:Core/Src/z_displ_ST7735.c ****     int16_t
 3436              		.loc 1 944 5 is_stmt 1 view .LVU888
 945:Core/Src/z_displ_ST7735.c ****     dx01 = x1 - x0,
 3437              		.loc 1 945 15 is_stmt 0 view .LVU889
 3438 004a 1FFA8AFA 		uxth	r10, r10
 3439              		.loc 1 945 15 view .LVU890
 3440 004e 95B2     		uxth	r5, r2
 3441 0050 AAEB0502 		sub	r2, r10, r5
 3442              	.LVL354:
 3443              		.loc 1 945 5 view .LVU891
 3444 0054 12B2     		sxth	r2, r2
 3445 0056 0392     		str	r2, [sp, #12]
 3446              	.LVL355:
 946:Core/Src/z_displ_ST7735.c ****     dy01 = y1 - y0,
 3447              		.loc 1 946 15 view .LVU892
 3448 0058 9CB2     		uxth	r4, r3
 3449 005a 1FFA81F8 		uxth	r8, r1
 3450 005e A4EB0802 		sub	r2, r4, r8
 3451              		.loc 1 946 5 view .LVU893
 3452 0062 12B2     		sxth	r2, r2
 3453 0064 0492     		str	r2, [sp, #16]
 3454              	.LVL356:
 947:Core/Src/z_displ_ST7735.c ****     dx02 = x2 - x0,
 3455              		.loc 1 947 15 view .LVU894
 3456 0066 80B2     		uxth	r0, r0
 3457              		.loc 1 947 15 view .LVU895
 3458 0068 A0EB0509 		sub	r9, r0, r5
 3459              		.loc 1 947 5 view .LVU896
 3460 006c 0FFA89F9 		sxth	r9, r9
 3461              	.LVL357:
 948:Core/Src/z_displ_ST7735.c ****     dy02 = y2 - y0,
 3462              		.loc 1 948 15 view .LVU897
 3463 0070 1FFA8CF2 		uxth	r2, ip
 3464 0074 A2EB0808 		sub	r8, r2, r8
 3465              		.loc 1 948 5 view .LVU898
 3466 0078 0FFA88F8 		sxth	r8, r8
 3467              	.LVL358:
 949:Core/Src/z_displ_ST7735.c ****     dx12 = x2 - x1,
 3468              		.loc 1 949 15 view .LVU899
 3469 007c A0EB0A00 		sub	r0, r0, r10
 3470              	.LVL359:
 3471              		.loc 1 949 5 view .LVU900
 3472 0080 00B2     		sxth	r0, r0
 3473 0082 0290     		str	r0, [sp, #8]
 3474              	.LVL360:
 950:Core/Src/z_displ_ST7735.c ****     dy12 = y2 - y1;
 3475              		.loc 1 950 15 view .LVU901
 3476 0084 121B     		subs	r2, r2, r4
 3477              		.loc 1 950 5 view .LVU902
 3478 0086 12B2     		sxth	r2, r2
 3479 0088 0592     		str	r2, [sp, #20]
 3480              	.LVL361:
 951:Core/Src/z_displ_ST7735.c ****     int32_t
ARM GAS  C:\Users\zhmis\AppData\Local\Temp\ccb1Q8bk.s 			page 88


 3481              		.loc 1 951 5 is_stmt 1 view .LVU903
 952:Core/Src/z_displ_ST7735.c ****     sa   = 0,
 953:Core/Src/z_displ_ST7735.c ****     sb   = 0;
 954:Core/Src/z_displ_ST7735.c **** 
 955:Core/Src/z_displ_ST7735.c ****     // For upper part of triangle, find scanline crossings for segments
 956:Core/Src/z_displ_ST7735.c ****     // 0-1 and 0-2.  If y1=y2 (flat-bottomed triangle), the scanline y1
 957:Core/Src/z_displ_ST7735.c ****     // is included here (and second loop will be skipped, avoiding a /0
 958:Core/Src/z_displ_ST7735.c ****     // error there), otherwise scanline y1 is skipped here and handled
 959:Core/Src/z_displ_ST7735.c ****     // in the second loop...which also avoids a /0 error here if y0=y1
 960:Core/Src/z_displ_ST7735.c ****     // (flat-topped triangle).
 961:Core/Src/z_displ_ST7735.c ****     if(y1 == y2) last = y1;   // Include y1 scanline
 3482              		.loc 1 961 5 view .LVU904
 3483              		.loc 1 961 7 is_stmt 0 view .LVU905
 3484 008a 6345     		cmp	r3, ip
 3485 008c 24D0     		beq	.L238
 962:Core/Src/z_displ_ST7735.c ****     else         last = y1-1; // Skip it
 3486              		.loc 1 962 18 is_stmt 1 view .LVU906
 3487              		.loc 1 962 27 is_stmt 0 view .LVU907
 3488 008e 013C     		subs	r4, r4, #1
 3489              		.loc 1 962 23 view .LVU908
 3490 0090 22B2     		sxth	r2, r4
 3491              	.LVL362:
 3492              	.L229:
 963:Core/Src/z_displ_ST7735.c **** 
 964:Core/Src/z_displ_ST7735.c ****     for(y=y0; y<=last; y++) {
 3493              		.loc 1 964 5 is_stmt 1 view .LVU909
 3494              		.loc 1 964 10 is_stmt 0 view .LVU910
 3495 0092 0C46     		mov	r4, r1
 953:Core/Src/z_displ_ST7735.c **** 
 3496              		.loc 1 953 5 view .LVU911
 3497 0094 0026     		movs	r6, #0
 952:Core/Src/z_displ_ST7735.c ****     sb   = 0;
 3498              		.loc 1 952 5 view .LVU912
 3499 0096 3746     		mov	r7, r6
 3500 0098 CDF818A0 		str	r10, [sp, #24]
 3501 009c 9246     		mov	r10, r2
 3502              	.LVL363:
 952:Core/Src/z_displ_ST7735.c ****     sb   = 0;
 3503              		.loc 1 952 5 view .LVU913
 3504 009e CDF81CC0 		str	ip, [sp, #28]
 3505 00a2 0893     		str	r3, [sp, #32]
 3506 00a4 0991     		str	r1, [sp, #36]
 3507              		.loc 1 964 5 view .LVU914
 3508 00a6 21E0     		b	.L230
 3509              	.LVL364:
 3510              	.L240:
 934:Core/Src/z_displ_ST7735.c ****         if(x1 < a)      a = x1;
 3511              		.loc 1 934 9 is_stmt 1 view .LVU915
 935:Core/Src/z_displ_ST7735.c ****         else if(x1 > b) b = x1;
 3512              		.loc 1 935 9 view .LVU916
 935:Core/Src/z_displ_ST7735.c ****         else if(x1 > b) b = x1;
 3513              		.loc 1 935 11 is_stmt 0 view .LVU917
 3514 00a8 5245     		cmp	r2, r10
 3515 00aa 01DC     		bgt	.L226
 936:Core/Src/z_displ_ST7735.c ****         if(x2 < a)      a = x2;
 3516              		.loc 1 936 14 is_stmt 1 view .LVU918
 936:Core/Src/z_displ_ST7735.c ****         if(x2 < a)      a = x2;
ARM GAS  C:\Users\zhmis\AppData\Local\Temp\ccb1Q8bk.s 			page 89


 3517              		.loc 1 936 16 is_stmt 0 view .LVU919
 3518 00ac 0DDB     		blt	.L236
 934:Core/Src/z_displ_ST7735.c ****         if(x1 < a)      a = x1;
 3519              		.loc 1 934 11 view .LVU920
 3520 00ae 9246     		mov	r10, r2
 3521              	.LVL365:
 3522              	.L226:
 937:Core/Src/z_displ_ST7735.c ****         else if(x2 > b) b = x2;
 3523              		.loc 1 937 9 is_stmt 1 view .LVU921
 937:Core/Src/z_displ_ST7735.c ****         else if(x2 > b) b = x2;
 3524              		.loc 1 937 11 is_stmt 0 view .LVU922
 3525 00b0 5045     		cmp	r0, r10
 3526 00b2 02DB     		blt	.L227
 938:Core/Src/z_displ_ST7735.c **** //        drawFastHLine(a, y0, b-a+1, color);
 3527              		.loc 1 938 14 is_stmt 1 view .LVU923
 938:Core/Src/z_displ_ST7735.c **** //        drawFastHLine(a, y0, b-a+1, color);
 3528              		.loc 1 938 16 is_stmt 0 view .LVU924
 3529 00b4 9042     		cmp	r0, r2
 3530 00b6 0CDC     		bgt	.L237
 3531 00b8 5046     		mov	r0, r10
 3532              	.LVL366:
 3533              	.L227:
 940:Core/Src/z_displ_ST7735.c ****         return;
 3534              		.loc 1 940 9 is_stmt 1 view .LVU925
 3535 00ba CDF800B0 		str	fp, [sp]
 3536 00be 0B46     		mov	r3, r1
 3537 00c0 FFF7FEFF 		bl	Displ_Line
 3538              	.LVL367:
 941:Core/Src/z_displ_ST7735.c ****     }
 3539              		.loc 1 941 9 view .LVU926
 3540              	.L221:
 965:Core/Src/z_displ_ST7735.c ****         a   = x0 + sa / dy01;
 966:Core/Src/z_displ_ST7735.c ****         b   = x0 + sb / dy02;
 967:Core/Src/z_displ_ST7735.c ****         sa += dx01;
 968:Core/Src/z_displ_ST7735.c ****         sb += dx02;
 969:Core/Src/z_displ_ST7735.c ****         /* longhand:
 970:Core/Src/z_displ_ST7735.c ****         a = x0 + (x1 - x0) * (y - y0) / (y1 - y0);
 971:Core/Src/z_displ_ST7735.c ****         b = x0 + (x2 - x0) * (y - y0) / (y2 - y0);
 972:Core/Src/z_displ_ST7735.c ****         */
 973:Core/Src/z_displ_ST7735.c ****         if(a > b) _swap_int16_t(a,b);
 974:Core/Src/z_displ_ST7735.c **** //        drawFastHLine(a, y, b-a+1, color);
 975:Core/Src/z_displ_ST7735.c ****         Displ_Line(a, y, b, y, color);
 976:Core/Src/z_displ_ST7735.c ****     }
 977:Core/Src/z_displ_ST7735.c **** 
 978:Core/Src/z_displ_ST7735.c ****     // For lower part of triangle, find scanline crossings for segments
 979:Core/Src/z_displ_ST7735.c ****     // 0-2 and 1-2.  This loop is skipped if y1=y2.
 980:Core/Src/z_displ_ST7735.c ****     sa = (int32_t)dx12 * (y - y1);
 981:Core/Src/z_displ_ST7735.c ****     sb = (int32_t)dx02 * (y - y0);
 982:Core/Src/z_displ_ST7735.c ****     for(; y<=y2; y++) {
 983:Core/Src/z_displ_ST7735.c ****         a   = x1 + sa / dy12;
 984:Core/Src/z_displ_ST7735.c ****         b   = x0 + sb / dy02;
 985:Core/Src/z_displ_ST7735.c ****         sa += dx12;
 986:Core/Src/z_displ_ST7735.c ****         sb += dx02;
 987:Core/Src/z_displ_ST7735.c ****         /* longhand:
 988:Core/Src/z_displ_ST7735.c ****         a = x1 + (x2 - x1) * (y - y1) / (y2 - y1);
 989:Core/Src/z_displ_ST7735.c ****         b = x0 + (x2 - x0) * (y - y0) / (y2 - y0);
 990:Core/Src/z_displ_ST7735.c ****         */
ARM GAS  C:\Users\zhmis\AppData\Local\Temp\ccb1Q8bk.s 			page 90


 991:Core/Src/z_displ_ST7735.c ****         if(a > b) _swap_int16_t(a,b);
 992:Core/Src/z_displ_ST7735.c **** //      drawFastHLine(a, y, b-a+1, color);
 993:Core/Src/z_displ_ST7735.c ****         Displ_Line(a, y, b, y, color);
 994:Core/Src/z_displ_ST7735.c ****     }
 995:Core/Src/z_displ_ST7735.c **** }
 3541              		.loc 1 995 1 is_stmt 0 view .LVU927
 3542 00c4 0BB0     		add	sp, sp, #44
 3543              		.cfi_remember_state
 3544              		.cfi_def_cfa_offset 36
 3545              		@ sp needed
 3546 00c6 BDE8F08F 		pop	{r4, r5, r6, r7, r8, r9, r10, fp, pc}
 3547              	.LVL368:
 3548              	.L236:
 3549              		.cfi_restore_state
 3550              		.loc 1 995 1 view .LVU928
 3551 00ca 5346     		mov	r3, r10
 3552              	.LVL369:
 934:Core/Src/z_displ_ST7735.c ****         if(x1 < a)      a = x1;
 3553              		.loc 1 934 11 view .LVU929
 3554 00cc 9246     		mov	r10, r2
 3555              	.LVL370:
 936:Core/Src/z_displ_ST7735.c ****         if(x2 < a)      a = x2;
 3556              		.loc 1 936 27 discriminator 1 view .LVU930
 3557 00ce 1A46     		mov	r2, r3
 3558              	.LVL371:
 936:Core/Src/z_displ_ST7735.c ****         if(x2 < a)      a = x2;
 3559              		.loc 1 936 27 discriminator 1 view .LVU931
 3560 00d0 EEE7     		b	.L226
 3561              	.LVL372:
 3562              	.L237:
 938:Core/Src/z_displ_ST7735.c **** //        drawFastHLine(a, y0, b-a+1, color);
 3563              		.loc 1 938 27 discriminator 1 view .LVU932
 3564 00d2 0246     		mov	r2, r0
 3565              	.LVL373:
 938:Core/Src/z_displ_ST7735.c **** //        drawFastHLine(a, y0, b-a+1, color);
 3566              		.loc 1 938 27 discriminator 1 view .LVU933
 3567 00d4 5046     		mov	r0, r10
 3568              	.LVL374:
 938:Core/Src/z_displ_ST7735.c **** //        drawFastHLine(a, y0, b-a+1, color);
 3569              		.loc 1 938 27 discriminator 1 view .LVU934
 3570 00d6 F0E7     		b	.L227
 3571              	.LVL375:
 3572              	.L238:
 961:Core/Src/z_displ_ST7735.c ****     else         last = y1-1; // Skip it
 3573              		.loc 1 961 23 discriminator 1 view .LVU935
 3574 00d8 1A46     		mov	r2, r3
 3575 00da DAE7     		b	.L229
 3576              	.LVL376:
 3577              	.L231:
 973:Core/Src/z_displ_ST7735.c **** //        drawFastHLine(a, y, b-a+1, color);
 3578              		.loc 1 973 37 is_stmt 1 discriminator 3 view .LVU936
 975:Core/Src/z_displ_ST7735.c ****     }
 3579              		.loc 1 975 9 view .LVU937
 3580 00dc CDF800B0 		str	fp, [sp]
 3581 00e0 2346     		mov	r3, r4
 3582 00e2 2146     		mov	r1, r4
 3583 00e4 FFF7FEFF 		bl	Displ_Line
ARM GAS  C:\Users\zhmis\AppData\Local\Temp\ccb1Q8bk.s 			page 91


 3584              	.LVL377:
 964:Core/Src/z_displ_ST7735.c ****         a   = x0 + sa / dy01;
 3585              		.loc 1 964 25 discriminator 2 view .LVU938
 3586 00e8 0134     		adds	r4, r4, #1
 3587              	.LVL378:
 964:Core/Src/z_displ_ST7735.c ****         a   = x0 + sa / dy01;
 3588              		.loc 1 964 25 is_stmt 0 discriminator 2 view .LVU939
 3589 00ea 24B2     		sxth	r4, r4
 3590              	.LVL379:
 3591              	.L230:
 964:Core/Src/z_displ_ST7735.c ****         a   = x0 + sa / dy01;
 3592              		.loc 1 964 16 is_stmt 1 discriminator 1 view .LVU940
 3593 00ec 5445     		cmp	r4, r10
 3594 00ee 11DC     		bgt	.L241
 965:Core/Src/z_displ_ST7735.c ****         b   = x0 + sb / dy02;
 3595              		.loc 1 965 9 view .LVU941
 965:Core/Src/z_displ_ST7735.c ****         b   = x0 + sb / dy02;
 3596              		.loc 1 965 23 is_stmt 0 view .LVU942
 3597 00f0 049B     		ldr	r3, [sp, #16]
 3598 00f2 97FBF3F2 		sdiv	r2, r7, r3
 965:Core/Src/z_displ_ST7735.c ****         b   = x0 + sb / dy02;
 3599              		.loc 1 965 18 view .LVU943
 3600 00f6 2A44     		add	r2, r2, r5
 965:Core/Src/z_displ_ST7735.c ****         b   = x0 + sb / dy02;
 3601              		.loc 1 965 13 view .LVU944
 3602 00f8 12B2     		sxth	r2, r2
 3603              	.LVL380:
 966:Core/Src/z_displ_ST7735.c ****         sa += dx01;
 3604              		.loc 1 966 9 is_stmt 1 view .LVU945
 966:Core/Src/z_displ_ST7735.c ****         sa += dx01;
 3605              		.loc 1 966 23 is_stmt 0 view .LVU946
 3606 00fa 96FBF8F0 		sdiv	r0, r6, r8
 966:Core/Src/z_displ_ST7735.c ****         sa += dx01;
 3607              		.loc 1 966 18 view .LVU947
 3608 00fe 2844     		add	r0, r0, r5
 966:Core/Src/z_displ_ST7735.c ****         sa += dx01;
 3609              		.loc 1 966 13 view .LVU948
 3610 0100 00B2     		sxth	r0, r0
 3611              	.LVL381:
 967:Core/Src/z_displ_ST7735.c ****         sb += dx02;
 3612              		.loc 1 967 9 is_stmt 1 view .LVU949
 967:Core/Src/z_displ_ST7735.c ****         sb += dx02;
 3613              		.loc 1 967 12 is_stmt 0 view .LVU950
 3614 0102 039B     		ldr	r3, [sp, #12]
 3615 0104 1F44     		add	r7, r7, r3
 3616              	.LVL382:
 968:Core/Src/z_displ_ST7735.c ****         /* longhand:
 3617              		.loc 1 968 9 is_stmt 1 view .LVU951
 968:Core/Src/z_displ_ST7735.c ****         /* longhand:
 3618              		.loc 1 968 12 is_stmt 0 view .LVU952
 3619 0106 4E44     		add	r6, r6, r9
 3620              	.LVL383:
 973:Core/Src/z_displ_ST7735.c **** //        drawFastHLine(a, y, b-a+1, color);
 3621              		.loc 1 973 9 is_stmt 1 view .LVU953
 973:Core/Src/z_displ_ST7735.c **** //        drawFastHLine(a, y, b-a+1, color);
 3622              		.loc 1 973 11 is_stmt 0 view .LVU954
 3623 0108 8242     		cmp	r2, r0
ARM GAS  C:\Users\zhmis\AppData\Local\Temp\ccb1Q8bk.s 			page 92


 3624 010a E7DC     		bgt	.L231
 3625 010c 0346     		mov	r3, r0
 965:Core/Src/z_displ_ST7735.c ****         b   = x0 + sb / dy02;
 3626              		.loc 1 965 13 view .LVU955
 3627 010e 1046     		mov	r0, r2
 3628              	.LVL384:
 966:Core/Src/z_displ_ST7735.c ****         sa += dx01;
 3629              		.loc 1 966 13 view .LVU956
 3630 0110 1A46     		mov	r2, r3
 3631              	.LVL385:
 966:Core/Src/z_displ_ST7735.c ****         sa += dx01;
 3632              		.loc 1 966 13 view .LVU957
 3633 0112 E3E7     		b	.L231
 3634              	.LVL386:
 3635              	.L241:
 980:Core/Src/z_displ_ST7735.c ****     sb = (int32_t)dx02 * (y - y0);
 3636              		.loc 1 980 29 view .LVU958
 3637 0114 DDF818A0 		ldr	r10, [sp, #24]
 3638              	.LVL387:
 980:Core/Src/z_displ_ST7735.c ****     sb = (int32_t)dx02 * (y - y0);
 3639              		.loc 1 980 29 view .LVU959
 3640 0118 DDF81CC0 		ldr	ip, [sp, #28]
 3641 011c 089B     		ldr	r3, [sp, #32]
 3642 011e 0999     		ldr	r1, [sp, #36]
 980:Core/Src/z_displ_ST7735.c ****     sb = (int32_t)dx02 * (y - y0);
 3643              		.loc 1 980 5 is_stmt 1 view .LVU960
 980:Core/Src/z_displ_ST7735.c ****     sb = (int32_t)dx02 * (y - y0);
 3644              		.loc 1 980 29 is_stmt 0 view .LVU961
 3645 0120 E61A     		subs	r6, r4, r3
 3646              	.LVL388:
 980:Core/Src/z_displ_ST7735.c ****     sb = (int32_t)dx02 * (y - y0);
 3647              		.loc 1 980 8 view .LVU962
 3648 0122 029B     		ldr	r3, [sp, #8]
 3649 0124 03FB06F6 		mul	r6, r3, r6
 3650              	.LVL389:
 981:Core/Src/z_displ_ST7735.c ****     for(; y<=y2; y++) {
 3651              		.loc 1 981 5 is_stmt 1 view .LVU963
 981:Core/Src/z_displ_ST7735.c ****     for(; y<=y2; y++) {
 3652              		.loc 1 981 29 is_stmt 0 view .LVU964
 3653 0128 671A     		subs	r7, r4, r1
 981:Core/Src/z_displ_ST7735.c ****     for(; y<=y2; y++) {
 3654              		.loc 1 981 8 view .LVU965
 3655 012a 07FB09F7 		mul	r7, r7, r9
 3656              	.LVL390:
 982:Core/Src/z_displ_ST7735.c ****         a   = x1 + sa / dy12;
 3657              		.loc 1 982 5 is_stmt 1 view .LVU966
 3658 012e CDF80CB0 		str	fp, [sp, #12]
 3659              	.LVL391:
 982:Core/Src/z_displ_ST7735.c ****         a   = x1 + sa / dy12;
 3660              		.loc 1 982 5 is_stmt 0 view .LVU967
 3661 0132 E346     		mov	fp, ip
 3662 0134 07E0     		b	.L233
 3663              	.LVL392:
 3664              	.L234:
 991:Core/Src/z_displ_ST7735.c **** //      drawFastHLine(a, y, b-a+1, color);
 3665              		.loc 1 991 37 is_stmt 1 discriminator 3 view .LVU968
 993:Core/Src/z_displ_ST7735.c ****     }
ARM GAS  C:\Users\zhmis\AppData\Local\Temp\ccb1Q8bk.s 			page 93


 3666              		.loc 1 993 9 view .LVU969
 3667 0136 039B     		ldr	r3, [sp, #12]
 3668 0138 0093     		str	r3, [sp]
 3669 013a 2346     		mov	r3, r4
 3670 013c 2146     		mov	r1, r4
 3671 013e FFF7FEFF 		bl	Displ_Line
 3672              	.LVL393:
 982:Core/Src/z_displ_ST7735.c ****         a   = x1 + sa / dy12;
 3673              		.loc 1 982 19 view .LVU970
 3674 0142 0134     		adds	r4, r4, #1
 3675              	.LVL394:
 982:Core/Src/z_displ_ST7735.c ****         a   = x1 + sa / dy12;
 3676              		.loc 1 982 19 is_stmt 0 view .LVU971
 3677 0144 24B2     		sxth	r4, r4
 3678              	.LVL395:
 3679              	.L233:
 982:Core/Src/z_displ_ST7735.c ****         a   = x1 + sa / dy12;
 3680              		.loc 1 982 12 is_stmt 1 discriminator 1 view .LVU972
 3681 0146 A345     		cmp	fp, r4
 3682 0148 BCDB     		blt	.L221
 983:Core/Src/z_displ_ST7735.c ****         b   = x0 + sb / dy02;
 3683              		.loc 1 983 9 view .LVU973
 983:Core/Src/z_displ_ST7735.c ****         b   = x0 + sb / dy02;
 3684              		.loc 1 983 23 is_stmt 0 view .LVU974
 3685 014a 059B     		ldr	r3, [sp, #20]
 3686 014c 96FBF3F2 		sdiv	r2, r6, r3
 983:Core/Src/z_displ_ST7735.c ****         b   = x0 + sb / dy02;
 3687              		.loc 1 983 18 view .LVU975
 3688 0150 5244     		add	r2, r2, r10
 983:Core/Src/z_displ_ST7735.c ****         b   = x0 + sb / dy02;
 3689              		.loc 1 983 13 view .LVU976
 3690 0152 12B2     		sxth	r2, r2
 3691              	.LVL396:
 984:Core/Src/z_displ_ST7735.c ****         sa += dx12;
 3692              		.loc 1 984 9 is_stmt 1 view .LVU977
 984:Core/Src/z_displ_ST7735.c ****         sa += dx12;
 3693              		.loc 1 984 23 is_stmt 0 view .LVU978
 3694 0154 97FBF8F0 		sdiv	r0, r7, r8
 984:Core/Src/z_displ_ST7735.c ****         sa += dx12;
 3695              		.loc 1 984 18 view .LVU979
 3696 0158 2844     		add	r0, r0, r5
 984:Core/Src/z_displ_ST7735.c ****         sa += dx12;
 3697              		.loc 1 984 13 view .LVU980
 3698 015a 00B2     		sxth	r0, r0
 3699              	.LVL397:
 985:Core/Src/z_displ_ST7735.c ****         sb += dx02;
 3700              		.loc 1 985 9 is_stmt 1 view .LVU981
 985:Core/Src/z_displ_ST7735.c ****         sb += dx02;
 3701              		.loc 1 985 12 is_stmt 0 view .LVU982
 3702 015c 029B     		ldr	r3, [sp, #8]
 3703 015e 1E44     		add	r6, r6, r3
 3704              	.LVL398:
 986:Core/Src/z_displ_ST7735.c ****         /* longhand:
 3705              		.loc 1 986 9 is_stmt 1 view .LVU983
 986:Core/Src/z_displ_ST7735.c ****         /* longhand:
 3706              		.loc 1 986 12 is_stmt 0 view .LVU984
 3707 0160 4F44     		add	r7, r7, r9
ARM GAS  C:\Users\zhmis\AppData\Local\Temp\ccb1Q8bk.s 			page 94


 3708              	.LVL399:
 991:Core/Src/z_displ_ST7735.c **** //      drawFastHLine(a, y, b-a+1, color);
 3709              		.loc 1 991 9 is_stmt 1 view .LVU985
 991:Core/Src/z_displ_ST7735.c **** //      drawFastHLine(a, y, b-a+1, color);
 3710              		.loc 1 991 11 is_stmt 0 view .LVU986
 3711 0162 8242     		cmp	r2, r0
 3712 0164 E7DC     		bgt	.L234
 3713 0166 0346     		mov	r3, r0
 983:Core/Src/z_displ_ST7735.c ****         b   = x0 + sb / dy02;
 3714              		.loc 1 983 13 view .LVU987
 3715 0168 1046     		mov	r0, r2
 3716              	.LVL400:
 984:Core/Src/z_displ_ST7735.c ****         sa += dx12;
 3717              		.loc 1 984 13 view .LVU988
 3718 016a 1A46     		mov	r2, r3
 3719              	.LVL401:
 984:Core/Src/z_displ_ST7735.c ****         sa += dx12;
 3720              		.loc 1 984 13 view .LVU989
 3721 016c E3E7     		b	.L234
 3722              		.cfi_endproc
 3723              	.LFE163:
 3725              		.section	.text.Displ_drawTriangle,"ax",%progbits
 3726              		.align	1
 3727              		.global	Displ_drawTriangle
 3728              		.syntax unified
 3729              		.thumb
 3730              		.thumb_func
 3732              	Displ_drawTriangle:
 3733              	.LVL402:
 3734              	.LFB164:
 996:Core/Src/z_displ_ST7735.c **** 
 997:Core/Src/z_displ_ST7735.c **** 
 998:Core/Src/z_displ_ST7735.c **** 
 999:Core/Src/z_displ_ST7735.c **** 
1000:Core/Src/z_displ_ST7735.c **** 
1001:Core/Src/z_displ_ST7735.c **** void Displ_drawTriangle(int16_t x0, int16_t y0, int16_t x1, int16_t y1, int16_t x2, int16_t y2, uin
1002:Core/Src/z_displ_ST7735.c **** {
 3735              		.loc 1 1002 1 is_stmt 1 view -0
 3736              		.cfi_startproc
 3737              		@ args = 12, pretend = 0, frame = 0
 3738              		@ frame_needed = 0, uses_anonymous_args = 0
 3739              		.loc 1 1002 1 is_stmt 0 view .LVU991
 3740 0000 2DE9F047 		push	{r4, r5, r6, r7, r8, r9, r10, lr}
 3741              		.cfi_def_cfa_offset 32
 3742              		.cfi_offset 4, -32
 3743              		.cfi_offset 5, -28
 3744              		.cfi_offset 6, -24
 3745              		.cfi_offset 7, -20
 3746              		.cfi_offset 8, -16
 3747              		.cfi_offset 9, -12
 3748              		.cfi_offset 10, -8
 3749              		.cfi_offset 14, -4
 3750 0004 82B0     		sub	sp, sp, #8
 3751              		.cfi_def_cfa_offset 40
 3752 0006 0446     		mov	r4, r0
 3753 0008 0D46     		mov	r5, r1
 3754 000a 1746     		mov	r7, r2
ARM GAS  C:\Users\zhmis\AppData\Local\Temp\ccb1Q8bk.s 			page 95


 3755 000c 9846     		mov	r8, r3
 3756 000e BDF92890 		ldrsh	r9, [sp, #40]
 3757 0012 BDF92CA0 		ldrsh	r10, [sp, #44]
 3758 0016 BDF83060 		ldrh	r6, [sp, #48]
1003:Core/Src/z_displ_ST7735.c ****     Displ_Line(x0, y0, x1, y1, color);
 3759              		.loc 1 1003 5 is_stmt 1 view .LVU992
 3760 001a 0096     		str	r6, [sp]
 3761 001c FFF7FEFF 		bl	Displ_Line
 3762              	.LVL403:
1004:Core/Src/z_displ_ST7735.c ****     Displ_Line(x1, y1, x2, y2, color);
 3763              		.loc 1 1004 5 view .LVU993
 3764 0020 0096     		str	r6, [sp]
 3765 0022 5346     		mov	r3, r10
 3766 0024 4A46     		mov	r2, r9
 3767 0026 4146     		mov	r1, r8
 3768 0028 3846     		mov	r0, r7
 3769 002a FFF7FEFF 		bl	Displ_Line
 3770              	.LVL404:
1005:Core/Src/z_displ_ST7735.c ****     Displ_Line(x2, y2, x0, y0, color);
 3771              		.loc 1 1005 5 view .LVU994
 3772 002e 0096     		str	r6, [sp]
 3773 0030 2B46     		mov	r3, r5
 3774 0032 2246     		mov	r2, r4
 3775 0034 5146     		mov	r1, r10
 3776 0036 4846     		mov	r0, r9
 3777 0038 FFF7FEFF 		bl	Displ_Line
 3778              	.LVL405:
1006:Core/Src/z_displ_ST7735.c **** }
 3779              		.loc 1 1006 1 is_stmt 0 view .LVU995
 3780 003c 02B0     		add	sp, sp, #8
 3781              		.cfi_def_cfa_offset 32
 3782              		@ sp needed
 3783 003e BDE8F087 		pop	{r4, r5, r6, r7, r8, r9, r10, pc}
 3784              		.loc 1 1006 1 view .LVU996
 3785              		.cfi_endproc
 3786              	.LFE164:
 3788              		.section	.text.Displ_fillCircle,"ax",%progbits
 3789              		.align	1
 3790              		.global	Displ_fillCircle
 3791              		.syntax unified
 3792              		.thumb
 3793              		.thumb_func
 3795              	Displ_fillCircle:
 3796              	.LVL406:
 3797              	.LFB165:
1007:Core/Src/z_displ_ST7735.c **** 
1008:Core/Src/z_displ_ST7735.c **** 
1009:Core/Src/z_displ_ST7735.c **** 
1010:Core/Src/z_displ_ST7735.c **** 
1011:Core/Src/z_displ_ST7735.c **** 
1012:Core/Src/z_displ_ST7735.c **** void Displ_fillCircle(int16_t x0, int16_t y0, int16_t r, uint16_t color){
 3798              		.loc 1 1012 73 is_stmt 1 view -0
 3799              		.cfi_startproc
 3800              		@ args = 0, pretend = 0, frame = 0
 3801              		@ frame_needed = 0, uses_anonymous_args = 0
 3802              		.loc 1 1012 73 is_stmt 0 view .LVU998
 3803 0000 F0B5     		push	{r4, r5, r6, r7, lr}
ARM GAS  C:\Users\zhmis\AppData\Local\Temp\ccb1Q8bk.s 			page 96


 3804              		.cfi_def_cfa_offset 20
 3805              		.cfi_offset 4, -20
 3806              		.cfi_offset 5, -16
 3807              		.cfi_offset 6, -12
 3808              		.cfi_offset 7, -8
 3809              		.cfi_offset 14, -4
 3810 0002 83B0     		sub	sp, sp, #12
 3811              		.cfi_def_cfa_offset 32
 3812 0004 0446     		mov	r4, r0
 3813 0006 0D46     		mov	r5, r1
 3814 0008 1646     		mov	r6, r2
 3815 000a 1F46     		mov	r7, r3
1013:Core/Src/z_displ_ST7735.c ****     Displ_Line(x0, y0-r, x0, y0+r, color);
 3816              		.loc 1 1013 5 is_stmt 1 view .LVU999
 3817              		.loc 1 1013 22 is_stmt 0 view .LVU1000
 3818 000c 8BB2     		uxth	r3, r1
 3819              	.LVL407:
 3820              		.loc 1 1013 22 view .LVU1001
 3821 000e 92B2     		uxth	r2, r2
 3822              		.loc 1 1013 22 view .LVU1002
 3823 0010 991A     		subs	r1, r3, r2
 3824              	.LVL408:
 3825              		.loc 1 1013 32 view .LVU1003
 3826 0012 1344     		add	r3, r3, r2
 3827              	.LVL409:
 3828              		.loc 1 1013 5 view .LVU1004
 3829 0014 0097     		str	r7, [sp]
 3830 0016 1BB2     		sxth	r3, r3
 3831 0018 0246     		mov	r2, r0
 3832              	.LVL410:
 3833              		.loc 1 1013 5 view .LVU1005
 3834 001a 09B2     		sxth	r1, r1
 3835 001c FFF7FEFF 		bl	Displ_Line
 3836              	.LVL411:
1014:Core/Src/z_displ_ST7735.c ****     fillCircleHelper(x0, y0, r, 3, 0, color);
 3837              		.loc 1 1014 5 is_stmt 1 view .LVU1006
 3838 0020 0197     		str	r7, [sp, #4]
 3839 0022 0023     		movs	r3, #0
 3840 0024 0093     		str	r3, [sp]
 3841 0026 0323     		movs	r3, #3
 3842 0028 3246     		mov	r2, r6
 3843 002a 2946     		mov	r1, r5
 3844 002c 2046     		mov	r0, r4
 3845 002e FFF7FEFF 		bl	fillCircleHelper
 3846              	.LVL412:
1015:Core/Src/z_displ_ST7735.c **** }
 3847              		.loc 1 1015 1 is_stmt 0 view .LVU1007
 3848 0032 03B0     		add	sp, sp, #12
 3849              		.cfi_def_cfa_offset 20
 3850              		@ sp needed
 3851 0034 F0BD     		pop	{r4, r5, r6, r7, pc}
 3852              		.loc 1 1015 1 view .LVU1008
 3853              		.cfi_endproc
 3854              	.LFE165:
 3856              		.section	.text.Displ_drawCircle,"ax",%progbits
 3857              		.align	1
 3858              		.global	Displ_drawCircle
ARM GAS  C:\Users\zhmis\AppData\Local\Temp\ccb1Q8bk.s 			page 97


 3859              		.syntax unified
 3860              		.thumb
 3861              		.thumb_func
 3863              	Displ_drawCircle:
 3864              	.LVL413:
 3865              	.LFB166:
1016:Core/Src/z_displ_ST7735.c **** 
1017:Core/Src/z_displ_ST7735.c **** 
1018:Core/Src/z_displ_ST7735.c **** 
1019:Core/Src/z_displ_ST7735.c **** 
1020:Core/Src/z_displ_ST7735.c **** 
1021:Core/Src/z_displ_ST7735.c **** void Displ_drawCircle(int16_t x0, int16_t y0, int16_t r, uint16_t color)
1022:Core/Src/z_displ_ST7735.c **** {
 3866              		.loc 1 1022 1 is_stmt 1 view -0
 3867              		.cfi_startproc
 3868              		@ args = 0, pretend = 0, frame = 24
 3869              		@ frame_needed = 0, uses_anonymous_args = 0
 3870              		.loc 1 1022 1 is_stmt 0 view .LVU1010
 3871 0000 2DE9F04F 		push	{r4, r5, r6, r7, r8, r9, r10, fp, lr}
 3872              		.cfi_def_cfa_offset 36
 3873              		.cfi_offset 4, -36
 3874              		.cfi_offset 5, -32
 3875              		.cfi_offset 6, -28
 3876              		.cfi_offset 7, -24
 3877              		.cfi_offset 8, -20
 3878              		.cfi_offset 9, -16
 3879              		.cfi_offset 10, -12
 3880              		.cfi_offset 11, -8
 3881              		.cfi_offset 14, -4
 3882 0004 87B0     		sub	sp, sp, #28
 3883              		.cfi_def_cfa_offset 64
 3884 0006 0192     		str	r2, [sp, #4]
 3885 0008 1E46     		mov	r6, r3
1023:Core/Src/z_displ_ST7735.c ****     int16_t f = 1 - r;
 3886              		.loc 1 1023 5 is_stmt 1 view .LVU1011
 3887              		.loc 1 1023 19 is_stmt 0 view .LVU1012
 3888 000a 94B2     		uxth	r4, r2
 3889 000c C4F10103 		rsb	r3, r4, #1
 3890              	.LVL414:
 3891              		.loc 1 1023 13 view .LVU1013
 3892 0010 0FFA83F9 		sxth	r9, r3
 3893              	.LVL415:
1024:Core/Src/z_displ_ST7735.c ****     int16_t ddF_x = 1;
 3894              		.loc 1 1024 5 is_stmt 1 view .LVU1014
1025:Core/Src/z_displ_ST7735.c ****     int16_t ddF_y = -2 * r;
 3895              		.loc 1 1025 5 view .LVU1015
 3896              		.loc 1 1025 24 is_stmt 0 view .LVU1016
 3897 0014 C4EBC433 		rsb	r3, r4, r4, lsl #15
 3898 0018 5B00     		lsls	r3, r3, #1
 3899              		.loc 1 1025 13 view .LVU1017
 3900 001a 1BB2     		sxth	r3, r3
 3901 001c 0593     		str	r3, [sp, #20]
 3902              	.LVL416:
1026:Core/Src/z_displ_ST7735.c ****     int16_t x = 0;
 3903              		.loc 1 1026 5 is_stmt 1 view .LVU1018
1027:Core/Src/z_displ_ST7735.c ****     int16_t y = r;
 3904              		.loc 1 1027 5 view .LVU1019
ARM GAS  C:\Users\zhmis\AppData\Local\Temp\ccb1Q8bk.s 			page 98


1028:Core/Src/z_displ_ST7735.c **** 
1029:Core/Src/z_displ_ST7735.c **** //    writePixel(x0  , y0+r, color);
1030:Core/Src/z_displ_ST7735.c ****     Displ_Pixel(x0  , y0+r, color);
 3905              		.loc 1 1030 5 view .LVU1020
 3906 001e 1FFA80FB 		uxth	fp, r0
 3907 0022 1FFA81FA 		uxth	r10, r1
 3908 0026 04EB0A01 		add	r1, r4, r10
 3909              	.LVL417:
 3910              		.loc 1 1030 5 is_stmt 0 view .LVU1021
 3911 002a 3246     		mov	r2, r6
 3912              	.LVL418:
 3913              		.loc 1 1030 5 view .LVU1022
 3914 002c 89B2     		uxth	r1, r1
 3915 002e 5846     		mov	r0, fp
 3916              		.loc 1 1030 5 view .LVU1023
 3917 0030 FFF7FEFF 		bl	Displ_Pixel
 3918              	.LVL419:
1031:Core/Src/z_displ_ST7735.c ****     Displ_Pixel(x0  , y0-r, color);
 3919              		.loc 1 1031 5 is_stmt 1 view .LVU1024
 3920 0034 AAEB0401 		sub	r1, r10, r4
 3921 0038 3246     		mov	r2, r6
 3922 003a 89B2     		uxth	r1, r1
 3923 003c 5846     		mov	r0, fp
 3924 003e FFF7FEFF 		bl	Displ_Pixel
 3925              	.LVL420:
1032:Core/Src/z_displ_ST7735.c ****     Displ_Pixel(x0+r, y0  , color);
 3926              		.loc 1 1032 5 view .LVU1025
 3927 0042 04EB0B00 		add	r0, r4, fp
 3928 0046 3246     		mov	r2, r6
 3929 0048 5146     		mov	r1, r10
 3930 004a 80B2     		uxth	r0, r0
 3931 004c FFF7FEFF 		bl	Displ_Pixel
 3932              	.LVL421:
1033:Core/Src/z_displ_ST7735.c ****     Displ_Pixel(x0-r, y0  , color);
 3933              		.loc 1 1033 5 view .LVU1026
 3934 0050 ABEB0400 		sub	r0, fp, r4
 3935 0054 3246     		mov	r2, r6
 3936 0056 5146     		mov	r1, r10
 3937 0058 80B2     		uxth	r0, r0
 3938 005a FFF7FEFF 		bl	Displ_Pixel
 3939              	.LVL422:
1034:Core/Src/z_displ_ST7735.c **** 
1035:Core/Src/z_displ_ST7735.c ****     while (x<y) {
 3940              		.loc 1 1035 5 view .LVU1027
1026:Core/Src/z_displ_ST7735.c ****     int16_t y = r;
 3941              		.loc 1 1026 13 is_stmt 0 view .LVU1028
 3942 005e 0023     		movs	r3, #0
 3943 0060 0293     		str	r3, [sp, #8]
1024:Core/Src/z_displ_ST7735.c ****     int16_t ddF_y = -2 * r;
 3944              		.loc 1 1024 13 view .LVU1029
 3945 0062 0123     		movs	r3, #1
 3946 0064 0393     		str	r3, [sp, #12]
 3947              		.loc 1 1035 11 view .LVU1030
 3948 0066 5EE0     		b	.L247
 3949              	.LVL423:
 3950              	.L252:
1036:Core/Src/z_displ_ST7735.c ****         if (f >= 0) {
ARM GAS  C:\Users\zhmis\AppData\Local\Temp\ccb1Q8bk.s 			page 99


1037:Core/Src/z_displ_ST7735.c ****             y--;
 3951              		.loc 1 1037 13 is_stmt 1 view .LVU1031
 3952              		.loc 1 1037 14 is_stmt 0 view .LVU1032
 3953 0068 019B     		ldr	r3, [sp, #4]
 3954 006a 013B     		subs	r3, r3, #1
 3955 006c 1BB2     		sxth	r3, r3
 3956 006e 0193     		str	r3, [sp, #4]
 3957              	.LVL424:
1038:Core/Src/z_displ_ST7735.c ****             ddF_y += 2;
 3958              		.loc 1 1038 13 is_stmt 1 view .LVU1033
 3959              		.loc 1 1038 19 is_stmt 0 view .LVU1034
 3960 0070 059B     		ldr	r3, [sp, #20]
 3961 0072 0233     		adds	r3, r3, #2
 3962 0074 1AB2     		sxth	r2, r3
 3963 0076 0592     		str	r2, [sp, #20]
 3964              	.LVL425:
1039:Core/Src/z_displ_ST7735.c ****             f += ddF_y;
 3965              		.loc 1 1039 13 is_stmt 1 view .LVU1035
 3966              		.loc 1 1039 15 is_stmt 0 view .LVU1036
 3967 0078 19FA83F3 		uxtah	r3, r9, r3
 3968 007c 0FFA83F9 		sxth	r9, r3
 3969              	.LVL426:
 3970              	.L248:
1040:Core/Src/z_displ_ST7735.c ****         }
1041:Core/Src/z_displ_ST7735.c ****         x++;
 3971              		.loc 1 1041 9 is_stmt 1 view .LVU1037
 3972              		.loc 1 1041 10 is_stmt 0 view .LVU1038
 3973 0080 029B     		ldr	r3, [sp, #8]
 3974 0082 0133     		adds	r3, r3, #1
 3975 0084 9DB2     		uxth	r5, r3
 3976 0086 1BB2     		sxth	r3, r3
 3977 0088 0293     		str	r3, [sp, #8]
 3978              	.LVL427:
1042:Core/Src/z_displ_ST7735.c ****         ddF_x += 2;
 3979              		.loc 1 1042 9 is_stmt 1 view .LVU1039
 3980              		.loc 1 1042 15 is_stmt 0 view .LVU1040
 3981 008a 039B     		ldr	r3, [sp, #12]
 3982 008c 0233     		adds	r3, r3, #2
 3983 008e 1AB2     		sxth	r2, r3
 3984 0090 0392     		str	r2, [sp, #12]
 3985              	.LVL428:
1043:Core/Src/z_displ_ST7735.c ****         f += ddF_x;
 3986              		.loc 1 1043 9 is_stmt 1 view .LVU1041
 3987              		.loc 1 1043 11 is_stmt 0 view .LVU1042
 3988 0092 19FA83F3 		uxtah	r3, r9, r3
 3989 0096 0FFA83F9 		sxth	r9, r3
 3990              	.LVL429:
1044:Core/Src/z_displ_ST7735.c **** 
1045:Core/Src/z_displ_ST7735.c ****         Displ_Pixel(x0 + x, y0 + y, color);
 3991              		.loc 1 1045 9 is_stmt 1 view .LVU1043
 3992 009a 0BEB0503 		add	r3, fp, r5
 3993 009e 9BB2     		uxth	r3, r3
 3994 00a0 BDF80440 		ldrh	r4, [sp, #4]
 3995 00a4 0AEB0408 		add	r8, r10, r4
 3996 00a8 1FFA88F8 		uxth	r8, r8
 3997 00ac 3246     		mov	r2, r6
 3998 00ae 4146     		mov	r1, r8
ARM GAS  C:\Users\zhmis\AppData\Local\Temp\ccb1Q8bk.s 			page 100


 3999 00b0 0493     		str	r3, [sp, #16]
 4000 00b2 1846     		mov	r0, r3
 4001 00b4 FFF7FEFF 		bl	Displ_Pixel
 4002              	.LVL430:
1046:Core/Src/z_displ_ST7735.c ****         Displ_Pixel(x0 - x, y0 + y, color);
 4003              		.loc 1 1046 9 view .LVU1044
 4004 00b8 ABEB0507 		sub	r7, fp, r5
 4005 00bc BFB2     		uxth	r7, r7
 4006 00be 3246     		mov	r2, r6
 4007 00c0 4146     		mov	r1, r8
 4008 00c2 3846     		mov	r0, r7
 4009 00c4 FFF7FEFF 		bl	Displ_Pixel
 4010              	.LVL431:
1047:Core/Src/z_displ_ST7735.c ****         Displ_Pixel(x0 + x, y0 - y, color);
 4011              		.loc 1 1047 9 view .LVU1045
 4012 00c8 AAEB0408 		sub	r8, r10, r4
 4013 00cc 1FFA88F8 		uxth	r8, r8
 4014 00d0 3246     		mov	r2, r6
 4015 00d2 4146     		mov	r1, r8
 4016 00d4 0498     		ldr	r0, [sp, #16]
 4017 00d6 FFF7FEFF 		bl	Displ_Pixel
 4018              	.LVL432:
1048:Core/Src/z_displ_ST7735.c ****         Displ_Pixel(x0 - x, y0 - y, color);
 4019              		.loc 1 1048 9 view .LVU1046
 4020 00da 3246     		mov	r2, r6
 4021 00dc 4146     		mov	r1, r8
 4022 00de 3846     		mov	r0, r7
 4023 00e0 FFF7FEFF 		bl	Displ_Pixel
 4024              	.LVL433:
1049:Core/Src/z_displ_ST7735.c ****         Displ_Pixel(x0 + y, y0 + x, color);
 4025              		.loc 1 1049 9 view .LVU1047
 4026 00e4 0BEB0407 		add	r7, fp, r4
 4027 00e8 BFB2     		uxth	r7, r7
 4028 00ea 0AEB0508 		add	r8, r10, r5
 4029 00ee 1FFA88F8 		uxth	r8, r8
 4030 00f2 3246     		mov	r2, r6
 4031 00f4 4146     		mov	r1, r8
 4032 00f6 3846     		mov	r0, r7
 4033 00f8 FFF7FEFF 		bl	Displ_Pixel
 4034              	.LVL434:
1050:Core/Src/z_displ_ST7735.c ****         Displ_Pixel(x0 - y, y0 + x, color);
 4035              		.loc 1 1050 9 view .LVU1048
 4036 00fc ABEB0404 		sub	r4, fp, r4
 4037 0100 A4B2     		uxth	r4, r4
 4038 0102 3246     		mov	r2, r6
 4039 0104 4146     		mov	r1, r8
 4040 0106 2046     		mov	r0, r4
 4041 0108 FFF7FEFF 		bl	Displ_Pixel
 4042              	.LVL435:
1051:Core/Src/z_displ_ST7735.c ****         Displ_Pixel(x0 + y, y0 - x, color);
 4043              		.loc 1 1051 9 view .LVU1049
 4044 010c AAEB0505 		sub	r5, r10, r5
 4045 0110 ADB2     		uxth	r5, r5
 4046 0112 3246     		mov	r2, r6
 4047 0114 2946     		mov	r1, r5
 4048 0116 3846     		mov	r0, r7
 4049 0118 FFF7FEFF 		bl	Displ_Pixel
ARM GAS  C:\Users\zhmis\AppData\Local\Temp\ccb1Q8bk.s 			page 101


 4050              	.LVL436:
1052:Core/Src/z_displ_ST7735.c ****         Displ_Pixel(x0 - y, y0 - x, color);
 4051              		.loc 1 1052 9 view .LVU1050
 4052 011c 3246     		mov	r2, r6
 4053 011e 2946     		mov	r1, r5
 4054 0120 2046     		mov	r0, r4
 4055 0122 FFF7FEFF 		bl	Displ_Pixel
 4056              	.LVL437:
 4057              	.L247:
1035:Core/Src/z_displ_ST7735.c ****         if (f >= 0) {
 4058              		.loc 1 1035 13 view .LVU1051
 4059 0126 029B     		ldr	r3, [sp, #8]
 4060 0128 019A     		ldr	r2, [sp, #4]
 4061 012a 9342     		cmp	r3, r2
 4062 012c 03DA     		bge	.L251
1036:Core/Src/z_displ_ST7735.c ****             y--;
 4063              		.loc 1 1036 9 view .LVU1052
1036:Core/Src/z_displ_ST7735.c ****             y--;
 4064              		.loc 1 1036 12 is_stmt 0 view .LVU1053
 4065 012e B9F1000F 		cmp	r9, #0
 4066 0132 99DA     		bge	.L252
 4067 0134 A4E7     		b	.L248
 4068              	.L251:
1053:Core/Src/z_displ_ST7735.c ****     }
1054:Core/Src/z_displ_ST7735.c **** }
 4069              		.loc 1 1054 1 view .LVU1054
 4070 0136 07B0     		add	sp, sp, #28
 4071              		.cfi_def_cfa_offset 36
 4072              		@ sp needed
 4073 0138 BDE8F08F 		pop	{r4, r5, r6, r7, r8, r9, r10, fp, pc}
 4074              		.loc 1 1054 1 view .LVU1055
 4075              		.cfi_endproc
 4076              	.LFE166:
 4078              		.section	.text.Displ_BackLight,"ax",%progbits
 4079              		.align	1
 4080              		.global	Displ_BackLight
 4081              		.syntax unified
 4082              		.thumb
 4083              		.thumb_func
 4085              	Displ_BackLight:
 4086              	.LVL438:
 4087              	.LFB167:
1055:Core/Src/z_displ_ST7735.c **** 
1056:Core/Src/z_displ_ST7735.c **** 
1057:Core/Src/z_displ_ST7735.c **** /********************************************
1058:Core/Src/z_displ_ST7735.c ****  ********************************************
1059:Core/Src/z_displ_ST7735.c ****  ********************************************/
1060:Core/Src/z_displ_ST7735.c **** 
1061:Core/Src/z_displ_ST7735.c **** 
1062:Core/Src/z_displ_ST7735.c **** 
1063:Core/Src/z_displ_ST7735.c **** 
1064:Core/Src/z_displ_ST7735.c **** 
1065:Core/Src/z_displ_ST7735.c **** 
1066:Core/Src/z_displ_ST7735.c **** 
1067:Core/Src/z_displ_ST7735.c **** /**************************************
1068:Core/Src/z_displ_ST7735.c ****  * @brief		set backlight level
1069:Core/Src/z_displ_ST7735.c ****  * 				PLEASE NOTE: if not in "DIMMING MODE" only 'F', '1', '0' and 'Q' available
ARM GAS  C:\Users\zhmis\AppData\Local\Temp\ccb1Q8bk.s 			page 102


1070:Core/Src/z_displ_ST7735.c ****  * @param	cmd	'S'		put display in stby (light level=BKLIT_STBY_LEVEL)
1071:Core/Src/z_displ_ST7735.c ****  * 				'W' 	wake-up from stdby restoring previous level
1072:Core/Src/z_displ_ST7735.c ****  *				'+'		add 1 step to the current light level
1073:Core/Src/z_displ_ST7735.c ****  *				'-'		reduce 1 step to the current light level
1074:Core/Src/z_displ_ST7735.c ****  *				'F','1'	set the display level to max
1075:Core/Src/z_displ_ST7735.c ****  *				'0'		set the display level to 0 (off)
1076:Core/Src/z_displ_ST7735.c ****  *				'I'		'Initialize'. If dimming mode, IT MUST BE run on startup
1077:Core/Src/z_displ_ST7735.c ****  *              'Q'		do nothing, just return current level
1078:Core/Src/z_displ_ST7735.c ****  * @return		current backlight level
1079:Core/Src/z_displ_ST7735.c ****  **************************************/
1080:Core/Src/z_displ_ST7735.c **** uint32_t  Displ_BackLight(uint8_t cmd) {
 4088              		.loc 1 1080 40 is_stmt 1 view -0
 4089              		.cfi_startproc
 4090              		@ args = 0, pretend = 0, frame = 0
 4091              		@ frame_needed = 0, uses_anonymous_args = 0
 4092              		.loc 1 1080 40 is_stmt 0 view .LVU1057
 4093 0000 08B5     		push	{r3, lr}
 4094              		.cfi_def_cfa_offset 8
 4095              		.cfi_offset 3, -8
 4096              		.cfi_offset 14, -4
1081:Core/Src/z_displ_ST7735.c **** 
1082:Core/Src/z_displ_ST7735.c **** #ifdef DISPLAY_DIMMING_MODE
1083:Core/Src/z_displ_ST7735.c **** 	static uint16_t memCCR1=0;  			//it stores CCR1 value while in stand-by
1084:Core/Src/z_displ_ST7735.c **** #endif
1085:Core/Src/z_displ_ST7735.c **** 
1086:Core/Src/z_displ_ST7735.c **** 	switch (cmd) {
 4097              		.loc 1 1086 2 is_stmt 1 view .LVU1058
 4098 0002 3128     		cmp	r0, #49
 4099 0004 09D0     		beq	.L254
 4100 0006 4628     		cmp	r0, #70
 4101 0008 07D0     		beq	.L254
 4102 000a 3028     		cmp	r0, #48
 4103 000c 0AD1     		bne	.L256
1087:Core/Src/z_displ_ST7735.c **** #ifndef DISPLAY_DIMMING_MODE
1088:Core/Src/z_displ_ST7735.c **** 	case 'F':
1089:Core/Src/z_displ_ST7735.c **** 	case '1':
1090:Core/Src/z_displ_ST7735.c **** 		HAL_GPIO_WritePin(DISPL_LED_GPIO_Port, DISPL_LED_Pin, GPIO_PIN_SET);
1091:Core/Src/z_displ_ST7735.c **** 		break;
1092:Core/Src/z_displ_ST7735.c **** 	case '0':
1093:Core/Src/z_displ_ST7735.c **** 		HAL_GPIO_WritePin(DISPL_LED_GPIO_Port, DISPL_LED_Pin, GPIO_PIN_RESET);
 4104              		.loc 1 1093 3 view .LVU1059
 4105 000e 0022     		movs	r2, #0
 4106 0010 1021     		movs	r1, #16
 4107 0012 0748     		ldr	r0, .L258
 4108              	.LVL439:
 4109              		.loc 1 1093 3 is_stmt 0 view .LVU1060
 4110 0014 FFF7FEFF 		bl	HAL_GPIO_WritePin
 4111              	.LVL440:
1094:Core/Src/z_displ_ST7735.c **** 		break;
 4112              		.loc 1 1094 3 is_stmt 1 view .LVU1061
 4113 0018 04E0     		b	.L256
 4114              	.LVL441:
 4115              	.L254:
1090:Core/Src/z_displ_ST7735.c **** 		break;
 4116              		.loc 1 1090 3 view .LVU1062
 4117 001a 0122     		movs	r2, #1
 4118 001c 1021     		movs	r1, #16
ARM GAS  C:\Users\zhmis\AppData\Local\Temp\ccb1Q8bk.s 			page 103


 4119 001e 0448     		ldr	r0, .L258
 4120              	.LVL442:
1090:Core/Src/z_displ_ST7735.c **** 		break;
 4121              		.loc 1 1090 3 is_stmt 0 view .LVU1063
 4122 0020 FFF7FEFF 		bl	HAL_GPIO_WritePin
 4123              	.LVL443:
1091:Core/Src/z_displ_ST7735.c **** 	case '0':
 4124              		.loc 1 1091 3 is_stmt 1 view .LVU1064
 4125              	.L256:
1095:Core/Src/z_displ_ST7735.c **** #else
1096:Core/Src/z_displ_ST7735.c **** 	case 'F':
1097:Core/Src/z_displ_ST7735.c **** 	case '1':
1098:Core/Src/z_displ_ST7735.c **** 		BKLIT_TIMER->BKLIT_CCR=BKLIT_TIMER->ARR;
1099:Core/Src/z_displ_ST7735.c **** 		break;
1100:Core/Src/z_displ_ST7735.c **** 	case '0':
1101:Core/Src/z_displ_ST7735.c **** 		BKLIT_TIMER->BKLIT_CCR=0;
1102:Core/Src/z_displ_ST7735.c **** 		break;
1103:Core/Src/z_displ_ST7735.c **** 	case 'W':
1104:Core/Src/z_displ_ST7735.c **** 		BKLIT_TIMER->BKLIT_CCR=memCCR1;					//restore previous level
1105:Core/Src/z_displ_ST7735.c **** 		break;
1106:Core/Src/z_displ_ST7735.c **** 	case 'S':
1107:Core/Src/z_displ_ST7735.c **** 		memCCR1=BKLIT_TIMER->BKLIT_CCR;
1108:Core/Src/z_displ_ST7735.c **** 		if (BKLIT_TIMER->BKLIT_CCR>=(BKLIT_STBY_LEVEL))	//set stby level only if current level is higher
1109:Core/Src/z_displ_ST7735.c **** 			BKLIT_TIMER->BKLIT_CCR=(BKLIT_STBY_LEVEL);
1110:Core/Src/z_displ_ST7735.c **** 		break;
1111:Core/Src/z_displ_ST7735.c **** 	case '+':
1112:Core/Src/z_displ_ST7735.c **** 		if (BKLIT_TIMER->ARR>BKLIT_TIMER->BKLIT_CCR)		// if CCR1 has not yet the highest value (ARR)
1113:Core/Src/z_displ_ST7735.c **** 			++BKLIT_TIMER->BKLIT_CCR;
1114:Core/Src/z_displ_ST7735.c **** 		else
1115:Core/Src/z_displ_ST7735.c **** 			BKLIT_TIMER->BKLIT_CCR=BKLIT_TIMER->ARR;
1116:Core/Src/z_displ_ST7735.c **** 		break;
1117:Core/Src/z_displ_ST7735.c **** 	case '-':
1118:Core/Src/z_displ_ST7735.c **** 		if (BKLIT_TIMER->BKLIT_CCR>0)					// if CCR1 has not yet the lowest value (0)
1119:Core/Src/z_displ_ST7735.c **** 			--BKLIT_TIMER->BKLIT_CCR;
1120:Core/Src/z_displ_ST7735.c **** 		else
1121:Core/Src/z_displ_ST7735.c **** 			BKLIT_TIMER->BKLIT_CCR=0;
1122:Core/Src/z_displ_ST7735.c **** 		break;
1123:Core/Src/z_displ_ST7735.c **** 	case 'I':
1124:Core/Src/z_displ_ST7735.c **** 	  	HAL_TIM_PWM_Start(&BKLIT_T, BKLIT_CHANNEL);
1125:Core/Src/z_displ_ST7735.c **** 		Displ_BackLight(BKLIT_INIT_LEVEL);
1126:Core/Src/z_displ_ST7735.c **** 		break;
1127:Core/Src/z_displ_ST7735.c **** #endif
1128:Core/Src/z_displ_ST7735.c **** 	case 'Q':
1129:Core/Src/z_displ_ST7735.c **** 		break;
1130:Core/Src/z_displ_ST7735.c **** 	default:
1131:Core/Src/z_displ_ST7735.c **** 		break;
1132:Core/Src/z_displ_ST7735.c **** 	}
1133:Core/Src/z_displ_ST7735.c **** #ifndef DISPLAY_DIMMING_MODE
1134:Core/Src/z_displ_ST7735.c **** 	return HAL_GPIO_ReadPin(DISPL_LED_GPIO_Port, DISPL_LED_Pin);
 4126              		.loc 1 1134 2 view .LVU1065
 4127              		.loc 1 1134 9 is_stmt 0 view .LVU1066
 4128 0024 1021     		movs	r1, #16
 4129 0026 0248     		ldr	r0, .L258
 4130 0028 FFF7FEFF 		bl	HAL_GPIO_ReadPin
 4131              	.LVL444:
1135:Core/Src/z_displ_ST7735.c **** #else
1136:Core/Src/z_displ_ST7735.c **** 	return (BKLIT_TIMER->BKLIT_CCR);
ARM GAS  C:\Users\zhmis\AppData\Local\Temp\ccb1Q8bk.s 			page 104


1137:Core/Src/z_displ_ST7735.c **** #endif
1138:Core/Src/z_displ_ST7735.c **** }
 4132              		.loc 1 1138 1 view .LVU1067
 4133 002c 08BD     		pop	{r3, pc}
 4134              	.L259:
 4135 002e 00BF     		.align	2
 4136              	.L258:
 4137 0030 00080240 		.word	1073874944
 4138              		.cfi_endproc
 4139              	.LFE167:
 4141              		.section	.text.touchgfxDisplayDriverTransmitActive,"ax",%progbits
 4142              		.align	1
 4143              		.global	touchgfxDisplayDriverTransmitActive
 4144              		.syntax unified
 4145              		.thumb
 4146              		.thumb_func
 4148              	touchgfxDisplayDriverTransmitActive:
 4149              	.LFB168:
1139:Core/Src/z_displ_ST7735.c **** 
1140:Core/Src/z_displ_ST7735.c **** 
1141:Core/Src/z_displ_ST7735.c **** 
1142:Core/Src/z_displ_ST7735.c **** 
1143:Core/Src/z_displ_ST7735.c **** 
1144:Core/Src/z_displ_ST7735.c **** 
1145:Core/Src/z_displ_ST7735.c **** /************************
1146:Core/Src/z_displ_ST7735.c ****  * @brief	TouchGFX integration: returns status of communication to the display
1147:Core/Src/z_displ_ST7735.c ****  * @return	1 = there is a transmission running
1148:Core/Src/z_displ_ST7735.c ****  * 			0 = no transmission
1149:Core/Src/z_displ_ST7735.c ****  ************************/
1150:Core/Src/z_displ_ST7735.c **** int touchgfxDisplayDriverTransmitActive(){
 4150              		.loc 1 1150 42 is_stmt 1 view -0
 4151              		.cfi_startproc
 4152              		@ args = 0, pretend = 0, frame = 0
 4153              		@ frame_needed = 0, uses_anonymous_args = 0
 4154              		@ link register save eliminated.
1151:Core/Src/z_displ_ST7735.c **** 	// using the flag indicating SPI port availability
1152:Core/Src/z_displ_ST7735.c **** 	// already used to drive communication via DMA
1153:Core/Src/z_displ_ST7735.c **** 	return (!dispSpiAvailable);
 4155              		.loc 1 1153 2 view .LVU1069
 4156              		.loc 1 1153 10 is_stmt 0 view .LVU1070
 4157 0000 024B     		ldr	r3, .L261
 4158 0002 1868     		ldr	r0, [r3]
1154:Core/Src/z_displ_ST7735.c **** }
 4159              		.loc 1 1154 1 view .LVU1071
 4160 0004 B0FA80F0 		clz	r0, r0
 4161 0008 4009     		lsrs	r0, r0, #5
 4162 000a 7047     		bx	lr
 4163              	.L262:
 4164              		.align	2
 4165              	.L261:
 4166 000c 00000000 		.word	dispSpiAvailable
 4167              		.cfi_endproc
 4168              	.LFE168:
 4170              		.section	.text.touchgfxDisplayDriverTransmitBlock,"ax",%progbits
 4171              		.align	1
 4172              		.global	touchgfxDisplayDriverTransmitBlock
 4173              		.syntax unified
ARM GAS  C:\Users\zhmis\AppData\Local\Temp\ccb1Q8bk.s 			page 105


 4174              		.thumb
 4175              		.thumb_func
 4177              	touchgfxDisplayDriverTransmitBlock:
 4178              	.LVL445:
 4179              	.LFB169:
1155:Core/Src/z_displ_ST7735.c **** 
1156:Core/Src/z_displ_ST7735.c **** 
1157:Core/Src/z_displ_ST7735.c **** 
1158:Core/Src/z_displ_ST7735.c **** 
1159:Core/Src/z_displ_ST7735.c **** 
1160:Core/Src/z_displ_ST7735.c **** /************************
1161:Core/Src/z_displ_ST7735.c ****  * @brief	TouchGFX integration: write to display the block indicated by parameters
1162:Core/Src/z_displ_ST7735.c ****  *
1163:Core/Src/z_displ_ST7735.c ****  ************************/
1164:Core/Src/z_displ_ST7735.c **** void touchgfxDisplayDriverTransmitBlock(const uint8_t* pixels, uint16_t x, uint16_t y, uint16_t w, 
 4180              		.loc 1 1164 111 is_stmt 1 view -0
 4181              		.cfi_startproc
 4182              		@ args = 4, pretend = 0, frame = 0
 4183              		@ frame_needed = 0, uses_anonymous_args = 0
 4184              		.loc 1 1164 111 is_stmt 0 view .LVU1073
 4185 0000 70B5     		push	{r4, r5, r6, lr}
 4186              		.cfi_def_cfa_offset 16
 4187              		.cfi_offset 4, -16
 4188              		.cfi_offset 5, -12
 4189              		.cfi_offset 6, -8
 4190              		.cfi_offset 14, -4
 4191 0002 0546     		mov	r5, r0
 4192 0004 1C46     		mov	r4, r3
 4193 0006 BDF81060 		ldrh	r6, [sp, #16]
1165:Core/Src/z_displ_ST7735.c **** 		ST7735_SetAddressWindow(x, y, x+w-1, y+h-1);
 4194              		.loc 1 1165 3 is_stmt 1 view .LVU1074
 4195 000a C8B2     		uxtb	r0, r1
 4196              	.LVL446:
 4197              		.loc 1 1165 3 is_stmt 0 view .LVU1075
 4198 000c D1B2     		uxtb	r1, r2
 4199              	.LVL447:
 4200              		.loc 1 1165 34 view .LVU1076
 4201 000e C218     		adds	r2, r0, r3
 4202              	.LVL448:
 4203              		.loc 1 1165 34 view .LVU1077
 4204 0010 D2B2     		uxtb	r2, r2
 4205              		.loc 1 1165 41 view .LVU1078
 4206 0012 8B19     		adds	r3, r1, r6
 4207              	.LVL449:
 4208              		.loc 1 1165 41 view .LVU1079
 4209 0014 DBB2     		uxtb	r3, r3
 4210              		.loc 1 1165 3 view .LVU1080
 4211 0016 013B     		subs	r3, r3, #1
 4212 0018 013A     		subs	r2, r2, #1
 4213 001a DBB2     		uxtb	r3, r3
 4214 001c D2B2     		uxtb	r2, r2
 4215 001e FFF7FEFF 		bl	ST7735_SetAddressWindow
 4216              	.LVL450:
1166:Core/Src/z_displ_ST7735.c **** 		Displ_WriteData((uint8_t* )pixels,((w*h)<<1),1);
 4217              		.loc 1 1166 3 is_stmt 1 view .LVU1081
 4218              		.loc 1 1166 40 is_stmt 0 view .LVU1082
 4219 0022 06FB04F1 		mul	r1, r6, r4
ARM GAS  C:\Users\zhmis\AppData\Local\Temp\ccb1Q8bk.s 			page 106


 4220              		.loc 1 1166 3 view .LVU1083
 4221 0026 0122     		movs	r2, #1
 4222 0028 9140     		lsls	r1, r1, r2
 4223 002a 2846     		mov	r0, r5
 4224 002c FFF7FEFF 		bl	Displ_WriteData
 4225              	.LVL451:
1167:Core/Src/z_displ_ST7735.c **** }
 4226              		.loc 1 1167 1 view .LVU1084
 4227 0030 70BD     		pop	{r4, r5, r6, pc}
 4228              		.loc 1 1167 1 view .LVU1085
 4229              		.cfi_endproc
 4230              	.LFE169:
 4232              		.section	.bss.cambia.0,"aw",%nobits
 4235              	cambia.0:
 4236 0000 00       		.space	1
 4237              		.global	init_cmds3
 4238              		.section	.rodata.init_cmds3,"a"
 4239              		.align	2
 4242              	init_cmds3:
 4243 0000 0213800A 		.ascii	"\002\023\200\012)\200d"
 4243      298064
 4244              		.global	init_cmds2
 4245              		.section	.rodata.init_cmds2,"a"
 4246              		.align	2
 4249              	init_cmds2:
 4250 0000 00       		.space	1
 4251              		.global	init_cmds1
 4252              		.section	.rodata.init_cmds1,"a"
 4253              		.align	2
 4256              	init_cmds1:
 4257 0000 0F018096 		.ascii	"\017\001\200\226\021\200\377\261\003\001,-\262\003\001"
 4257      1180FFB1 
 4257      03012C2D 
 4257      B20301
 4258 000f 2C2DB306 		.ascii	",-\263\006\001,-\001,-\264\001\007\300\003\242\002\204"
 4258      012C2D01 
 4258      2C2DB401 
 4258      07C003A2 
 4258      0284
 4259 0021 C101C5C2 		.ascii	"\301\001\305\302\002\012\000\303\002\212*\304\002\212"
 4259      020A00C3 
 4259      028A2AC4 
 4259      028A
 4260 002f EEC5010E 		.ascii	"\356\305\001\016 \000:\001\005"
 4260      20003A01 
 4260      05
 4261              		.section	.data.dispBuffer,"aw"
 4262              		.align	2
 4265              	dispBuffer:
 4266 0000 00000000 		.word	dispBuffer1
 4267              		.section	.bss.dispBuffer2,"aw",%nobits
 4268              		.align	2
 4271              	dispBuffer2:
 4272 0000 00000000 		.space	2048
 4272      00000000 
 4272      00000000 
 4272      00000000 
ARM GAS  C:\Users\zhmis\AppData\Local\Temp\ccb1Q8bk.s 			page 107


 4272      00000000 
 4273              		.section	.bss.dispBuffer1,"aw",%nobits
 4274              		.align	2
 4277              	dispBuffer1:
 4278 0000 00000000 		.space	2048
 4278      00000000 
 4278      00000000 
 4278      00000000 
 4278      00000000 
 4279              		.global	_ystart
 4280              		.section	.bss._ystart,"aw",%nobits
 4283              	_ystart:
 4284 0000 00       		.space	1
 4285              		.global	_xstart
 4286              		.section	.bss._xstart,"aw",%nobits
 4289              	_xstart:
 4290 0000 00       		.space	1
 4291              		.global	_rowstart
 4292              		.section	.bss._rowstart,"aw",%nobits
 4295              	_rowstart:
 4296 0000 00       		.space	1
 4297              		.global	_colstart
 4298              		.section	.bss._colstart,"aw",%nobits
 4301              	_colstart:
 4302 0000 00       		.space	1
 4303              		.global	_height
 4304              		.section	.bss._height,"aw",%nobits
 4305              		.align	1
 4308              	_height:
 4309 0000 0000     		.space	2
 4310              		.global	_width
 4311              		.section	.bss._width,"aw",%nobits
 4312              		.align	1
 4315              	_width:
 4316 0000 0000     		.space	2
 4317              		.section	.data.dispSpiAvailable,"aw"
 4318              		.align	2
 4321              	dispSpiAvailable:
 4322 0000 01000000 		.word	1
 4323              		.text
 4324              	.Letext0:
 4325              		.file 3 "C:/Users/zhmis/AppData/Roaming/Code/User/globalStorage/bmd.stm32-for-vscode/@xpack-dev-to
 4326              		.file 4 "C:/Users/zhmis/AppData/Roaming/Code/User/globalStorage/bmd.stm32-for-vscode/@xpack-dev-to
 4327              		.file 5 "Drivers/CMSIS/Device/ST/STM32F4xx/Include/stm32f407xx.h"
 4328              		.file 6 "C:/Users/zhmis/AppData/Roaming/Code/User/globalStorage/bmd.stm32-for-vscode/@xpack-dev-to
 4329              		.file 7 "Drivers/STM32F4xx_HAL_Driver/Inc/stm32f4xx_hal_def.h"
 4330              		.file 8 "Drivers/STM32F4xx_HAL_Driver/Inc/stm32f4xx_hal_gpio.h"
 4331              		.file 9 "Drivers/STM32F4xx_HAL_Driver/Inc/stm32f4xx_hal_dma.h"
 4332              		.file 10 "Drivers/STM32F4xx_HAL_Driver/Inc/stm32f4xx_hal_spi.h"
 4333              		.file 11 "Core/Inc/fonts.h"
 4334              		.file 12 "Core/Inc/z_displ_ST7735.h"
 4335              		.file 13 "C:/Users/zhmis/AppData/Roaming/Code/User/globalStorage/bmd.stm32-for-vscode/@xpack-dev-t
 4336              		.file 14 "Drivers/STM32F4xx_HAL_Driver/Inc/stm32f4xx_hal.h"
ARM GAS  C:\Users\zhmis\AppData\Local\Temp\ccb1Q8bk.s 			page 108


DEFINED SYMBOLS
                            *ABS*:00000000 z_displ_ST7735.c
C:\Users\zhmis\AppData\Local\Temp\ccb1Q8bk.s:21     .text.ST7735_Reset:00000000 $t
C:\Users\zhmis\AppData\Local\Temp\ccb1Q8bk.s:27     .text.ST7735_Reset:00000000 ST7735_Reset
C:\Users\zhmis\AppData\Local\Temp\ccb1Q8bk.s:63     .text.ST7735_Reset:00000028 $d
C:\Users\zhmis\AppData\Local\Temp\ccb1Q8bk.s:68     .text.Displ_Transmit:00000000 $t
C:\Users\zhmis\AppData\Local\Temp\ccb1Q8bk.s:74     .text.Displ_Transmit:00000000 Displ_Transmit
C:\Users\zhmis\AppData\Local\Temp\ccb1Q8bk.s:206    .text.Displ_Transmit:00000060 $d
C:\Users\zhmis\AppData\Local\Temp\ccb1Q8bk.s:4321   .data.dispSpiAvailable:00000000 dispSpiAvailable
C:\Users\zhmis\AppData\Local\Temp\ccb1Q8bk.s:213    .text.Displ_WriteCommand:00000000 $t
C:\Users\zhmis\AppData\Local\Temp\ccb1Q8bk.s:219    .text.Displ_WriteCommand:00000000 Displ_WriteCommand
C:\Users\zhmis\AppData\Local\Temp\ccb1Q8bk.s:251    .text.Displ_WriteData:00000000 $t
C:\Users\zhmis\AppData\Local\Temp\ccb1Q8bk.s:257    .text.Displ_WriteData:00000000 Displ_WriteData
C:\Users\zhmis\AppData\Local\Temp\ccb1Q8bk.s:293    .text.ST7735_InitCmds:00000000 $t
C:\Users\zhmis\AppData\Local\Temp\ccb1Q8bk.s:299    .text.ST7735_InitCmds:00000000 ST7735_InitCmds
C:\Users\zhmis\AppData\Local\Temp\ccb1Q8bk.s:434    .text.ST7735_SetAddressWindow:00000000 $t
C:\Users\zhmis\AppData\Local\Temp\ccb1Q8bk.s:440    .text.ST7735_SetAddressWindow:00000000 ST7735_SetAddressWindow
C:\Users\zhmis\AppData\Local\Temp\ccb1Q8bk.s:527    .text.ST7735_SetAddressWindow:00000068 $d
C:\Users\zhmis\AppData\Local\Temp\ccb1Q8bk.s:4289   .bss._xstart:00000000 _xstart
C:\Users\zhmis\AppData\Local\Temp\ccb1Q8bk.s:4283   .bss._ystart:00000000 _ystart
C:\Users\zhmis\AppData\Local\Temp\ccb1Q8bk.s:533    .text.ST7735_SetRotation:00000000 $t
C:\Users\zhmis\AppData\Local\Temp\ccb1Q8bk.s:539    .text.ST7735_SetRotation:00000000 ST7735_SetRotation
C:\Users\zhmis\AppData\Local\Temp\ccb1Q8bk.s:561    .text.ST7735_SetRotation:00000012 $d
C:\Users\zhmis\AppData\Local\Temp\ccb1Q8bk.s:565    .text.ST7735_SetRotation:00000016 $t
C:\Users\zhmis\AppData\Local\Temp\ccb1Q8bk.s:698    .text.ST7735_SetRotation:000000b0 $d
C:\Users\zhmis\AppData\Local\Temp\ccb1Q8bk.s:4308   .bss._height:00000000 _height
C:\Users\zhmis\AppData\Local\Temp\ccb1Q8bk.s:4315   .bss._width:00000000 _width
C:\Users\zhmis\AppData\Local\Temp\ccb1Q8bk.s:4301   .bss._colstart:00000000 _colstart
C:\Users\zhmis\AppData\Local\Temp\ccb1Q8bk.s:4295   .bss._rowstart:00000000 _rowstart
C:\Users\zhmis\AppData\Local\Temp\ccb1Q8bk.s:708    .text.ST7735_Init:00000000 $t
C:\Users\zhmis\AppData\Local\Temp\ccb1Q8bk.s:714    .text.ST7735_Init:00000000 ST7735_Init
C:\Users\zhmis\AppData\Local\Temp\ccb1Q8bk.s:763    .text.ST7735_Init:00000030 $d
C:\Users\zhmis\AppData\Local\Temp\ccb1Q8bk.s:4256   .rodata.init_cmds1:00000000 init_cmds1
C:\Users\zhmis\AppData\Local\Temp\ccb1Q8bk.s:4249   .rodata.init_cmds2:00000000 init_cmds2
C:\Users\zhmis\AppData\Local\Temp\ccb1Q8bk.s:4242   .rodata.init_cmds3:00000000 init_cmds3
C:\Users\zhmis\AppData\Local\Temp\ccb1Q8bk.s:772    .text.ST7735_DrawImage:00000000 $t
C:\Users\zhmis\AppData\Local\Temp\ccb1Q8bk.s:778    .text.ST7735_DrawImage:00000000 ST7735_DrawImage
C:\Users\zhmis\AppData\Local\Temp\ccb1Q8bk.s:860    .text.ST7735_DrawImage:00000050 $d
C:\Users\zhmis\AppData\Local\Temp\ccb1Q8bk.s:866    .text.ST7735_InvertColors:00000000 $t
C:\Users\zhmis\AppData\Local\Temp\ccb1Q8bk.s:872    .text.ST7735_InvertColors:00000000 ST7735_InvertColors
C:\Users\zhmis\AppData\Local\Temp\ccb1Q8bk.s:906    .text.Displ_FillArea:00000000 $t
C:\Users\zhmis\AppData\Local\Temp\ccb1Q8bk.s:912    .text.Displ_FillArea:00000000 Displ_FillArea
C:\Users\zhmis\AppData\Local\Temp\ccb1Q8bk.s:1129   .text.Displ_FillArea:000000c4 $d
C:\Users\zhmis\AppData\Local\Temp\ccb1Q8bk.s:4265   .data.dispBuffer:00000000 dispBuffer
C:\Users\zhmis\AppData\Local\Temp\ccb1Q8bk.s:4277   .bss.dispBuffer1:00000000 dispBuffer1
C:\Users\zhmis\AppData\Local\Temp\ccb1Q8bk.s:4271   .bss.dispBuffer2:00000000 dispBuffer2
C:\Users\zhmis\AppData\Local\Temp\ccb1Q8bk.s:1138   .text.Displ_Pixel:00000000 $t
C:\Users\zhmis\AppData\Local\Temp\ccb1Q8bk.s:1144   .text.Displ_Pixel:00000000 Displ_Pixel
C:\Users\zhmis\AppData\Local\Temp\ccb1Q8bk.s:1189   .text.Displ_Pixel:0000002c $d
C:\Users\zhmis\AppData\Local\Temp\ccb1Q8bk.s:1195   .text.Displ_Border:00000000 $t
C:\Users\zhmis\AppData\Local\Temp\ccb1Q8bk.s:1201   .text.Displ_Border:00000000 Displ_Border
C:\Users\zhmis\AppData\Local\Temp\ccb1Q8bk.s:1286   .text.Displ_Line:00000000 $t
C:\Users\zhmis\AppData\Local\Temp\ccb1Q8bk.s:1292   .text.Displ_Line:00000000 Displ_Line
C:\Users\zhmis\AppData\Local\Temp\ccb1Q8bk.s:1675   .text.Displ_WChar:00000000 $t
C:\Users\zhmis\AppData\Local\Temp\ccb1Q8bk.s:1681   .text.Displ_WChar:00000000 Displ_WChar
C:\Users\zhmis\AppData\Local\Temp\ccb1Q8bk.s:1992   .text.Displ_WChar:00000144 $d
C:\Users\zhmis\AppData\Local\Temp\ccb1Q8bk.s:1999   .text.Displ_WString:00000000 $t
ARM GAS  C:\Users\zhmis\AppData\Local\Temp\ccb1Q8bk.s 			page 109


C:\Users\zhmis\AppData\Local\Temp\ccb1Q8bk.s:2005   .text.Displ_WString:00000000 Displ_WString
C:\Users\zhmis\AppData\Local\Temp\ccb1Q8bk.s:2104   .text.Displ_CString:00000000 $t
C:\Users\zhmis\AppData\Local\Temp\ccb1Q8bk.s:2110   .text.Displ_CString:00000000 Displ_CString
C:\Users\zhmis\AppData\Local\Temp\ccb1Q8bk.s:2368   .text.Displ_CString:00000158 $d
C:\Users\zhmis\AppData\Local\Temp\ccb1Q8bk.s:4235   .bss.cambia.0:00000000 cambia.0
C:\Users\zhmis\AppData\Local\Temp\ccb1Q8bk.s:2373   .text.Displ_Init:00000000 $t
C:\Users\zhmis\AppData\Local\Temp\ccb1Q8bk.s:2379   .text.Displ_Init:00000000 Displ_Init
C:\Users\zhmis\AppData\Local\Temp\ccb1Q8bk.s:2400   .text.Displ_Orientation:00000000 $t
C:\Users\zhmis\AppData\Local\Temp\ccb1Q8bk.s:2406   .text.Displ_Orientation:00000000 Displ_Orientation
C:\Users\zhmis\AppData\Local\Temp\ccb1Q8bk.s:2427   .text.Displ_CLS:00000000 $t
C:\Users\zhmis\AppData\Local\Temp\ccb1Q8bk.s:2433   .text.Displ_CLS:00000000 Displ_CLS
C:\Users\zhmis\AppData\Local\Temp\ccb1Q8bk.s:2466   .text.Displ_CLS:0000001c $d
C:\Users\zhmis\AppData\Local\Temp\ccb1Q8bk.s:2472   .text.HAL_SPI_ErrorCallback:00000000 $t
C:\Users\zhmis\AppData\Local\Temp\ccb1Q8bk.s:2478   .text.HAL_SPI_ErrorCallback:00000000 HAL_SPI_ErrorCallback
C:\Users\zhmis\AppData\Local\Temp\ccb1Q8bk.s:2514   .text.HAL_SPI_ErrorCallback:00000014 $d
C:\Users\zhmis\AppData\Local\Temp\ccb1Q8bk.s:2520   .text.HAL_SPI_TxCpltCallback:00000000 $t
C:\Users\zhmis\AppData\Local\Temp\ccb1Q8bk.s:2526   .text.HAL_SPI_TxCpltCallback:00000000 HAL_SPI_TxCpltCallback
C:\Users\zhmis\AppData\Local\Temp\ccb1Q8bk.s:2555   .text.HAL_SPI_TxCpltCallback:00000014 $d
C:\Users\zhmis\AppData\Local\Temp\ccb1Q8bk.s:2561   .text.drawCircleHelper:00000000 $t
C:\Users\zhmis\AppData\Local\Temp\ccb1Q8bk.s:2567   .text.drawCircleHelper:00000000 drawCircleHelper
C:\Users\zhmis\AppData\Local\Temp\ccb1Q8bk.s:2788   .text.fillCircleHelper:00000000 $t
C:\Users\zhmis\AppData\Local\Temp\ccb1Q8bk.s:2794   .text.fillCircleHelper:00000000 fillCircleHelper
C:\Users\zhmis\AppData\Local\Temp\ccb1Q8bk.s:3045   .text.Displ_drawRoundRect:00000000 $t
C:\Users\zhmis\AppData\Local\Temp\ccb1Q8bk.s:3051   .text.Displ_drawRoundRect:00000000 Displ_drawRoundRect
C:\Users\zhmis\AppData\Local\Temp\ccb1Q8bk.s:3215   .text.Displ_fillRoundRect:00000000 $t
C:\Users\zhmis\AppData\Local\Temp\ccb1Q8bk.s:3221   .text.Displ_fillRoundRect:00000000 Displ_fillRoundRect
C:\Users\zhmis\AppData\Local\Temp\ccb1Q8bk.s:3338   .text.Displ_fillTriangle:00000000 $t
C:\Users\zhmis\AppData\Local\Temp\ccb1Q8bk.s:3344   .text.Displ_fillTriangle:00000000 Displ_fillTriangle
C:\Users\zhmis\AppData\Local\Temp\ccb1Q8bk.s:3726   .text.Displ_drawTriangle:00000000 $t
C:\Users\zhmis\AppData\Local\Temp\ccb1Q8bk.s:3732   .text.Displ_drawTriangle:00000000 Displ_drawTriangle
C:\Users\zhmis\AppData\Local\Temp\ccb1Q8bk.s:3789   .text.Displ_fillCircle:00000000 $t
C:\Users\zhmis\AppData\Local\Temp\ccb1Q8bk.s:3795   .text.Displ_fillCircle:00000000 Displ_fillCircle
C:\Users\zhmis\AppData\Local\Temp\ccb1Q8bk.s:3857   .text.Displ_drawCircle:00000000 $t
C:\Users\zhmis\AppData\Local\Temp\ccb1Q8bk.s:3863   .text.Displ_drawCircle:00000000 Displ_drawCircle
C:\Users\zhmis\AppData\Local\Temp\ccb1Q8bk.s:4079   .text.Displ_BackLight:00000000 $t
C:\Users\zhmis\AppData\Local\Temp\ccb1Q8bk.s:4085   .text.Displ_BackLight:00000000 Displ_BackLight
C:\Users\zhmis\AppData\Local\Temp\ccb1Q8bk.s:4137   .text.Displ_BackLight:00000030 $d
C:\Users\zhmis\AppData\Local\Temp\ccb1Q8bk.s:4142   .text.touchgfxDisplayDriverTransmitActive:00000000 $t
C:\Users\zhmis\AppData\Local\Temp\ccb1Q8bk.s:4148   .text.touchgfxDisplayDriverTransmitActive:00000000 touchgfxDisplayDriverTransmitActive
C:\Users\zhmis\AppData\Local\Temp\ccb1Q8bk.s:4166   .text.touchgfxDisplayDriverTransmitActive:0000000c $d
C:\Users\zhmis\AppData\Local\Temp\ccb1Q8bk.s:4171   .text.touchgfxDisplayDriverTransmitBlock:00000000 $t
C:\Users\zhmis\AppData\Local\Temp\ccb1Q8bk.s:4177   .text.touchgfxDisplayDriverTransmitBlock:00000000 touchgfxDisplayDriverTransmitBlock
C:\Users\zhmis\AppData\Local\Temp\ccb1Q8bk.s:4236   .bss.cambia.0:00000000 $d
C:\Users\zhmis\AppData\Local\Temp\ccb1Q8bk.s:4239   .rodata.init_cmds3:00000000 $d
C:\Users\zhmis\AppData\Local\Temp\ccb1Q8bk.s:4246   .rodata.init_cmds2:00000000 $d
C:\Users\zhmis\AppData\Local\Temp\ccb1Q8bk.s:4253   .rodata.init_cmds1:00000000 $d
C:\Users\zhmis\AppData\Local\Temp\ccb1Q8bk.s:4262   .data.dispBuffer:00000000 $d
C:\Users\zhmis\AppData\Local\Temp\ccb1Q8bk.s:4268   .bss.dispBuffer2:00000000 $d
C:\Users\zhmis\AppData\Local\Temp\ccb1Q8bk.s:4274   .bss.dispBuffer1:00000000 $d
C:\Users\zhmis\AppData\Local\Temp\ccb1Q8bk.s:4284   .bss._ystart:00000000 $d
C:\Users\zhmis\AppData\Local\Temp\ccb1Q8bk.s:4290   .bss._xstart:00000000 $d
C:\Users\zhmis\AppData\Local\Temp\ccb1Q8bk.s:4296   .bss._rowstart:00000000 $d
C:\Users\zhmis\AppData\Local\Temp\ccb1Q8bk.s:4302   .bss._colstart:00000000 $d
C:\Users\zhmis\AppData\Local\Temp\ccb1Q8bk.s:4305   .bss._height:00000000 $d
C:\Users\zhmis\AppData\Local\Temp\ccb1Q8bk.s:4312   .bss._width:00000000 $d
C:\Users\zhmis\AppData\Local\Temp\ccb1Q8bk.s:4318   .data.dispSpiAvailable:00000000 $d

ARM GAS  C:\Users\zhmis\AppData\Local\Temp\ccb1Q8bk.s 			page 110


UNDEFINED SYMBOLS
HAL_GPIO_WritePin
HAL_Delay
HAL_SPI_Transmit
HAL_SPI_Transmit_DMA
hspi1
strlen
HAL_GPIO_ReadPin
