
build/Alarmiks.elf:     file format elf32-littlearm

Sections:
Idx Name          Size      VMA       LMA       File off  Algn
  0 .isr_vector   00000188  08000000  08000000  00001000  2**0
                  CONTENTS, ALLOC, LOAD, READONLY, DATA
  1 .text         00004410  08000190  08000190  00001190  2**4
                  CONTENTS, ALLOC, LOAD, READONLY, CODE
  2 .rodata       00002754  080045a0  080045a0  000055a0  2**2
                  CONTENTS, ALLOC, LOAD, READONLY, DATA
  3 .ARM          00000008  08006cf4  08006cf4  00007cf4  2**2
                  CONTENTS, ALLOC, LOAD, READONLY, DATA
  4 .init_array   00000004  08006cfc  08006cfc  00007cfc  2**2
                  CONTENTS, ALLOC, LOAD, DATA
  5 .fini_array   00000004  08006d00  08006d00  00007d00  2**2
                  CONTENTS, ALLOC, LOAD, DATA
  6 .data         00000084  20000000  08006d04  00008000  2**2
                  CONTENTS, ALLOC, LOAD, DATA
  7 .ccmram       00000000  10000000  10000000  00008084  2**0
                  CONTENTS
  8 .bss          00001360  20000084  20000084  00008084  2**2
                  ALLOC
  9 ._user_heap_stack 00000604  200013e4  200013e4  00008084  2**0
                  ALLOC
 10 .ARM.attributes 00000030  00000000  00000000  00008084  2**0
                  CONTENTS, READONLY
 11 .comment      00000039  00000000  00000000  000080b4  2**0
                  CONTENTS, READONLY
 12 .debug_info   00017fcc  00000000  00000000  000080ed  2**0
                  CONTENTS, READONLY, DEBUGGING, OCTETS
 13 .debug_abbrev 000039f3  00000000  00000000  000200b9  2**0
                  CONTENTS, READONLY, DEBUGGING, OCTETS
 14 .debug_loclists 0000b725  00000000  00000000  00023aac  2**0
                  CONTENTS, READONLY, DEBUGGING, OCTETS
 15 .debug_aranges 000011a8  00000000  00000000  0002f1d8  2**3
                  CONTENTS, READONLY, DEBUGGING, OCTETS
 16 .debug_rnglists 00000d79  00000000  00000000  00030380  2**0
                  CONTENTS, READONLY, DEBUGGING, OCTETS
 17 .debug_line   00013b2e  00000000  00000000  000310f9  2**0
                  CONTENTS, READONLY, DEBUGGING, OCTETS
 18 .debug_str    0000597d  00000000  00000000  00044c27  2**0
                  CONTENTS, READONLY, DEBUGGING, OCTETS
 19 .debug_frame  00002e28  00000000  00000000  0004a5a4  2**2
                  CONTENTS, READONLY, DEBUGGING, OCTETS
 20 .debug_line_str 00000170  00000000  00000000  0004d3cc  2**0
                  CONTENTS, READONLY, DEBUGGING, OCTETS

Disassembly of section .text:

08000190 <memchr>:
 8000190:	f001 01ff 	and.w	r1, r1, #255	@ 0xff
 8000194:	2a10      	cmp	r2, #16
 8000196:	db2b      	blt.n	80001f0 <memchr+0x60>
 8000198:	f010 0f07 	tst.w	r0, #7
 800019c:	d008      	beq.n	80001b0 <memchr+0x20>
 800019e:	f810 3b01 	ldrb.w	r3, [r0], #1
 80001a2:	3a01      	subs	r2, #1
 80001a4:	428b      	cmp	r3, r1
 80001a6:	d02d      	beq.n	8000204 <memchr+0x74>
 80001a8:	f010 0f07 	tst.w	r0, #7
 80001ac:	b342      	cbz	r2, 8000200 <memchr+0x70>
 80001ae:	d1f6      	bne.n	800019e <memchr+0xe>
 80001b0:	b4f0      	push	{r4, r5, r6, r7}
 80001b2:	ea41 2101 	orr.w	r1, r1, r1, lsl #8
 80001b6:	ea41 4101 	orr.w	r1, r1, r1, lsl #16
 80001ba:	f022 0407 	bic.w	r4, r2, #7
 80001be:	f07f 0700 	mvns.w	r7, #0
 80001c2:	2300      	movs	r3, #0
 80001c4:	e8f0 5602 	ldrd	r5, r6, [r0], #8
 80001c8:	3c08      	subs	r4, #8
 80001ca:	ea85 0501 	eor.w	r5, r5, r1
 80001ce:	ea86 0601 	eor.w	r6, r6, r1
 80001d2:	fa85 f547 	uadd8	r5, r5, r7
 80001d6:	faa3 f587 	sel	r5, r3, r7
 80001da:	fa86 f647 	uadd8	r6, r6, r7
 80001de:	faa5 f687 	sel	r6, r5, r7
 80001e2:	b98e      	cbnz	r6, 8000208 <memchr+0x78>
 80001e4:	d1ee      	bne.n	80001c4 <memchr+0x34>
 80001e6:	bcf0      	pop	{r4, r5, r6, r7}
 80001e8:	f001 01ff 	and.w	r1, r1, #255	@ 0xff
 80001ec:	f002 0207 	and.w	r2, r2, #7
 80001f0:	b132      	cbz	r2, 8000200 <memchr+0x70>
 80001f2:	f810 3b01 	ldrb.w	r3, [r0], #1
 80001f6:	3a01      	subs	r2, #1
 80001f8:	ea83 0301 	eor.w	r3, r3, r1
 80001fc:	b113      	cbz	r3, 8000204 <memchr+0x74>
 80001fe:	d1f8      	bne.n	80001f2 <memchr+0x62>
 8000200:	2000      	movs	r0, #0
 8000202:	4770      	bx	lr
 8000204:	3801      	subs	r0, #1
 8000206:	4770      	bx	lr
 8000208:	2d00      	cmp	r5, #0
 800020a:	bf06      	itte	eq
 800020c:	4635      	moveq	r5, r6
 800020e:	3803      	subeq	r0, #3
 8000210:	3807      	subne	r0, #7
 8000212:	f015 0f01 	tst.w	r5, #1
 8000216:	d107      	bne.n	8000228 <memchr+0x98>
 8000218:	3001      	adds	r0, #1
 800021a:	f415 7f80 	tst.w	r5, #256	@ 0x100
 800021e:	bf02      	ittt	eq
 8000220:	3001      	addeq	r0, #1
 8000222:	f415 3fc0 	tsteq.w	r5, #98304	@ 0x18000
 8000226:	3001      	addeq	r0, #1
 8000228:	bcf0      	pop	{r4, r5, r6, r7}
 800022a:	3801      	subs	r0, #1
 800022c:	4770      	bx	lr
 800022e:	bf00      	nop

08000230 <__aeabi_uldivmod>:
 8000230:	b953      	cbnz	r3, 8000248 <__aeabi_uldivmod+0x18>
 8000232:	b94a      	cbnz	r2, 8000248 <__aeabi_uldivmod+0x18>
 8000234:	2900      	cmp	r1, #0
 8000236:	bf08      	it	eq
 8000238:	2800      	cmpeq	r0, #0
 800023a:	bf1c      	itt	ne
 800023c:	f04f 31ff 	movne.w	r1, #4294967295
 8000240:	f04f 30ff 	movne.w	r0, #4294967295
 8000244:	f000 b80c 	b.w	8000260 <__aeabi_idiv0>
 8000248:	f1ad 0c08 	sub.w	ip, sp, #8
 800024c:	e96d ce04 	strd	ip, lr, [sp, #-16]!
 8000250:	f004 f83c 	bl	80042cc <__udivmoddi4>
 8000254:	f8dd e004 	ldr.w	lr, [sp, #4]
 8000258:	e9dd 2302 	ldrd	r2, r3, [sp, #8]
 800025c:	b004      	add	sp, #16
 800025e:	4770      	bx	lr

08000260 <__aeabi_idiv0>:
 8000260:	4770      	bx	lr
 8000262:	bf00      	nop

08000264 <__do_global_dtors_aux>:
 8000264:	b510      	push	{r4, lr}
 8000266:	4c05      	ldr	r4, [pc, #20]	@ (800027c <__do_global_dtors_aux+0x18>)
 8000268:	7823      	ldrb	r3, [r4, #0]
 800026a:	b933      	cbnz	r3, 800027a <__do_global_dtors_aux+0x16>
 800026c:	4b04      	ldr	r3, [pc, #16]	@ (8000280 <__do_global_dtors_aux+0x1c>)
 800026e:	b113      	cbz	r3, 8000276 <__do_global_dtors_aux+0x12>
 8000270:	4804      	ldr	r0, [pc, #16]	@ (8000284 <__do_global_dtors_aux+0x20>)
 8000272:	f3af 8000 	nop.w
 8000276:	2301      	movs	r3, #1
 8000278:	7023      	strb	r3, [r4, #0]
 800027a:	bd10      	pop	{r4, pc}
 800027c:	20000084 	.word	0x20000084
 8000280:	00000000 	.word	0x00000000
 8000284:	08004588 	.word	0x08004588

08000288 <frame_dummy>:
 8000288:	b508      	push	{r3, lr}
 800028a:	4b03      	ldr	r3, [pc, #12]	@ (8000298 <frame_dummy+0x10>)
 800028c:	b11b      	cbz	r3, 8000296 <frame_dummy+0xe>
 800028e:	4903      	ldr	r1, [pc, #12]	@ (800029c <frame_dummy+0x14>)
 8000290:	4803      	ldr	r0, [pc, #12]	@ (80002a0 <frame_dummy+0x18>)
 8000292:	f3af 8000 	nop.w
 8000296:	bd08      	pop	{r3, pc}
 8000298:	00000000 	.word	0x00000000
 800029c:	20000088 	.word	0x20000088
 80002a0:	08004588 	.word	0x08004588

080002a4 <led_init>:
#include "Leds.h"
LEDS hled;
LEDS* alarm_led = &hled;

void led_init(uint16_t timer_frequency,
	uint16_t led_frequency, uint16_t blink_time) {
 80002a4:	b510      	push	{r4, lr}
	alarm_led->led_cur_state = DIM;
 80002a6:	4b0b      	ldr	r3, [pc, #44]	@ (80002d4 <led_init+0x30>)
 80002a8:	f04f 0c00 	mov.w	ip, #0
 80002ac:	681c      	ldr	r4, [r3, #0]
 80002ae:	f884 c000 	strb.w	ip, [r4]
	alarm_led->timer_frequency = timer_frequency;
 80002b2:	681c      	ldr	r4, [r3, #0]
 80002b4:	8060      	strh	r0, [r4, #2]
	alarm_led->led_frequency = led_frequency;
 80002b6:	681b      	ldr	r3, [r3, #0]
 80002b8:	8099      	strh	r1, [r3, #4]
	alarm_led->blink_time = blink_time;
 80002ba:	811a      	strh	r2, [r3, #8]
	alarm_led->is_on = 1;
 80002bc:	2201      	movs	r2, #1
 80002be:	729a      	strb	r2, [r3, #10]
	alarm_led->counter = 0;
 80002c0:	f883 c00b 	strb.w	ip, [r3, #11]
	alarm_led->counter_max = 0;
 80002c4:	f8a3 c00c 	strh.w	ip, [r3, #12]
	HAL_GPIO_WritePin(LED_GPIO_Port, LED_Pin, 1);
 80002c8:	2140      	movs	r1, #64	@ 0x40
 80002ca:	4803      	ldr	r0, [pc, #12]	@ (80002d8 <led_init+0x34>)
 80002cc:	f001 fe49 	bl	8001f62 <HAL_GPIO_WritePin>
}
 80002d0:	bd10      	pop	{r4, pc}
 80002d2:	bf00      	nop
 80002d4:	20000000 	.word	0x20000000
 80002d8:	40020000 	.word	0x40020000

080002dc <leds_calculation>:

void leds_calculation() {
 80002dc:	b508      	push	{r3, lr}
	
	if (alarm_led->led_cur_state == BLINKING){
 80002de:	4b21      	ldr	r3, [pc, #132]	@ (8000364 <leds_calculation+0x88>)
 80002e0:	681b      	ldr	r3, [r3, #0]
 80002e2:	781a      	ldrb	r2, [r3, #0]
 80002e4:	2a01      	cmp	r2, #1
 80002e6:	d137      	bne.n	8000358 <leds_calculation+0x7c>
		alarm_led->counter++;
 80002e8:	7ad9      	ldrb	r1, [r3, #11]
 80002ea:	3101      	adds	r1, #1
 80002ec:	b2c9      	uxtb	r1, r1
 80002ee:	72d9      	strb	r1, [r3, #11]
		alarm_led->counter_max++;
 80002f0:	899a      	ldrh	r2, [r3, #12]
 80002f2:	3201      	adds	r2, #1
 80002f4:	b292      	uxth	r2, r2
 80002f6:	819a      	strh	r2, [r3, #12]

		alarm_led->trigger_time = alarm_led->timer_frequency / (alarm_led->led_frequency * 2);
 80002f8:	f8b3 c002 	ldrh.w	ip, [r3, #2]
 80002fc:	8898      	ldrh	r0, [r3, #4]
 80002fe:	0040      	lsls	r0, r0, #1
 8000300:	fb9c f0f0 	sdiv	r0, ip, r0
 8000304:	80d8      	strh	r0, [r3, #6]

		if (alarm_led->counter_max >= (alarm_led->blink_time * alarm_led->timer_frequency)) {
 8000306:	f8b3 e008 	ldrh.w	lr, [r3, #8]
 800030a:	fb0e fc0c 	mul.w	ip, lr, ip
 800030e:	4562      	cmp	r2, ip
 8000310:	da17      	bge.n	8000342 <leds_calculation+0x66>
			HAL_GPIO_WritePin(LED_GPIO_Port, LED_Pin, 1);
			alarm_led->counter_max = 0;
			alarm_led->led_cur_state = DIM;
		}
		else if (alarm_led->counter <= alarm_led->trigger_time) {
 8000312:	4288      	cmp	r0, r1
 8000314:	d325      	bcc.n	8000362 <leds_calculation+0x86>
			HAL_GPIO_WritePin(LED_GPIO_Port, LED_Pin, !alarm_led->is_on);
 8000316:	7a9a      	ldrb	r2, [r3, #10]
 8000318:	fab2 f282 	clz	r2, r2
 800031c:	0952      	lsrs	r2, r2, #5
 800031e:	2140      	movs	r1, #64	@ 0x40
 8000320:	4811      	ldr	r0, [pc, #68]	@ (8000368 <leds_calculation+0x8c>)
 8000322:	f001 fe1e 	bl	8001f62 <HAL_GPIO_WritePin>
			if(alarm_led->counter == alarm_led->trigger_time) {
 8000326:	4b0f      	ldr	r3, [pc, #60]	@ (8000364 <leds_calculation+0x88>)
 8000328:	681b      	ldr	r3, [r3, #0]
 800032a:	7ad9      	ldrb	r1, [r3, #11]
 800032c:	88da      	ldrh	r2, [r3, #6]
 800032e:	4291      	cmp	r1, r2
 8000330:	d117      	bne.n	8000362 <leds_calculation+0x86>
				alarm_led->is_on = !alarm_led->is_on;
 8000332:	7a9a      	ldrb	r2, [r3, #10]
 8000334:	fab2 f282 	clz	r2, r2
 8000338:	0952      	lsrs	r2, r2, #5
 800033a:	729a      	strb	r2, [r3, #10]
				alarm_led->counter = 0;
 800033c:	2200      	movs	r2, #0
 800033e:	72da      	strb	r2, [r3, #11]
 8000340:	e00f      	b.n	8000362 <leds_calculation+0x86>
			HAL_GPIO_WritePin(LED_GPIO_Port, LED_Pin, 1);
 8000342:	2201      	movs	r2, #1
 8000344:	2140      	movs	r1, #64	@ 0x40
 8000346:	4808      	ldr	r0, [pc, #32]	@ (8000368 <leds_calculation+0x8c>)
 8000348:	f001 fe0b 	bl	8001f62 <HAL_GPIO_WritePin>
			alarm_led->counter_max = 0;
 800034c:	4b05      	ldr	r3, [pc, #20]	@ (8000364 <leds_calculation+0x88>)
 800034e:	681b      	ldr	r3, [r3, #0]
 8000350:	2200      	movs	r2, #0
 8000352:	819a      	strh	r2, [r3, #12]
			alarm_led->led_cur_state = DIM;
 8000354:	701a      	strb	r2, [r3, #0]
 8000356:	e004      	b.n	8000362 <leds_calculation+0x86>
			}
		}
	} else{
		HAL_GPIO_WritePin(LED_GPIO_Port, LED_Pin, 1);
 8000358:	2201      	movs	r2, #1
 800035a:	2140      	movs	r1, #64	@ 0x40
 800035c:	4802      	ldr	r0, [pc, #8]	@ (8000368 <leds_calculation+0x8c>)
 800035e:	f001 fe00 	bl	8001f62 <HAL_GPIO_WritePin>
	}
}
 8000362:	bd08      	pop	{r3, pc}
 8000364:	20000000 	.word	0x20000000
 8000368:	40020000 	.word	0x40020000

0800036c <leds_blink_start>:

void leds_blink_start(){
	alarm_led->counter_max = 0;
 800036c:	4b04      	ldr	r3, [pc, #16]	@ (8000380 <leds_blink_start+0x14>)
 800036e:	681b      	ldr	r3, [r3, #0]
 8000370:	2200      	movs	r2, #0
 8000372:	819a      	strh	r2, [r3, #12]
	alarm_led->counter = 0;
 8000374:	72da      	strb	r2, [r3, #11]
	alarm_led->is_on = 1;
 8000376:	2201      	movs	r2, #1
 8000378:	729a      	strb	r2, [r3, #10]
	alarm_led->led_cur_state = BLINKING;
 800037a:	701a      	strb	r2, [r3, #0]
}
 800037c:	4770      	bx	lr
 800037e:	bf00      	nop
 8000380:	20000000 	.word	0x20000000

08000384 <leds_blink_stop>:

void leds_blink_stop(){
	alarm_led->counter_max = 0;
 8000384:	4b03      	ldr	r3, [pc, #12]	@ (8000394 <leds_blink_stop+0x10>)
 8000386:	681b      	ldr	r3, [r3, #0]
 8000388:	2200      	movs	r2, #0
 800038a:	819a      	strh	r2, [r3, #12]
	alarm_led->counter = 0;
 800038c:	72da      	strb	r2, [r3, #11]
	alarm_led->is_on = 0;
 800038e:	729a      	strb	r2, [r3, #10]
	alarm_led->led_cur_state = DIM;
 8000390:	701a      	strb	r2, [r3, #0]
 8000392:	4770      	bx	lr
 8000394:	20000000 	.word	0x20000000

08000398 <alrm_SetTime>:
RTC_DateTypeDef sDate;
RTC_AlarmTypeDef sAlarm;

uint16_t alarm_A_flag;

HAL_StatusTypeDef alrm_SetTime(uint8_t hours, uint8_t minutes, uint8_t seconds){
 8000398:	b508      	push	{r3, lr}
	HAL_StatusTypeDef status_code;
	sTime.Hours = hours;
 800039a:	4b06      	ldr	r3, [pc, #24]	@ (80003b4 <alrm_SetTime+0x1c>)
 800039c:	7018      	strb	r0, [r3, #0]
  sTime.Minutes = minutes;
 800039e:	7059      	strb	r1, [r3, #1]
  sTime.Seconds = seconds;
 80003a0:	709a      	strb	r2, [r3, #2]
  sTime.DayLightSaving = RTC_DAYLIGHTSAVING_NONE;
 80003a2:	2200      	movs	r2, #0
 80003a4:	60da      	str	r2, [r3, #12]
  sTime.StoreOperation = RTC_STOREOPERATION_RESET;
 80003a6:	611a      	str	r2, [r3, #16]
  status_code = HAL_RTC_SetTime(&hrtc, &sTime, RTC_FORMAT_BCD);
 80003a8:	2201      	movs	r2, #1
 80003aa:	4619      	mov	r1, r3
 80003ac:	4802      	ldr	r0, [pc, #8]	@ (80003b8 <alrm_SetTime+0x20>)
 80003ae:	f002 fa63 	bl	8002878 <HAL_RTC_SetTime>
	
	return status_code;
}
 80003b2:	bd08      	pop	{r3, pc}
 80003b4:	200000dc 	.word	0x200000dc
 80003b8:	20000120 	.word	0x20000120

080003bc <alrm_SetAlarm>:


HAL_StatusTypeDef alrm_SetAlarm(uint8_t hours, uint8_t minutes, uint8_t seconds){
 80003bc:	b508      	push	{r3, lr}
	HAL_StatusTypeDef status_code;
	
	sAlarm.AlarmTime.Hours = hours;
 80003be:	4b0c      	ldr	r3, [pc, #48]	@ (80003f0 <alrm_SetAlarm+0x34>)
 80003c0:	7018      	strb	r0, [r3, #0]
  sAlarm.AlarmTime.Minutes = minutes;
 80003c2:	7059      	strb	r1, [r3, #1]
  sAlarm.AlarmTime.Seconds = seconds;
 80003c4:	709a      	strb	r2, [r3, #2]
  sAlarm.AlarmTime.SubSeconds = 0x0;
 80003c6:	2200      	movs	r2, #0
 80003c8:	605a      	str	r2, [r3, #4]
  sAlarm.AlarmTime.DayLightSaving = RTC_DAYLIGHTSAVING_NONE;
 80003ca:	60da      	str	r2, [r3, #12]
  sAlarm.AlarmTime.StoreOperation = RTC_STOREOPERATION_RESET;
 80003cc:	611a      	str	r2, [r3, #16]
  sAlarm.AlarmMask = RTC_ALARMMASK_DATEWEEKDAY;
 80003ce:	f04f 4100 	mov.w	r1, #2147483648	@ 0x80000000
 80003d2:	6159      	str	r1, [r3, #20]
  sAlarm.AlarmSubSecondMask = RTC_ALARMSUBSECONDMASK_ALL;
 80003d4:	619a      	str	r2, [r3, #24]
  sAlarm.AlarmDateWeekDaySel = RTC_ALARMDATEWEEKDAYSEL_DATE;
 80003d6:	61da      	str	r2, [r3, #28]
  sAlarm.AlarmDateWeekDay = 0x1;
 80003d8:	2201      	movs	r2, #1
 80003da:	f883 2020 	strb.w	r2, [r3, #32]
  sAlarm.Alarm = RTC_ALARM_A;
 80003de:	f44f 7180 	mov.w	r1, #256	@ 0x100
 80003e2:	6259      	str	r1, [r3, #36]	@ 0x24
  status_code = HAL_RTC_SetAlarm_IT(&hrtc, &sAlarm, RTC_FORMAT_BCD);
 80003e4:	4619      	mov	r1, r3
 80003e6:	4803      	ldr	r0, [pc, #12]	@ (80003f4 <alrm_SetAlarm+0x38>)
 80003e8:	f002 faa6 	bl	8002938 <HAL_RTC_SetAlarm_IT>
	
	return status_code;
};
 80003ec:	bd08      	pop	{r3, pc}
 80003ee:	bf00      	nop
 80003f0:	200000b0 	.word	0x200000b0
 80003f4:	20000120 	.word	0x20000120

080003f8 <HAL_RTC_AlarmAEventCallback>:


void HAL_RTC_AlarmAEventCallback(RTC_HandleTypeDef *hrtc)
{
	alarm_A_flag = 1;
 80003f8:	4b01      	ldr	r3, [pc, #4]	@ (8000400 <HAL_RTC_AlarmAEventCallback+0x8>)
 80003fa:	2201      	movs	r2, #1
 80003fc:	801a      	strh	r2, [r3, #0]
}
 80003fe:	4770      	bx	lr
 8000400:	200000ae 	.word	0x200000ae

08000404 <increment_bcd>:


// Special increment func for BCD format
uint8_t increment_bcd(uint8_t bcd_val, uint8_t max_val) {
 8000404:	4603      	mov	r3, r0
    // Increment the BCD value
    bcd_val++;
 8000406:	1c42      	adds	r2, r0, #1
 8000408:	b2d0      	uxtb	r0, r2
    
    // If ones place is greater than 9, convert to BCD tens place
    if ((bcd_val & 0x0F) > 0x09) {
 800040a:	f002 020f 	and.w	r2, r2, #15
 800040e:	2a09      	cmp	r2, #9
 8000410:	d901      	bls.n	8000416 <increment_bcd+0x12>
        bcd_val += 0x06; // This skips invalid BCD values
 8000412:	3307      	adds	r3, #7
 8000414:	b2d8      	uxtb	r0, r3
    }
    
    // Handle overflow
    if (bcd_val > max_val) {
 8000416:	4288      	cmp	r0, r1
 8000418:	d900      	bls.n	800041c <increment_bcd+0x18>
        bcd_val = 0x00; // Reset to 0 if the max BCD value is exceeded
 800041a:	2000      	movs	r0, #0
    }

    return bcd_val;
}
 800041c:	4770      	bx	lr
	...

08000420 <create_time_string>:
alarm_t* alarm_p = &halarm; // Pointer to alarm data structure
// uint8_t div10hz;

char time_str[6];

void create_time_string(uint8_t hours_bcd, uint8_t minutes_bcd, char *time_str) {
 8000420:	b500      	push	{lr}
 8000422:	b083      	sub	sp, #12
 8000424:	4603      	mov	r3, r0
 8000426:	4610      	mov	r0, r2
  // Convert BCD to decimal
  uint8_t hours = ((hours_bcd >> 4) * 10) + (hours_bcd & 0x0F);
 8000428:	091a      	lsrs	r2, r3, #4
 800042a:	eb02 0282 	add.w	r2, r2, r2, lsl #2
 800042e:	f003 030f 	and.w	r3, r3, #15
 8000432:	eb03 0342 	add.w	r3, r3, r2, lsl #1
  uint8_t minutes = ((minutes_bcd >> 4) * 10) + (minutes_bcd & 0x0F);
 8000436:	090a      	lsrs	r2, r1, #4
 8000438:	eb02 0282 	add.w	r2, r2, r2, lsl #2
 800043c:	f001 010f 	and.w	r1, r1, #15
 8000440:	eb01 0142 	add.w	r1, r1, r2, lsl #1
 8000444:	b2c9      	uxtb	r1, r1

  // Format the string
  snprintf(time_str, 6, "%02d:%02d", hours, minutes);
 8000446:	9100      	str	r1, [sp, #0]
 8000448:	b2db      	uxtb	r3, r3
 800044a:	4a03      	ldr	r2, [pc, #12]	@ (8000458 <create_time_string+0x38>)
 800044c:	2106      	movs	r1, #6
 800044e:	f003 fb37 	bl	8003ac0 <sniprintf>
}
 8000452:	b003      	add	sp, #12
 8000454:	f85d fb04 	ldr.w	pc, [sp], #4
 8000458:	080045a0 	.word	0x080045a0

0800045c <alarm_init_components>:

void alarm_init_components(){
 800045c:	b508      	push	{r3, lr}
 800045e:	ed2d 8b02 	vpush	{d8}
	hbut0 = buttonInit(DEBOUNCE_TIME, HANDLE_FREQ);
 8000462:	eddf 8a0e 	vldr	s17, [pc, #56]	@ 800049c <alarm_init_components+0x40>
 8000466:	ed9f 8a0e 	vldr	s16, [pc, #56]	@ 80004a0 <alarm_init_components+0x44>
 800046a:	eef0 0a68 	vmov.f32	s1, s17
 800046e:	eeb0 0a48 	vmov.f32	s0, s16
 8000472:	f000 fb2f 	bl	8000ad4 <buttonInit>
 8000476:	4b0b      	ldr	r3, [pc, #44]	@ (80004a4 <alarm_init_components+0x48>)
 8000478:	6018      	str	r0, [r3, #0]
	hbut1 = buttonInit(DEBOUNCE_TIME, HANDLE_FREQ);
 800047a:	eef0 0a68 	vmov.f32	s1, s17
 800047e:	eeb0 0a48 	vmov.f32	s0, s16
 8000482:	f000 fb27 	bl	8000ad4 <buttonInit>
 8000486:	4b08      	ldr	r3, [pc, #32]	@ (80004a8 <alarm_init_components+0x4c>)
 8000488:	6018      	str	r0, [r3, #0]
	led_init(HANDLE_FREQ, LED_BLINK_FREQ, LED_BLINK_TIME);
 800048a:	220a      	movs	r2, #10
 800048c:	2105      	movs	r1, #5
 800048e:	2064      	movs	r0, #100	@ 0x64
 8000490:	f7ff ff08 	bl	80002a4 <led_init>
}
 8000494:	ecbd 8b02 	vpop	{d8}
 8000498:	bd08      	pop	{r3, pc}
 800049a:	bf00      	nop
 800049c:	42c80000 	.word	0x42c80000
 80004a0:	3c23d70a 	.word	0x3c23d70a
 80004a4:	20000114 	.word	0x20000114
 80004a8:	20000118 	.word	0x20000118

080004ac <alarm_periph_handler>:

void alarm_periph_handler(){
 80004ac:	b538      	push	{r3, r4, r5, lr}
		// Polling and debouncing of buttons (integrator + trigger)
		But0_State = getDebouncedButton(hbut0, !HAL_GPIO_ReadPin(BUT0_GPIO_Port, BUT0_Pin));
 80004ae:	4b1d      	ldr	r3, [pc, #116]	@ (8000524 <alarm_periph_handler+0x78>)
 80004b0:	681d      	ldr	r5, [r3, #0]
 80004b2:	4c1d      	ldr	r4, [pc, #116]	@ (8000528 <alarm_periph_handler+0x7c>)
 80004b4:	2110      	movs	r1, #16
 80004b6:	4620      	mov	r0, r4
 80004b8:	f001 fd4c 	bl	8001f54 <HAL_GPIO_ReadPin>
 80004bc:	fab0 f180 	clz	r1, r0
 80004c0:	0949      	lsrs	r1, r1, #5
 80004c2:	4628      	mov	r0, r5
 80004c4:	f000 fb19 	bl	8000afa <getDebouncedButton>
 80004c8:	4b18      	ldr	r3, [pc, #96]	@ (800052c <alarm_periph_handler+0x80>)
 80004ca:	7018      	strb	r0, [r3, #0]
		But1_State = getDebouncedButton(hbut1, !HAL_GPIO_ReadPin(BUT1_GPIO_Port, BUT1_Pin));
 80004cc:	4b18      	ldr	r3, [pc, #96]	@ (8000530 <alarm_periph_handler+0x84>)
 80004ce:	681d      	ldr	r5, [r3, #0]
 80004d0:	2108      	movs	r1, #8
 80004d2:	4620      	mov	r0, r4
 80004d4:	f001 fd3e 	bl	8001f54 <HAL_GPIO_ReadPin>
 80004d8:	fab0 f180 	clz	r1, r0
 80004dc:	0949      	lsrs	r1, r1, #5
 80004de:	4628      	mov	r0, r5
 80004e0:	f000 fb0b 	bl	8000afa <getDebouncedButton>
 80004e4:	4b13      	ldr	r3, [pc, #76]	@ (8000534 <alarm_periph_handler+0x88>)
 80004e6:	7018      	strb	r0, [r3, #0]
		
		// Process keystrokes (long/short)
		PressDetection_Update();
 80004e8:	f000 fc34 	bl	8000d54 <PressDetection_Update>
	
		But0_prev_press_state = But0_press_state;
 80004ec:	4d12      	ldr	r5, [pc, #72]	@ (8000538 <alarm_periph_handler+0x8c>)
 80004ee:	782a      	ldrb	r2, [r5, #0]
 80004f0:	4b12      	ldr	r3, [pc, #72]	@ (800053c <alarm_periph_handler+0x90>)
 80004f2:	701a      	strb	r2, [r3, #0]
		But1_prev_press_state = But1_press_state;
 80004f4:	4c12      	ldr	r4, [pc, #72]	@ (8000540 <alarm_periph_handler+0x94>)
 80004f6:	7822      	ldrb	r2, [r4, #0]
 80004f8:	4b12      	ldr	r3, [pc, #72]	@ (8000544 <alarm_periph_handler+0x98>)
 80004fa:	701a      	strb	r2, [r3, #0]
		But0_press_state = Get_Button0_PressState();
 80004fc:	f000 fc6e 	bl	8000ddc <Get_Button0_PressState>
 8000500:	7028      	strb	r0, [r5, #0]
		But1_press_state = Get_Button1_PressState();
 8000502:	f000 fc73 	bl	8000dec <Get_Button1_PressState>
 8000506:	7020      	strb	r0, [r4, #0]
		
		// Update time from HW RTC
		HAL_RTC_GetTime(&hrtc, &sTime, RTC_FORMAT_BCD);
 8000508:	4c0f      	ldr	r4, [pc, #60]	@ (8000548 <alarm_periph_handler+0x9c>)
 800050a:	2201      	movs	r2, #1
 800050c:	490f      	ldr	r1, [pc, #60]	@ (800054c <alarm_periph_handler+0xa0>)
 800050e:	4620      	mov	r0, r4
 8000510:	f002 faf7 	bl	8002b02 <HAL_RTC_GetTime>
		HAL_RTC_GetDate(&hrtc, &sDate, RTC_FORMAT_BCD); // Necessary for proper time update
 8000514:	2201      	movs	r2, #1
 8000516:	490e      	ldr	r1, [pc, #56]	@ (8000550 <alarm_periph_handler+0xa4>)
 8000518:	4620      	mov	r0, r4
 800051a:	f002 fb18 	bl	8002b4e <HAL_RTC_GetDate>
	
		leds_calculation();
 800051e:	f7ff fedd 	bl	80002dc <leds_calculation>
}
 8000522:	bd38      	pop	{r3, r4, r5, pc}
 8000524:	20000114 	.word	0x20000114
 8000528:	40021000 	.word	0x40021000
 800052c:	2000011d 	.word	0x2000011d
 8000530:	20000118 	.word	0x20000118
 8000534:	2000011c 	.word	0x2000011c
 8000538:	20000111 	.word	0x20000111
 800053c:	2000010f 	.word	0x2000010f
 8000540:	20000110 	.word	0x20000110
 8000544:	2000010e 	.word	0x2000010e
 8000548:	20000120 	.word	0x20000120
 800054c:	200000dc 	.word	0x200000dc
 8000550:	200000d8 	.word	0x200000d8

08000554 <alarm_state_machine>:

void alarm_state_machine(){
 8000554:	e92d 41f0 	stmdb	sp!, {r4, r5, r6, r7, r8, lr}
 8000558:	b086      	sub	sp, #24
	switch (alarm_p->alarm_state){
 800055a:	4ba0      	ldr	r3, [pc, #640]	@ (80007dc <alarm_state_machine+0x288>)
 800055c:	681a      	ldr	r2, [r3, #0]
 800055e:	7813      	ldrb	r3, [r2, #0]
 8000560:	2b03      	cmp	r3, #3
 8000562:	f200 80bb 	bhi.w	80006dc <alarm_state_machine+0x188>
 8000566:	e8df f013 	tbh	[pc, r3, lsl #1]
 800056a:	0004      	.short	0x0004
 800056c:	00c10051 	.word	0x00c10051
 8000570:	01b8      	.short	0x01b8
		case IDLE:{
			create_time_string(sTime.Hours, sTime.Minutes, time_str);
 8000572:	4c9b      	ldr	r4, [pc, #620]	@ (80007e0 <alarm_state_machine+0x28c>)
 8000574:	4b9b      	ldr	r3, [pc, #620]	@ (80007e4 <alarm_state_machine+0x290>)
 8000576:	4622      	mov	r2, r4
 8000578:	7859      	ldrb	r1, [r3, #1]
 800057a:	7818      	ldrb	r0, [r3, #0]
 800057c:	f7ff ff50 	bl	8000420 <create_time_string>
			Displ_WString(20, 52, time_str, Font24, 1, GREEN, BLACK);
 8000580:	4b99      	ldr	r3, [pc, #612]	@ (80007e8 <alarm_state_machine+0x294>)
 8000582:	2200      	movs	r2, #0
 8000584:	9204      	str	r2, [sp, #16]
 8000586:	f44f 62fc 	mov.w	r2, #2016	@ 0x7e0
 800058a:	9203      	str	r2, [sp, #12]
 800058c:	2201      	movs	r2, #1
 800058e:	9202      	str	r2, [sp, #8]
 8000590:	1d1a      	adds	r2, r3, #4
 8000592:	e892 0003 	ldmia.w	r2, {r0, r1}
 8000596:	e88d 0003 	stmia.w	sp, {r0, r1}
 800059a:	681b      	ldr	r3, [r3, #0]
 800059c:	4622      	mov	r2, r4
 800059e:	2134      	movs	r1, #52	@ 0x34
 80005a0:	2014      	movs	r0, #20
 80005a2:	f001 f8b3 	bl	800170c <Displ_WString>
			if (alarm_A_flag){
 80005a6:	4b91      	ldr	r3, [pc, #580]	@ (80007ec <alarm_state_machine+0x298>)
 80005a8:	881b      	ldrh	r3, [r3, #0]
 80005aa:	b9ab      	cbnz	r3, 80005d8 <alarm_state_machine+0x84>
				alarm_A_flag = 0;
				alarm_p->alarm_state = RING;
				Displ_CLS(BLACK);
			} else {
					if(But0_press_state == BUTTON_LONG_PRESS && But0_prev_press_state != BUTTON_LONG_PRESS 
 80005ac:	4b90      	ldr	r3, [pc, #576]	@ (80007f0 <alarm_state_machine+0x29c>)
 80005ae:	781b      	ldrb	r3, [r3, #0]
 80005b0:	2b02      	cmp	r3, #2
 80005b2:	d01b      	beq.n	80005ec <alarm_state_machine+0x98>
					&& But1_press_state != BUTTON_LONG_PRESS){
					alarm_p->alarm_state = SET_TIME;
					Displ_CLS(BLACK);
					} else if (But1_press_state == BUTTON_LONG_PRESS && But1_prev_press_state != BUTTON_LONG_PRESS){
 80005b4:	4b8f      	ldr	r3, [pc, #572]	@ (80007f4 <alarm_state_machine+0x2a0>)
 80005b6:	781b      	ldrb	r3, [r3, #0]
 80005b8:	2b02      	cmp	r3, #2
 80005ba:	f040 808f 	bne.w	80006dc <alarm_state_machine+0x188>
 80005be:	4b8e      	ldr	r3, [pc, #568]	@ (80007f8 <alarm_state_machine+0x2a4>)
 80005c0:	781b      	ldrb	r3, [r3, #0]
 80005c2:	2b02      	cmp	r3, #2
 80005c4:	f000 808a 	beq.w	80006dc <alarm_state_machine+0x188>
						alarm_p->alarm_state = SET_ALARM;
 80005c8:	4b84      	ldr	r3, [pc, #528]	@ (80007dc <alarm_state_machine+0x288>)
 80005ca:	681b      	ldr	r3, [r3, #0]
 80005cc:	2203      	movs	r2, #3
 80005ce:	701a      	strb	r2, [r3, #0]
						Displ_CLS(BLACK);
 80005d0:	2000      	movs	r0, #0
 80005d2:	f001 f8d1 	bl	8001778 <Displ_CLS>
 80005d6:	e081      	b.n	80006dc <alarm_state_machine+0x188>
				alarm_A_flag = 0;
 80005d8:	2000      	movs	r0, #0
 80005da:	4b84      	ldr	r3, [pc, #528]	@ (80007ec <alarm_state_machine+0x298>)
 80005dc:	8018      	strh	r0, [r3, #0]
				alarm_p->alarm_state = RING;
 80005de:	4b7f      	ldr	r3, [pc, #508]	@ (80007dc <alarm_state_machine+0x288>)
 80005e0:	681b      	ldr	r3, [r3, #0]
 80005e2:	2201      	movs	r2, #1
 80005e4:	701a      	strb	r2, [r3, #0]
				Displ_CLS(BLACK);
 80005e6:	f001 f8c7 	bl	8001778 <Displ_CLS>
 80005ea:	e077      	b.n	80006dc <alarm_state_machine+0x188>
					if(But0_press_state == BUTTON_LONG_PRESS && But0_prev_press_state != BUTTON_LONG_PRESS 
 80005ec:	4b83      	ldr	r3, [pc, #524]	@ (80007fc <alarm_state_machine+0x2a8>)
 80005ee:	781b      	ldrb	r3, [r3, #0]
 80005f0:	2b02      	cmp	r3, #2
 80005f2:	d0df      	beq.n	80005b4 <alarm_state_machine+0x60>
					&& But1_press_state != BUTTON_LONG_PRESS){
 80005f4:	4b7f      	ldr	r3, [pc, #508]	@ (80007f4 <alarm_state_machine+0x2a0>)
 80005f6:	781b      	ldrb	r3, [r3, #0]
 80005f8:	2b02      	cmp	r3, #2
 80005fa:	d0db      	beq.n	80005b4 <alarm_state_machine+0x60>
					alarm_p->alarm_state = SET_TIME;
 80005fc:	4b77      	ldr	r3, [pc, #476]	@ (80007dc <alarm_state_machine+0x288>)
 80005fe:	681b      	ldr	r3, [r3, #0]
 8000600:	2202      	movs	r2, #2
 8000602:	701a      	strb	r2, [r3, #0]
					Displ_CLS(BLACK);
 8000604:	2000      	movs	r0, #0
 8000606:	f001 f8b7 	bl	8001778 <Displ_CLS>
 800060a:	e067      	b.n	80006dc <alarm_state_machine+0x188>
			}
			break;
		}
		
		case RING:{
			Displ_WString(15, 30, "ALARM!", Font24, 1, RED, BLACK);
 800060c:	4d76      	ldr	r5, [pc, #472]	@ (80007e8 <alarm_state_machine+0x294>)
 800060e:	f04f 0800 	mov.w	r8, #0
 8000612:	f8cd 8010 	str.w	r8, [sp, #16]
 8000616:	231f      	movs	r3, #31
 8000618:	9303      	str	r3, [sp, #12]
 800061a:	2701      	movs	r7, #1
 800061c:	9702      	str	r7, [sp, #8]
 800061e:	1d2c      	adds	r4, r5, #4
 8000620:	e894 0003 	ldmia.w	r4, {r0, r1}
 8000624:	e88d 0003 	stmia.w	sp, {r0, r1}
 8000628:	682b      	ldr	r3, [r5, #0]
 800062a:	4a75      	ldr	r2, [pc, #468]	@ (8000800 <alarm_state_machine+0x2ac>)
 800062c:	211e      	movs	r1, #30
 800062e:	200f      	movs	r0, #15
 8000630:	f001 f86c 	bl	800170c <Displ_WString>
			create_time_string(sTime.Hours, sTime.Minutes, time_str);
 8000634:	4e6a      	ldr	r6, [pc, #424]	@ (80007e0 <alarm_state_machine+0x28c>)
 8000636:	4b6b      	ldr	r3, [pc, #428]	@ (80007e4 <alarm_state_machine+0x290>)
 8000638:	4632      	mov	r2, r6
 800063a:	7859      	ldrb	r1, [r3, #1]
 800063c:	7818      	ldrb	r0, [r3, #0]
 800063e:	f7ff feef 	bl	8000420 <create_time_string>
			Displ_WString(20, 52, time_str, Font24, 1, GREEN, BLACK);
 8000642:	f8cd 8010 	str.w	r8, [sp, #16]
 8000646:	f44f 63fc 	mov.w	r3, #2016	@ 0x7e0
 800064a:	9303      	str	r3, [sp, #12]
 800064c:	9702      	str	r7, [sp, #8]
 800064e:	e894 0003 	ldmia.w	r4, {r0, r1}
 8000652:	e88d 0003 	stmia.w	sp, {r0, r1}
 8000656:	682b      	ldr	r3, [r5, #0]
 8000658:	4632      	mov	r2, r6
 800065a:	2134      	movs	r1, #52	@ 0x34
 800065c:	2014      	movs	r0, #20
 800065e:	f001 f855 	bl	800170c <Displ_WString>

			if(!alarm_p->ring_flag){
 8000662:	4b5e      	ldr	r3, [pc, #376]	@ (80007dc <alarm_state_machine+0x288>)
 8000664:	681b      	ldr	r3, [r3, #0]
 8000666:	785a      	ldrb	r2, [r3, #1]
 8000668:	b1ea      	cbz	r2, 80006a6 <alarm_state_machine+0x152>
				alarm_p->ring_flag = 1;
				leds_blink_start();
				HAL_TIM_PWM_Start(&htim3, TIM_CHANNEL_4);                                
			} else{}

			if(But0_press_state == BUTTON_SHORT_PRESS || But1_press_state == BUTTON_SHORT_PRESS || 
 800066a:	4b61      	ldr	r3, [pc, #388]	@ (80007f0 <alarm_state_machine+0x29c>)
 800066c:	781b      	ldrb	r3, [r3, #0]
 800066e:	2b01      	cmp	r3, #1
 8000670:	d025      	beq.n	80006be <alarm_state_machine+0x16a>
 8000672:	4a60      	ldr	r2, [pc, #384]	@ (80007f4 <alarm_state_machine+0x2a0>)
 8000674:	7812      	ldrb	r2, [r2, #0]
 8000676:	2a01      	cmp	r2, #1
 8000678:	d021      	beq.n	80006be <alarm_state_machine+0x16a>
 800067a:	2b02      	cmp	r3, #2
 800067c:	d01b      	beq.n	80006b6 <alarm_state_machine+0x162>
					(But0_press_state == BUTTON_LONG_PRESS && But0_prev_press_state != BUTTON_LONG_PRESS) || 
 800067e:	2a02      	cmp	r2, #2
 8000680:	d02f      	beq.n	80006e2 <alarm_state_machine+0x18e>
				alarm_p->alarm_state = IDLE;
				HAL_TIM_PWM_Stop(&htim3, TIM_CHANNEL_4);
				Displ_CLS(BLACK);
				alarm_p->ring_flag = 0;
				leds_blink_stop();
			} else if (alarm_led->led_cur_state == DIM){
 8000682:	4b60      	ldr	r3, [pc, #384]	@ (8000804 <alarm_state_machine+0x2b0>)
 8000684:	681b      	ldr	r3, [r3, #0]
 8000686:	781b      	ldrb	r3, [r3, #0]
 8000688:	bb43      	cbnz	r3, 80006dc <alarm_state_machine+0x188>
				alarm_p->ring_flag = 0;
 800068a:	4b54      	ldr	r3, [pc, #336]	@ (80007dc <alarm_state_machine+0x288>)
 800068c:	681a      	ldr	r2, [r3, #0]
 800068e:	2400      	movs	r4, #0
 8000690:	7054      	strb	r4, [r2, #1]
				alarm_p->alarm_state = IDLE;
 8000692:	681b      	ldr	r3, [r3, #0]
 8000694:	701c      	strb	r4, [r3, #0]
				HAL_TIM_PWM_Stop(&htim3, TIM_CHANNEL_4);
 8000696:	210c      	movs	r1, #12
 8000698:	485b      	ldr	r0, [pc, #364]	@ (8000808 <alarm_state_machine+0x2b4>)
 800069a:	f003 f8a3 	bl	80037e4 <HAL_TIM_PWM_Stop>
				Displ_CLS(BLACK);
 800069e:	4620      	mov	r0, r4
 80006a0:	f001 f86a 	bl	8001778 <Displ_CLS>
 80006a4:	e01a      	b.n	80006dc <alarm_state_machine+0x188>
				alarm_p->ring_flag = 1;
 80006a6:	705f      	strb	r7, [r3, #1]
				leds_blink_start();
 80006a8:	f7ff fe60 	bl	800036c <leds_blink_start>
				HAL_TIM_PWM_Start(&htim3, TIM_CHANNEL_4);                                
 80006ac:	210c      	movs	r1, #12
 80006ae:	4856      	ldr	r0, [pc, #344]	@ (8000808 <alarm_state_machine+0x2b4>)
 80006b0:	f003 f816 	bl	80036e0 <HAL_TIM_PWM_Start>
 80006b4:	e7d9      	b.n	800066a <alarm_state_machine+0x116>
					(But0_press_state == BUTTON_LONG_PRESS && But0_prev_press_state != BUTTON_LONG_PRESS) || 
 80006b6:	4b51      	ldr	r3, [pc, #324]	@ (80007fc <alarm_state_machine+0x2a8>)
 80006b8:	781b      	ldrb	r3, [r3, #0]
 80006ba:	2b02      	cmp	r3, #2
 80006bc:	d0df      	beq.n	800067e <alarm_state_machine+0x12a>
				alarm_p->alarm_state = IDLE;
 80006be:	4d47      	ldr	r5, [pc, #284]	@ (80007dc <alarm_state_machine+0x288>)
 80006c0:	682b      	ldr	r3, [r5, #0]
 80006c2:	2400      	movs	r4, #0
 80006c4:	701c      	strb	r4, [r3, #0]
				HAL_TIM_PWM_Stop(&htim3, TIM_CHANNEL_4);
 80006c6:	210c      	movs	r1, #12
 80006c8:	484f      	ldr	r0, [pc, #316]	@ (8000808 <alarm_state_machine+0x2b4>)
 80006ca:	f003 f88b 	bl	80037e4 <HAL_TIM_PWM_Stop>
				Displ_CLS(BLACK);
 80006ce:	4620      	mov	r0, r4
 80006d0:	f001 f852 	bl	8001778 <Displ_CLS>
				alarm_p->ring_flag = 0;
 80006d4:	682b      	ldr	r3, [r5, #0]
 80006d6:	705c      	strb	r4, [r3, #1]
				leds_blink_stop();
 80006d8:	f7ff fe54 	bl	8000384 <leds_blink_stop>
			break;
		}
			
	}

 80006dc:	b006      	add	sp, #24
 80006de:	e8bd 81f0 	ldmia.w	sp!, {r4, r5, r6, r7, r8, pc}
					(But1_press_state == BUTTON_LONG_PRESS && But1_prev_press_state != BUTTON_LONG_PRESS)){
 80006e2:	4b45      	ldr	r3, [pc, #276]	@ (80007f8 <alarm_state_machine+0x2a4>)
 80006e4:	781b      	ldrb	r3, [r3, #0]
 80006e6:	2b02      	cmp	r3, #2
 80006e8:	d1e9      	bne.n	80006be <alarm_state_machine+0x16a>
 80006ea:	e7ca      	b.n	8000682 <alarm_state_machine+0x12e>
			if(!alarm_p->time_set_flag){
 80006ec:	7893      	ldrb	r3, [r2, #2]
 80006ee:	b933      	cbnz	r3, 80006fe <alarm_state_machine+0x1aa>
				alarm_p->time_set_hours = sTime.Hours;
 80006f0:	4b3c      	ldr	r3, [pc, #240]	@ (80007e4 <alarm_state_machine+0x290>)
 80006f2:	7819      	ldrb	r1, [r3, #0]
 80006f4:	7111      	strb	r1, [r2, #4]
				alarm_p->time_set_minutes = sTime.Minutes;
 80006f6:	785b      	ldrb	r3, [r3, #1]
 80006f8:	7153      	strb	r3, [r2, #5]
				alarm_p->time_set_flag = 1;
 80006fa:	2301      	movs	r3, #1
 80006fc:	7093      	strb	r3, [r2, #2]
			if (But0_press_state == BUTTON_LONG_PRESS && But1_press_state == BUTTON_LONG_PRESS){
 80006fe:	4b3c      	ldr	r3, [pc, #240]	@ (80007f0 <alarm_state_machine+0x29c>)
 8000700:	781b      	ldrb	r3, [r3, #0]
 8000702:	2b02      	cmp	r3, #2
 8000704:	d103      	bne.n	800070e <alarm_state_machine+0x1ba>
 8000706:	4b3b      	ldr	r3, [pc, #236]	@ (80007f4 <alarm_state_machine+0x2a0>)
 8000708:	781b      	ldrb	r3, [r3, #0]
 800070a:	2b02      	cmp	r3, #2
 800070c:	d04f      	beq.n	80007ae <alarm_state_machine+0x25a>
			Displ_WString(10, 10, "Set time:", Font16, 1, YELLOW, BLACK);
 800070e:	4b3f      	ldr	r3, [pc, #252]	@ (800080c <alarm_state_machine+0x2b8>)
 8000710:	2600      	movs	r6, #0
 8000712:	9604      	str	r6, [sp, #16]
 8000714:	f240 72ff 	movw	r2, #2047	@ 0x7ff
 8000718:	9203      	str	r2, [sp, #12]
 800071a:	2501      	movs	r5, #1
 800071c:	9502      	str	r5, [sp, #8]
 800071e:	1d1a      	adds	r2, r3, #4
 8000720:	e892 0003 	ldmia.w	r2, {r0, r1}
 8000724:	e88d 0003 	stmia.w	sp, {r0, r1}
 8000728:	681b      	ldr	r3, [r3, #0]
 800072a:	4a39      	ldr	r2, [pc, #228]	@ (8000810 <alarm_state_machine+0x2bc>)
 800072c:	210a      	movs	r1, #10
 800072e:	4608      	mov	r0, r1
 8000730:	f000 ffec 	bl	800170c <Displ_WString>
			create_time_string(alarm_p->time_set_hours, alarm_p->time_set_minutes, time_str);
 8000734:	4b29      	ldr	r3, [pc, #164]	@ (80007dc <alarm_state_machine+0x288>)
 8000736:	681b      	ldr	r3, [r3, #0]
 8000738:	4c29      	ldr	r4, [pc, #164]	@ (80007e0 <alarm_state_machine+0x28c>)
 800073a:	4622      	mov	r2, r4
 800073c:	7959      	ldrb	r1, [r3, #5]
 800073e:	7918      	ldrb	r0, [r3, #4]
 8000740:	f7ff fe6e 	bl	8000420 <create_time_string>
			Displ_WString(20, 52, time_str, Font24, 1, GREEN, BLACK);
 8000744:	4b28      	ldr	r3, [pc, #160]	@ (80007e8 <alarm_state_machine+0x294>)
 8000746:	9604      	str	r6, [sp, #16]
 8000748:	f44f 62fc 	mov.w	r2, #2016	@ 0x7e0
 800074c:	9203      	str	r2, [sp, #12]
 800074e:	9502      	str	r5, [sp, #8]
 8000750:	1d1a      	adds	r2, r3, #4
 8000752:	e892 0003 	ldmia.w	r2, {r0, r1}
 8000756:	e88d 0003 	stmia.w	sp, {r0, r1}
 800075a:	681b      	ldr	r3, [r3, #0]
 800075c:	4622      	mov	r2, r4
 800075e:	2134      	movs	r1, #52	@ 0x34
 8000760:	2014      	movs	r0, #20
 8000762:	f000 ffd3 	bl	800170c <Displ_WString>
			if (But0_press_state == BUTTON_SHORT_PRESS){
 8000766:	4b22      	ldr	r3, [pc, #136]	@ (80007f0 <alarm_state_machine+0x29c>)
 8000768:	781b      	ldrb	r3, [r3, #0]
 800076a:	42ab      	cmp	r3, r5
 800076c:	d052      	beq.n	8000814 <alarm_state_machine+0x2c0>
			if (But1_press_state == BUTTON_SHORT_PRESS){
 800076e:	4b21      	ldr	r3, [pc, #132]	@ (80007f4 <alarm_state_machine+0x2a0>)
 8000770:	781b      	ldrb	r3, [r3, #0]
 8000772:	2b01      	cmp	r3, #1
 8000774:	d056      	beq.n	8000824 <alarm_state_machine+0x2d0>
			if(But0_press_state == BUTTON_LONG_PRESS && But0_prev_press_state != BUTTON_LONG_PRESS){
 8000776:	4b1e      	ldr	r3, [pc, #120]	@ (80007f0 <alarm_state_machine+0x29c>)
 8000778:	781b      	ldrb	r3, [r3, #0]
 800077a:	2b02      	cmp	r3, #2
 800077c:	d05a      	beq.n	8000834 <alarm_state_machine+0x2e0>
			} else if (But0_press_state == BUTTON_LONG_PRESS && But0_prev_press_state == BUTTON_LONG_PRESS && 
 800077e:	2b02      	cmp	r3, #2
 8000780:	d061      	beq.n	8000846 <alarm_state_machine+0x2f2>
			} else if (But0_press_state == BUTTON_IDLE){
 8000782:	b92b      	cbnz	r3, 8000790 <alarm_state_machine+0x23c>
				alarm_p->hours_scroll_flag = 0;
 8000784:	4b15      	ldr	r3, [pc, #84]	@ (80007dc <alarm_state_machine+0x288>)
 8000786:	681b      	ldr	r3, [r3, #0]
 8000788:	2200      	movs	r2, #0
 800078a:	721a      	strb	r2, [r3, #8]
				alarm_p->hours_scroll_timeout_cnt = 0;
 800078c:	815a      	strh	r2, [r3, #10]
				alarm_p->hours_scroll_divider_cnt = 0;
 800078e:	739a      	strb	r2, [r3, #14]
			if(But1_press_state == BUTTON_LONG_PRESS && But1_prev_press_state != BUTTON_LONG_PRESS){
 8000790:	4b18      	ldr	r3, [pc, #96]	@ (80007f4 <alarm_state_machine+0x2a0>)
 8000792:	781b      	ldrb	r3, [r3, #0]
 8000794:	2b02      	cmp	r3, #2
 8000796:	d075      	beq.n	8000884 <alarm_state_machine+0x330>
			} else if (But1_press_state == BUTTON_LONG_PRESS && But1_prev_press_state == BUTTON_LONG_PRESS && 
 8000798:	2b02      	cmp	r3, #2
 800079a:	d07c      	beq.n	8000896 <alarm_state_machine+0x342>
			} else if (But1_press_state == BUTTON_IDLE){
 800079c:	2b00      	cmp	r3, #0
 800079e:	d19d      	bne.n	80006dc <alarm_state_machine+0x188>
				alarm_p->minutes_scroll_flag = 0;
 80007a0:	4b0e      	ldr	r3, [pc, #56]	@ (80007dc <alarm_state_machine+0x288>)
 80007a2:	681b      	ldr	r3, [r3, #0]
 80007a4:	2200      	movs	r2, #0
 80007a6:	725a      	strb	r2, [r3, #9]
				alarm_p->minutes_scroll_timeout_cnt = 0;
 80007a8:	819a      	strh	r2, [r3, #12]
				alarm_p->minutes_scroll_divider_cnt = 0;
 80007aa:	73da      	strb	r2, [r3, #15]
 80007ac:	e796      	b.n	80006dc <alarm_state_machine+0x188>
				alarm_p->alarm_state = IDLE;
 80007ae:	4d0b      	ldr	r5, [pc, #44]	@ (80007dc <alarm_state_machine+0x288>)
 80007b0:	682b      	ldr	r3, [r5, #0]
 80007b2:	2400      	movs	r4, #0
 80007b4:	701c      	strb	r4, [r3, #0]
				Displ_CLS(BLACK);
 80007b6:	4620      	mov	r0, r4
 80007b8:	f000 ffde 	bl	8001778 <Displ_CLS>
				alrm_SetTime(alarm_p->time_set_hours, alarm_p->time_set_minutes, 0); // Set time to rtc
 80007bc:	682b      	ldr	r3, [r5, #0]
 80007be:	4622      	mov	r2, r4
 80007c0:	7959      	ldrb	r1, [r3, #5]
 80007c2:	7918      	ldrb	r0, [r3, #4]
 80007c4:	f7ff fde8 	bl	8000398 <alrm_SetTime>
				alarm_p->time_set_flag = 0;
 80007c8:	682b      	ldr	r3, [r5, #0]
 80007ca:	709c      	strb	r4, [r3, #2]
				alarm_p->hours_scroll_flag = 0;
 80007cc:	682b      	ldr	r3, [r5, #0]
 80007ce:	721c      	strb	r4, [r3, #8]
				alarm_p->minutes_scroll_flag = 0;
 80007d0:	725c      	strb	r4, [r3, #9]
				alarm_p->hours_scroll_timeout_cnt = 0;
 80007d2:	815c      	strh	r4, [r3, #10]
				alarm_p->minutes_scroll_timeout_cnt = 0;
 80007d4:	819c      	strh	r4, [r3, #12]
				alarm_p->hours_scroll_divider_cnt = 0;
 80007d6:	739c      	strb	r4, [r3, #14]
				alarm_p->minutes_scroll_divider_cnt = 0;
 80007d8:	73dc      	strb	r4, [r3, #15]
				return; // Skip the rest
 80007da:	e77f      	b.n	80006dc <alarm_state_machine+0x188>
 80007dc:	20000004 	.word	0x20000004
 80007e0:	200000f0 	.word	0x200000f0
 80007e4:	200000dc 	.word	0x200000dc
 80007e8:	20000014 	.word	0x20000014
 80007ec:	200000ae 	.word	0x200000ae
 80007f0:	20000111 	.word	0x20000111
 80007f4:	20000110 	.word	0x20000110
 80007f8:	2000010e 	.word	0x2000010e
 80007fc:	2000010f 	.word	0x2000010f
 8000800:	080045ac 	.word	0x080045ac
 8000804:	20000000 	.word	0x20000000
 8000808:	20000248 	.word	0x20000248
 800080c:	20000008 	.word	0x20000008
 8000810:	080045b4 	.word	0x080045b4
				alarm_p->time_set_hours = increment_bcd(alarm_p->time_set_hours, 0x23);
 8000814:	4b9a      	ldr	r3, [pc, #616]	@ (8000a80 <alarm_state_machine+0x52c>)
 8000816:	681c      	ldr	r4, [r3, #0]
 8000818:	2123      	movs	r1, #35	@ 0x23
 800081a:	7920      	ldrb	r0, [r4, #4]
 800081c:	f7ff fdf2 	bl	8000404 <increment_bcd>
 8000820:	7120      	strb	r0, [r4, #4]
 8000822:	e7a4      	b.n	800076e <alarm_state_machine+0x21a>
				alarm_p->time_set_minutes = increment_bcd(alarm_p->time_set_minutes, 0x59);
 8000824:	4b96      	ldr	r3, [pc, #600]	@ (8000a80 <alarm_state_machine+0x52c>)
 8000826:	681c      	ldr	r4, [r3, #0]
 8000828:	2159      	movs	r1, #89	@ 0x59
 800082a:	7960      	ldrb	r0, [r4, #5]
 800082c:	f7ff fdea 	bl	8000404 <increment_bcd>
 8000830:	7160      	strb	r0, [r4, #5]
 8000832:	e7a0      	b.n	8000776 <alarm_state_machine+0x222>
			if(But0_press_state == BUTTON_LONG_PRESS && But0_prev_press_state != BUTTON_LONG_PRESS){
 8000834:	4a93      	ldr	r2, [pc, #588]	@ (8000a84 <alarm_state_machine+0x530>)
 8000836:	7812      	ldrb	r2, [r2, #0]
 8000838:	2a02      	cmp	r2, #2
 800083a:	d0a0      	beq.n	800077e <alarm_state_machine+0x22a>
				alarm_p->hours_scroll_flag = 1;
 800083c:	4b90      	ldr	r3, [pc, #576]	@ (8000a80 <alarm_state_machine+0x52c>)
 800083e:	681b      	ldr	r3, [r3, #0]
 8000840:	2201      	movs	r2, #1
 8000842:	721a      	strb	r2, [r3, #8]
 8000844:	e7a4      	b.n	8000790 <alarm_state_machine+0x23c>
			} else if (But0_press_state == BUTTON_LONG_PRESS && But0_prev_press_state == BUTTON_LONG_PRESS && 
 8000846:	4a8f      	ldr	r2, [pc, #572]	@ (8000a84 <alarm_state_machine+0x530>)
 8000848:	7812      	ldrb	r2, [r2, #0]
 800084a:	2a02      	cmp	r2, #2
 800084c:	d199      	bne.n	8000782 <alarm_state_machine+0x22e>
									alarm_p->hours_scroll_flag){
 800084e:	4a8c      	ldr	r2, [pc, #560]	@ (8000a80 <alarm_state_machine+0x52c>)
 8000850:	6814      	ldr	r4, [r2, #0]
 8000852:	7a22      	ldrb	r2, [r4, #8]
			} else if (But0_press_state == BUTTON_LONG_PRESS && But0_prev_press_state == BUTTON_LONG_PRESS && 
 8000854:	2a00      	cmp	r2, #0
 8000856:	d094      	beq.n	8000782 <alarm_state_machine+0x22e>
				if (alarm_p->hours_scroll_timeout_cnt < BUTTON_SCROLL_TIMEOUT){
 8000858:	8963      	ldrh	r3, [r4, #10]
 800085a:	2b09      	cmp	r3, #9
 800085c:	d802      	bhi.n	8000864 <alarm_state_machine+0x310>
					alarm_p->hours_scroll_timeout_cnt++;
 800085e:	3301      	adds	r3, #1
 8000860:	8163      	strh	r3, [r4, #10]
 8000862:	e795      	b.n	8000790 <alarm_state_machine+0x23c>
					alarm_p->hours_scroll_divider_cnt++;
 8000864:	7ba3      	ldrb	r3, [r4, #14]
 8000866:	3301      	adds	r3, #1
 8000868:	b2db      	uxtb	r3, r3
 800086a:	73a3      	strb	r3, [r4, #14]
					if (alarm_p->hours_scroll_divider_cnt >= BUTTON_SCROLL_FREQ_DIV){
 800086c:	2b09      	cmp	r3, #9
 800086e:	d98f      	bls.n	8000790 <alarm_state_machine+0x23c>
						alarm_p->time_set_hours = increment_bcd(alarm_p->time_set_hours, 0x23);
 8000870:	2123      	movs	r1, #35	@ 0x23
 8000872:	7920      	ldrb	r0, [r4, #4]
 8000874:	f7ff fdc6 	bl	8000404 <increment_bcd>
 8000878:	7120      	strb	r0, [r4, #4]
						alarm_p->hours_scroll_divider_cnt = 0;
 800087a:	4b81      	ldr	r3, [pc, #516]	@ (8000a80 <alarm_state_machine+0x52c>)
 800087c:	681b      	ldr	r3, [r3, #0]
 800087e:	2200      	movs	r2, #0
 8000880:	739a      	strb	r2, [r3, #14]
 8000882:	e785      	b.n	8000790 <alarm_state_machine+0x23c>
			if(But1_press_state == BUTTON_LONG_PRESS && But1_prev_press_state != BUTTON_LONG_PRESS){
 8000884:	4a80      	ldr	r2, [pc, #512]	@ (8000a88 <alarm_state_machine+0x534>)
 8000886:	7812      	ldrb	r2, [r2, #0]
 8000888:	2a02      	cmp	r2, #2
 800088a:	d085      	beq.n	8000798 <alarm_state_machine+0x244>
				alarm_p->minutes_scroll_flag = 1;
 800088c:	4b7c      	ldr	r3, [pc, #496]	@ (8000a80 <alarm_state_machine+0x52c>)
 800088e:	681b      	ldr	r3, [r3, #0]
 8000890:	2201      	movs	r2, #1
 8000892:	725a      	strb	r2, [r3, #9]
 8000894:	e722      	b.n	80006dc <alarm_state_machine+0x188>
			} else if (But1_press_state == BUTTON_LONG_PRESS && But1_prev_press_state == BUTTON_LONG_PRESS && 
 8000896:	4a7c      	ldr	r2, [pc, #496]	@ (8000a88 <alarm_state_machine+0x534>)
 8000898:	7812      	ldrb	r2, [r2, #0]
 800089a:	2a02      	cmp	r2, #2
 800089c:	f47f af7e 	bne.w	800079c <alarm_state_machine+0x248>
									alarm_p->minutes_scroll_flag){
 80008a0:	4a77      	ldr	r2, [pc, #476]	@ (8000a80 <alarm_state_machine+0x52c>)
 80008a2:	6814      	ldr	r4, [r2, #0]
 80008a4:	7a62      	ldrb	r2, [r4, #9]
			} else if (But1_press_state == BUTTON_LONG_PRESS && But1_prev_press_state == BUTTON_LONG_PRESS && 
 80008a6:	2a00      	cmp	r2, #0
 80008a8:	f43f af78 	beq.w	800079c <alarm_state_machine+0x248>
				if (alarm_p->minutes_scroll_timeout_cnt < BUTTON_SCROLL_TIMEOUT){
 80008ac:	89a3      	ldrh	r3, [r4, #12]
 80008ae:	2b09      	cmp	r3, #9
 80008b0:	d802      	bhi.n	80008b8 <alarm_state_machine+0x364>
					alarm_p->minutes_scroll_timeout_cnt++;
 80008b2:	3301      	adds	r3, #1
 80008b4:	81a3      	strh	r3, [r4, #12]
 80008b6:	e711      	b.n	80006dc <alarm_state_machine+0x188>
					alarm_p->minutes_scroll_divider_cnt++;
 80008b8:	7be3      	ldrb	r3, [r4, #15]
 80008ba:	3301      	adds	r3, #1
 80008bc:	b2db      	uxtb	r3, r3
 80008be:	73e3      	strb	r3, [r4, #15]
					if (alarm_p->minutes_scroll_divider_cnt >= BUTTON_SCROLL_FREQ_DIV){
 80008c0:	2b09      	cmp	r3, #9
 80008c2:	f67f af0b 	bls.w	80006dc <alarm_state_machine+0x188>
						alarm_p->time_set_minutes = increment_bcd(alarm_p->time_set_minutes, 0x59);
 80008c6:	2159      	movs	r1, #89	@ 0x59
 80008c8:	7960      	ldrb	r0, [r4, #5]
 80008ca:	f7ff fd9b 	bl	8000404 <increment_bcd>
 80008ce:	7160      	strb	r0, [r4, #5]
						alarm_p->minutes_scroll_divider_cnt = 0;
 80008d0:	4b6b      	ldr	r3, [pc, #428]	@ (8000a80 <alarm_state_machine+0x52c>)
 80008d2:	681b      	ldr	r3, [r3, #0]
 80008d4:	2200      	movs	r2, #0
 80008d6:	73da      	strb	r2, [r3, #15]
 80008d8:	e700      	b.n	80006dc <alarm_state_machine+0x188>
				if(!alarm_p->alarm_set_flag){
 80008da:	78d3      	ldrb	r3, [r2, #3]
 80008dc:	2b00      	cmp	r3, #0
 80008de:	d058      	beq.n	8000992 <alarm_state_machine+0x43e>
			if (But0_press_state == BUTTON_LONG_PRESS && But1_press_state == BUTTON_LONG_PRESS){
 80008e0:	4b6a      	ldr	r3, [pc, #424]	@ (8000a8c <alarm_state_machine+0x538>)
 80008e2:	781b      	ldrb	r3, [r3, #0]
 80008e4:	2b02      	cmp	r3, #2
 80008e6:	d103      	bne.n	80008f0 <alarm_state_machine+0x39c>
 80008e8:	4b69      	ldr	r3, [pc, #420]	@ (8000a90 <alarm_state_machine+0x53c>)
 80008ea:	781b      	ldrb	r3, [r3, #0]
 80008ec:	2b02      	cmp	r3, #2
 80008ee:	d061      	beq.n	80009b4 <alarm_state_machine+0x460>
			Displ_WString(10, 10, "Set alarm:", Font16, 1, YELLOW, BLACK);
 80008f0:	4b68      	ldr	r3, [pc, #416]	@ (8000a94 <alarm_state_machine+0x540>)
 80008f2:	2600      	movs	r6, #0
 80008f4:	9604      	str	r6, [sp, #16]
 80008f6:	f240 72ff 	movw	r2, #2047	@ 0x7ff
 80008fa:	9203      	str	r2, [sp, #12]
 80008fc:	2501      	movs	r5, #1
 80008fe:	9502      	str	r5, [sp, #8]
 8000900:	1d1a      	adds	r2, r3, #4
 8000902:	e892 0003 	ldmia.w	r2, {r0, r1}
 8000906:	e88d 0003 	stmia.w	sp, {r0, r1}
 800090a:	681b      	ldr	r3, [r3, #0]
 800090c:	4a62      	ldr	r2, [pc, #392]	@ (8000a98 <alarm_state_machine+0x544>)
 800090e:	210a      	movs	r1, #10
 8000910:	4608      	mov	r0, r1
 8000912:	f000 fefb 	bl	800170c <Displ_WString>
			create_time_string(alarm_p->alarm_set_hours, alarm_p->alarm_set_minutes, time_str);
 8000916:	4b5a      	ldr	r3, [pc, #360]	@ (8000a80 <alarm_state_machine+0x52c>)
 8000918:	681b      	ldr	r3, [r3, #0]
 800091a:	4c60      	ldr	r4, [pc, #384]	@ (8000a9c <alarm_state_machine+0x548>)
 800091c:	4622      	mov	r2, r4
 800091e:	79d9      	ldrb	r1, [r3, #7]
 8000920:	7998      	ldrb	r0, [r3, #6]
 8000922:	f7ff fd7d 	bl	8000420 <create_time_string>
			Displ_WString(20, 52, time_str, Font24, 1, GREEN, BLACK);
 8000926:	4b5e      	ldr	r3, [pc, #376]	@ (8000aa0 <alarm_state_machine+0x54c>)
 8000928:	9604      	str	r6, [sp, #16]
 800092a:	f44f 62fc 	mov.w	r2, #2016	@ 0x7e0
 800092e:	9203      	str	r2, [sp, #12]
 8000930:	9502      	str	r5, [sp, #8]
 8000932:	1d1a      	adds	r2, r3, #4
 8000934:	e892 0003 	ldmia.w	r2, {r0, r1}
 8000938:	e88d 0003 	stmia.w	sp, {r0, r1}
 800093c:	681b      	ldr	r3, [r3, #0]
 800093e:	4622      	mov	r2, r4
 8000940:	2134      	movs	r1, #52	@ 0x34
 8000942:	2014      	movs	r0, #20
 8000944:	f000 fee2 	bl	800170c <Displ_WString>
			if (But0_press_state == BUTTON_SHORT_PRESS){
 8000948:	4b50      	ldr	r3, [pc, #320]	@ (8000a8c <alarm_state_machine+0x538>)
 800094a:	781b      	ldrb	r3, [r3, #0]
 800094c:	42ab      	cmp	r3, r5
 800094e:	d046      	beq.n	80009de <alarm_state_machine+0x48a>
			if (But1_press_state == BUTTON_SHORT_PRESS){
 8000950:	4b4f      	ldr	r3, [pc, #316]	@ (8000a90 <alarm_state_machine+0x53c>)
 8000952:	781b      	ldrb	r3, [r3, #0]
 8000954:	2b01      	cmp	r3, #1
 8000956:	d04a      	beq.n	80009ee <alarm_state_machine+0x49a>
			if(But0_press_state == BUTTON_LONG_PRESS && But0_prev_press_state != BUTTON_LONG_PRESS){
 8000958:	4b4c      	ldr	r3, [pc, #304]	@ (8000a8c <alarm_state_machine+0x538>)
 800095a:	781b      	ldrb	r3, [r3, #0]
 800095c:	2b02      	cmp	r3, #2
 800095e:	d04e      	beq.n	80009fe <alarm_state_machine+0x4aa>
			} else if (But0_press_state == BUTTON_LONG_PRESS && But0_prev_press_state == BUTTON_LONG_PRESS && 
 8000960:	2b02      	cmp	r3, #2
 8000962:	d055      	beq.n	8000a10 <alarm_state_machine+0x4bc>
			} else if (But0_press_state == BUTTON_IDLE){
 8000964:	b92b      	cbnz	r3, 8000972 <alarm_state_machine+0x41e>
				alarm_p->hours_scroll_flag = 0;
 8000966:	4b46      	ldr	r3, [pc, #280]	@ (8000a80 <alarm_state_machine+0x52c>)
 8000968:	681b      	ldr	r3, [r3, #0]
 800096a:	2200      	movs	r2, #0
 800096c:	721a      	strb	r2, [r3, #8]
				alarm_p->hours_scroll_timeout_cnt = 0;
 800096e:	815a      	strh	r2, [r3, #10]
				alarm_p->hours_scroll_divider_cnt = 0;
 8000970:	739a      	strb	r2, [r3, #14]
			if(But1_press_state == BUTTON_LONG_PRESS && But1_prev_press_state != BUTTON_LONG_PRESS){
 8000972:	4b47      	ldr	r3, [pc, #284]	@ (8000a90 <alarm_state_machine+0x53c>)
 8000974:	781b      	ldrb	r3, [r3, #0]
 8000976:	2b02      	cmp	r3, #2
 8000978:	d069      	beq.n	8000a4e <alarm_state_machine+0x4fa>
			} else if (But1_press_state == BUTTON_LONG_PRESS && But1_prev_press_state == BUTTON_LONG_PRESS && 
 800097a:	2b02      	cmp	r3, #2
 800097c:	d070      	beq.n	8000a60 <alarm_state_machine+0x50c>
			} else if (But1_press_state == BUTTON_IDLE){
 800097e:	2b00      	cmp	r3, #0
 8000980:	f47f aeac 	bne.w	80006dc <alarm_state_machine+0x188>
				alarm_p->minutes_scroll_flag = 0;
 8000984:	4b3e      	ldr	r3, [pc, #248]	@ (8000a80 <alarm_state_machine+0x52c>)
 8000986:	681b      	ldr	r3, [r3, #0]
 8000988:	2200      	movs	r2, #0
 800098a:	725a      	strb	r2, [r3, #9]
				alarm_p->minutes_scroll_timeout_cnt = 0;
 800098c:	819a      	strh	r2, [r3, #12]
				alarm_p->minutes_scroll_divider_cnt = 0;
 800098e:	73da      	strb	r2, [r3, #15]
 8000990:	e6a4      	b.n	80006dc <alarm_state_machine+0x188>
				HAL_RTC_GetAlarm(&hrtc, &sAlarm, RTC_ALARM_A, RTC_FORMAT_BCD);
 8000992:	4c44      	ldr	r4, [pc, #272]	@ (8000aa4 <alarm_state_machine+0x550>)
 8000994:	2301      	movs	r3, #1
 8000996:	f44f 7280 	mov.w	r2, #256	@ 0x100
 800099a:	4621      	mov	r1, r4
 800099c:	4842      	ldr	r0, [pc, #264]	@ (8000aa8 <alarm_state_machine+0x554>)
 800099e:	f002 f8f4 	bl	8002b8a <HAL_RTC_GetAlarm>
				alarm_p->alarm_set_hours = sAlarm.AlarmTime.Hours;
 80009a2:	4b37      	ldr	r3, [pc, #220]	@ (8000a80 <alarm_state_machine+0x52c>)
 80009a4:	681b      	ldr	r3, [r3, #0]
 80009a6:	7822      	ldrb	r2, [r4, #0]
 80009a8:	719a      	strb	r2, [r3, #6]
				alarm_p->alarm_set_minutes = sAlarm.AlarmTime.Minutes;
 80009aa:	7862      	ldrb	r2, [r4, #1]
 80009ac:	71da      	strb	r2, [r3, #7]
				alarm_p->alarm_set_flag = 1;
 80009ae:	2201      	movs	r2, #1
 80009b0:	70da      	strb	r2, [r3, #3]
 80009b2:	e795      	b.n	80008e0 <alarm_state_machine+0x38c>
				alarm_p->alarm_state = IDLE;
 80009b4:	4d32      	ldr	r5, [pc, #200]	@ (8000a80 <alarm_state_machine+0x52c>)
 80009b6:	682b      	ldr	r3, [r5, #0]
 80009b8:	2400      	movs	r4, #0
 80009ba:	701c      	strb	r4, [r3, #0]
				Displ_CLS(BLACK);
 80009bc:	4620      	mov	r0, r4
 80009be:	f000 fedb 	bl	8001778 <Displ_CLS>
				alrm_SetAlarm(alarm_p->alarm_set_hours, alarm_p->alarm_set_minutes, 0); // Set time to rtc
 80009c2:	682b      	ldr	r3, [r5, #0]
 80009c4:	4622      	mov	r2, r4
 80009c6:	79d9      	ldrb	r1, [r3, #7]
 80009c8:	7998      	ldrb	r0, [r3, #6]
 80009ca:	f7ff fcf7 	bl	80003bc <alrm_SetAlarm>
				alarm_p->hours_scroll_flag = 0;
 80009ce:	682b      	ldr	r3, [r5, #0]
 80009d0:	721c      	strb	r4, [r3, #8]
				alarm_p->minutes_scroll_flag = 0;
 80009d2:	725c      	strb	r4, [r3, #9]
				alarm_p->hours_scroll_timeout_cnt = 0;
 80009d4:	815c      	strh	r4, [r3, #10]
				alarm_p->minutes_scroll_timeout_cnt = 0;
 80009d6:	819c      	strh	r4, [r3, #12]
				alarm_p->hours_scroll_divider_cnt = 0;
 80009d8:	739c      	strb	r4, [r3, #14]
				alarm_p->minutes_scroll_divider_cnt = 0;
 80009da:	73dc      	strb	r4, [r3, #15]
				return; // Skip the rest
 80009dc:	e67e      	b.n	80006dc <alarm_state_machine+0x188>
				alarm_p->alarm_set_hours = increment_bcd(alarm_p->alarm_set_hours, 0x23);
 80009de:	4b28      	ldr	r3, [pc, #160]	@ (8000a80 <alarm_state_machine+0x52c>)
 80009e0:	681c      	ldr	r4, [r3, #0]
 80009e2:	2123      	movs	r1, #35	@ 0x23
 80009e4:	79a0      	ldrb	r0, [r4, #6]
 80009e6:	f7ff fd0d 	bl	8000404 <increment_bcd>
 80009ea:	71a0      	strb	r0, [r4, #6]
 80009ec:	e7b0      	b.n	8000950 <alarm_state_machine+0x3fc>
				alarm_p->alarm_set_minutes = increment_bcd(alarm_p->alarm_set_minutes, 0x59);
 80009ee:	4b24      	ldr	r3, [pc, #144]	@ (8000a80 <alarm_state_machine+0x52c>)
 80009f0:	681c      	ldr	r4, [r3, #0]
 80009f2:	2159      	movs	r1, #89	@ 0x59
 80009f4:	79e0      	ldrb	r0, [r4, #7]
 80009f6:	f7ff fd05 	bl	8000404 <increment_bcd>
 80009fa:	71e0      	strb	r0, [r4, #7]
 80009fc:	e7ac      	b.n	8000958 <alarm_state_machine+0x404>
			if(But0_press_state == BUTTON_LONG_PRESS && But0_prev_press_state != BUTTON_LONG_PRESS){
 80009fe:	4a21      	ldr	r2, [pc, #132]	@ (8000a84 <alarm_state_machine+0x530>)
 8000a00:	7812      	ldrb	r2, [r2, #0]
 8000a02:	2a02      	cmp	r2, #2
 8000a04:	d0ac      	beq.n	8000960 <alarm_state_machine+0x40c>
				alarm_p->hours_scroll_flag = 1;
 8000a06:	4b1e      	ldr	r3, [pc, #120]	@ (8000a80 <alarm_state_machine+0x52c>)
 8000a08:	681b      	ldr	r3, [r3, #0]
 8000a0a:	2201      	movs	r2, #1
 8000a0c:	721a      	strb	r2, [r3, #8]
 8000a0e:	e7b0      	b.n	8000972 <alarm_state_machine+0x41e>
			} else if (But0_press_state == BUTTON_LONG_PRESS && But0_prev_press_state == BUTTON_LONG_PRESS && 
 8000a10:	4a1c      	ldr	r2, [pc, #112]	@ (8000a84 <alarm_state_machine+0x530>)
 8000a12:	7812      	ldrb	r2, [r2, #0]
 8000a14:	2a02      	cmp	r2, #2
 8000a16:	d1a5      	bne.n	8000964 <alarm_state_machine+0x410>
									alarm_p->hours_scroll_flag){
 8000a18:	4a19      	ldr	r2, [pc, #100]	@ (8000a80 <alarm_state_machine+0x52c>)
 8000a1a:	6814      	ldr	r4, [r2, #0]
 8000a1c:	7a22      	ldrb	r2, [r4, #8]
			} else if (But0_press_state == BUTTON_LONG_PRESS && But0_prev_press_state == BUTTON_LONG_PRESS && 
 8000a1e:	2a00      	cmp	r2, #0
 8000a20:	d0a0      	beq.n	8000964 <alarm_state_machine+0x410>
				if (alarm_p->hours_scroll_timeout_cnt < BUTTON_SCROLL_TIMEOUT){
 8000a22:	8963      	ldrh	r3, [r4, #10]
 8000a24:	2b09      	cmp	r3, #9
 8000a26:	d802      	bhi.n	8000a2e <alarm_state_machine+0x4da>
					alarm_p->hours_scroll_timeout_cnt++;
 8000a28:	3301      	adds	r3, #1
 8000a2a:	8163      	strh	r3, [r4, #10]
 8000a2c:	e7a1      	b.n	8000972 <alarm_state_machine+0x41e>
					alarm_p->hours_scroll_divider_cnt++;
 8000a2e:	7ba3      	ldrb	r3, [r4, #14]
 8000a30:	3301      	adds	r3, #1
 8000a32:	b2db      	uxtb	r3, r3
 8000a34:	73a3      	strb	r3, [r4, #14]
					if (alarm_p->hours_scroll_divider_cnt >= BUTTON_SCROLL_FREQ_DIV){
 8000a36:	2b09      	cmp	r3, #9
 8000a38:	d99b      	bls.n	8000972 <alarm_state_machine+0x41e>
						alarm_p->alarm_set_hours = increment_bcd(alarm_p->alarm_set_hours, 0x23);
 8000a3a:	2123      	movs	r1, #35	@ 0x23
 8000a3c:	79a0      	ldrb	r0, [r4, #6]
 8000a3e:	f7ff fce1 	bl	8000404 <increment_bcd>
 8000a42:	71a0      	strb	r0, [r4, #6]
						alarm_p->hours_scroll_divider_cnt = 0;
 8000a44:	4b0e      	ldr	r3, [pc, #56]	@ (8000a80 <alarm_state_machine+0x52c>)
 8000a46:	681b      	ldr	r3, [r3, #0]
 8000a48:	2200      	movs	r2, #0
 8000a4a:	739a      	strb	r2, [r3, #14]
 8000a4c:	e791      	b.n	8000972 <alarm_state_machine+0x41e>
			if(But1_press_state == BUTTON_LONG_PRESS && But1_prev_press_state != BUTTON_LONG_PRESS){
 8000a4e:	4a0e      	ldr	r2, [pc, #56]	@ (8000a88 <alarm_state_machine+0x534>)
 8000a50:	7812      	ldrb	r2, [r2, #0]
 8000a52:	2a02      	cmp	r2, #2
 8000a54:	d091      	beq.n	800097a <alarm_state_machine+0x426>
				alarm_p->minutes_scroll_flag = 1;
 8000a56:	4b0a      	ldr	r3, [pc, #40]	@ (8000a80 <alarm_state_machine+0x52c>)
 8000a58:	681b      	ldr	r3, [r3, #0]
 8000a5a:	2201      	movs	r2, #1
 8000a5c:	725a      	strb	r2, [r3, #9]
 8000a5e:	e63d      	b.n	80006dc <alarm_state_machine+0x188>
			} else if (But1_press_state == BUTTON_LONG_PRESS && But1_prev_press_state == BUTTON_LONG_PRESS && 
 8000a60:	4a09      	ldr	r2, [pc, #36]	@ (8000a88 <alarm_state_machine+0x534>)
 8000a62:	7812      	ldrb	r2, [r2, #0]
 8000a64:	2a02      	cmp	r2, #2
 8000a66:	d18a      	bne.n	800097e <alarm_state_machine+0x42a>
									alarm_p->minutes_scroll_flag){
 8000a68:	4a05      	ldr	r2, [pc, #20]	@ (8000a80 <alarm_state_machine+0x52c>)
 8000a6a:	6814      	ldr	r4, [r2, #0]
 8000a6c:	7a62      	ldrb	r2, [r4, #9]
			} else if (But1_press_state == BUTTON_LONG_PRESS && But1_prev_press_state == BUTTON_LONG_PRESS && 
 8000a6e:	2a00      	cmp	r2, #0
 8000a70:	d085      	beq.n	800097e <alarm_state_machine+0x42a>
				if (alarm_p->minutes_scroll_timeout_cnt < BUTTON_SCROLL_TIMEOUT){
 8000a72:	89a3      	ldrh	r3, [r4, #12]
 8000a74:	2b09      	cmp	r3, #9
 8000a76:	d819      	bhi.n	8000aac <alarm_state_machine+0x558>
					alarm_p->minutes_scroll_timeout_cnt++;
 8000a78:	3301      	adds	r3, #1
 8000a7a:	81a3      	strh	r3, [r4, #12]
 8000a7c:	e62e      	b.n	80006dc <alarm_state_machine+0x188>
 8000a7e:	bf00      	nop
 8000a80:	20000004 	.word	0x20000004
 8000a84:	2000010f 	.word	0x2000010f
 8000a88:	2000010e 	.word	0x2000010e
 8000a8c:	20000111 	.word	0x20000111
 8000a90:	20000110 	.word	0x20000110
 8000a94:	20000008 	.word	0x20000008
 8000a98:	080045c0 	.word	0x080045c0
 8000a9c:	200000f0 	.word	0x200000f0
 8000aa0:	20000014 	.word	0x20000014
 8000aa4:	200000b0 	.word	0x200000b0
 8000aa8:	20000120 	.word	0x20000120
					alarm_p->minutes_scroll_divider_cnt++;
 8000aac:	7be3      	ldrb	r3, [r4, #15]
 8000aae:	3301      	adds	r3, #1
 8000ab0:	b2db      	uxtb	r3, r3
 8000ab2:	73e3      	strb	r3, [r4, #15]
					if (alarm_p->minutes_scroll_divider_cnt >= BUTTON_SCROLL_FREQ_DIV){
 8000ab4:	2b09      	cmp	r3, #9
 8000ab6:	f67f ae11 	bls.w	80006dc <alarm_state_machine+0x188>
						alarm_p->alarm_set_minutes = increment_bcd(alarm_p->alarm_set_minutes, 0x59);
 8000aba:	2159      	movs	r1, #89	@ 0x59
 8000abc:	79e0      	ldrb	r0, [r4, #7]
 8000abe:	f7ff fca1 	bl	8000404 <increment_bcd>
 8000ac2:	71e0      	strb	r0, [r4, #7]
						alarm_p->minutes_scroll_divider_cnt = 0;
 8000ac4:	4b02      	ldr	r3, [pc, #8]	@ (8000ad0 <alarm_state_machine+0x57c>)
 8000ac6:	681b      	ldr	r3, [r3, #0]
 8000ac8:	2200      	movs	r2, #0
 8000aca:	73da      	strb	r2, [r3, #15]
 8000acc:	e606      	b.n	80006dc <alarm_state_machine+0x188>
 8000ace:	bf00      	nop
 8000ad0:	20000004 	.word	0x20000004

08000ad4 <buttonInit>:
 */

#include "button.h"
#include "stdlib.h"

Button_Handle_t* buttonInit(float debounce_time_s, float sample_freq_hz) {
 8000ad4:	b508      	push	{r3, lr}
 8000ad6:	ed2d 8b02 	vpush	{d8}
 8000ada:	eeb0 8a40 	vmov.f32	s16, s0
 8000ade:	eef0 8a60 	vmov.f32	s17, s1
	Button_Handle_t *button = (Button_Handle_t*)malloc(sizeof(Button_Handle_t));
 8000ae2:	200c      	movs	r0, #12
 8000ae4:	f002 ff36 	bl	8003954 <malloc>
	button->maximum = (unsigned int) (debounce_time_s * sample_freq_hz);
 8000ae8:	ee28 8a28 	vmul.f32	s16, s16, s17
 8000aec:	eebc 8ac8 	vcvt.u32.f32	s16, s16
 8000af0:	ed80 8a00 	vstr	s16, [r0]
	return button;
}
 8000af4:	ecbd 8b02 	vpop	{d8}
 8000af8:	bd08      	pop	{r3, pc}

08000afa <getDebouncedButton>:
unsigned int getDebouncedButton(Button_Handle_t *button, unsigned char input) {
	/* Step 1: Update the integrator based on the input signal.  Note that the
	 integrator follows the input, decreasing or increasing towards the limits as
	 determined by the input state (0 or 1). */

	if (input == 0) {
 8000afa:	b941      	cbnz	r1, 8000b0e <getDebouncedButton+0x14>
		if (button->integrator > 0)
 8000afc:	6843      	ldr	r3, [r0, #4]
 8000afe:	b10b      	cbz	r3, 8000b04 <getDebouncedButton+0xa>
			button->integrator--;
 8000b00:	3b01      	subs	r3, #1
 8000b02:	6043      	str	r3, [r0, #4]

	/* Step 2: Update the output state based on the integrator.  Note that the
	 output will only change states if the integrator has reached a limit, either
	 0 or MAXIMUM. */

	if (button->integrator == 0)
 8000b04:	6843      	ldr	r3, [r0, #4]
 8000b06:	b94b      	cbnz	r3, 8000b1c <getDebouncedButton+0x22>
		button->output = 0;
 8000b08:	6083      	str	r3, [r0, #8]
	else if (button->integrator >= button->maximum) {
		button->output = 1;
		button->integrator = button->maximum; /* defensive code if integrator got corrupted */
	}
	return button->output;
}
 8000b0a:	6880      	ldr	r0, [r0, #8]
 8000b0c:	4770      	bx	lr
	} else if (button->integrator < button->maximum)
 8000b0e:	6843      	ldr	r3, [r0, #4]
 8000b10:	6802      	ldr	r2, [r0, #0]
 8000b12:	4293      	cmp	r3, r2
 8000b14:	d2f6      	bcs.n	8000b04 <getDebouncedButton+0xa>
		button->integrator++;
 8000b16:	3301      	adds	r3, #1
 8000b18:	6043      	str	r3, [r0, #4]
 8000b1a:	e7f3      	b.n	8000b04 <getDebouncedButton+0xa>
	else if (button->integrator >= button->maximum) {
 8000b1c:	6802      	ldr	r2, [r0, #0]
 8000b1e:	4293      	cmp	r3, r2
 8000b20:	d3f3      	bcc.n	8000b0a <getDebouncedButton+0x10>
		button->output = 1;
 8000b22:	2301      	movs	r3, #1
 8000b24:	6083      	str	r3, [r0, #8]
		button->integrator = button->maximum; /* defensive code if integrator got corrupted */
 8000b26:	6042      	str	r2, [r0, #4]
 8000b28:	e7ef      	b.n	8000b0a <getDebouncedButton+0x10>
	...

08000b2c <MX_DMA_Init>:

/**
  * Enable DMA controller clock
  */
void MX_DMA_Init(void)
{
 8000b2c:	b500      	push	{lr}
 8000b2e:	b083      	sub	sp, #12

  /* DMA controller clock enable */
  __HAL_RCC_DMA2_CLK_ENABLE();
 8000b30:	2100      	movs	r1, #0
 8000b32:	9101      	str	r1, [sp, #4]
 8000b34:	4b09      	ldr	r3, [pc, #36]	@ (8000b5c <MX_DMA_Init+0x30>)
 8000b36:	6b1a      	ldr	r2, [r3, #48]	@ 0x30
 8000b38:	f442 0280 	orr.w	r2, r2, #4194304	@ 0x400000
 8000b3c:	631a      	str	r2, [r3, #48]	@ 0x30
 8000b3e:	6b1b      	ldr	r3, [r3, #48]	@ 0x30
 8000b40:	f403 0380 	and.w	r3, r3, #4194304	@ 0x400000
 8000b44:	9301      	str	r3, [sp, #4]
 8000b46:	9b01      	ldr	r3, [sp, #4]

  /* DMA interrupt init */
  /* DMA2_Stream3_IRQn interrupt configuration */
  HAL_NVIC_SetPriority(DMA2_Stream3_IRQn, 0, 0);
 8000b48:	460a      	mov	r2, r1
 8000b4a:	203b      	movs	r0, #59	@ 0x3b
 8000b4c:	f000 ff16 	bl	800197c <HAL_NVIC_SetPriority>
  HAL_NVIC_EnableIRQ(DMA2_Stream3_IRQn);
 8000b50:	203b      	movs	r0, #59	@ 0x3b
 8000b52:	f000 ff23 	bl	800199c <HAL_NVIC_EnableIRQ>

}
 8000b56:	b003      	add	sp, #12
 8000b58:	f85d fb04 	ldr.w	pc, [sp], #4
 8000b5c:	40023800 	.word	0x40023800

08000b60 <MX_GPIO_Init>:
        * Output
        * EVENT_OUT
        * EXTI
*/
void MX_GPIO_Init(void)
{
 8000b60:	e92d 41f0 	stmdb	sp!, {r4, r5, r6, r7, r8, lr}
 8000b64:	b08a      	sub	sp, #40	@ 0x28

  GPIO_InitTypeDef GPIO_InitStruct = {0};
 8000b66:	2400      	movs	r4, #0
 8000b68:	9405      	str	r4, [sp, #20]
 8000b6a:	9406      	str	r4, [sp, #24]
 8000b6c:	9407      	str	r4, [sp, #28]
 8000b6e:	9408      	str	r4, [sp, #32]
 8000b70:	9409      	str	r4, [sp, #36]	@ 0x24

  /* GPIO Ports Clock Enable */
  __HAL_RCC_GPIOE_CLK_ENABLE();
 8000b72:	9400      	str	r4, [sp, #0]
 8000b74:	4b35      	ldr	r3, [pc, #212]	@ (8000c4c <MX_GPIO_Init+0xec>)
 8000b76:	6b1a      	ldr	r2, [r3, #48]	@ 0x30
 8000b78:	f042 0210 	orr.w	r2, r2, #16
 8000b7c:	631a      	str	r2, [r3, #48]	@ 0x30
 8000b7e:	6b1a      	ldr	r2, [r3, #48]	@ 0x30
 8000b80:	f002 0210 	and.w	r2, r2, #16
 8000b84:	9200      	str	r2, [sp, #0]
 8000b86:	9a00      	ldr	r2, [sp, #0]
  __HAL_RCC_GPIOC_CLK_ENABLE();
 8000b88:	9401      	str	r4, [sp, #4]
 8000b8a:	6b1a      	ldr	r2, [r3, #48]	@ 0x30
 8000b8c:	f042 0204 	orr.w	r2, r2, #4
 8000b90:	631a      	str	r2, [r3, #48]	@ 0x30
 8000b92:	6b1a      	ldr	r2, [r3, #48]	@ 0x30
 8000b94:	f002 0204 	and.w	r2, r2, #4
 8000b98:	9201      	str	r2, [sp, #4]
 8000b9a:	9a01      	ldr	r2, [sp, #4]
  __HAL_RCC_GPIOH_CLK_ENABLE();
 8000b9c:	9402      	str	r4, [sp, #8]
 8000b9e:	6b1a      	ldr	r2, [r3, #48]	@ 0x30
 8000ba0:	f042 0280 	orr.w	r2, r2, #128	@ 0x80
 8000ba4:	631a      	str	r2, [r3, #48]	@ 0x30
 8000ba6:	6b1a      	ldr	r2, [r3, #48]	@ 0x30
 8000ba8:	f002 0280 	and.w	r2, r2, #128	@ 0x80
 8000bac:	9202      	str	r2, [sp, #8]
 8000bae:	9a02      	ldr	r2, [sp, #8]
  __HAL_RCC_GPIOA_CLK_ENABLE();
 8000bb0:	9403      	str	r4, [sp, #12]
 8000bb2:	6b1a      	ldr	r2, [r3, #48]	@ 0x30
 8000bb4:	f042 0201 	orr.w	r2, r2, #1
 8000bb8:	631a      	str	r2, [r3, #48]	@ 0x30
 8000bba:	6b1a      	ldr	r2, [r3, #48]	@ 0x30
 8000bbc:	f002 0201 	and.w	r2, r2, #1
 8000bc0:	9203      	str	r2, [sp, #12]
 8000bc2:	9a03      	ldr	r2, [sp, #12]
  __HAL_RCC_GPIOB_CLK_ENABLE();
 8000bc4:	9404      	str	r4, [sp, #16]
 8000bc6:	6b1a      	ldr	r2, [r3, #48]	@ 0x30
 8000bc8:	f042 0202 	orr.w	r2, r2, #2
 8000bcc:	631a      	str	r2, [r3, #48]	@ 0x30
 8000bce:	6b1b      	ldr	r3, [r3, #48]	@ 0x30
 8000bd0:	f003 0302 	and.w	r3, r3, #2
 8000bd4:	9304      	str	r3, [sp, #16]
 8000bd6:	9b04      	ldr	r3, [sp, #16]

  /*Configure GPIO pin Output Level */
  HAL_GPIO_WritePin(LED_GPIO_Port, LED_Pin, GPIO_PIN_RESET);
 8000bd8:	f8df 8080 	ldr.w	r8, [pc, #128]	@ 8000c5c <MX_GPIO_Init+0xfc>
 8000bdc:	4622      	mov	r2, r4
 8000bde:	2140      	movs	r1, #64	@ 0x40
 8000be0:	4640      	mov	r0, r8
 8000be2:	f001 f9be 	bl	8001f62 <HAL_GPIO_WritePin>

  /*Configure GPIO pin Output Level */
  HAL_GPIO_WritePin(GPIOC, DISPL_LED_Pin|DISPL_DC_Pin, GPIO_PIN_RESET);
 8000be6:	4f1a      	ldr	r7, [pc, #104]	@ (8000c50 <MX_GPIO_Init+0xf0>)
 8000be8:	4622      	mov	r2, r4
 8000bea:	2130      	movs	r1, #48	@ 0x30
 8000bec:	4638      	mov	r0, r7
 8000bee:	f001 f9b8 	bl	8001f62 <HAL_GPIO_WritePin>

  /*Configure GPIO pin Output Level */
  HAL_GPIO_WritePin(DISPL_RST_GPIO_Port, DISPL_RST_Pin, GPIO_PIN_RESET);
 8000bf2:	4e18      	ldr	r6, [pc, #96]	@ (8000c54 <MX_GPIO_Init+0xf4>)
 8000bf4:	4622      	mov	r2, r4
 8000bf6:	2101      	movs	r1, #1
 8000bf8:	4630      	mov	r0, r6
 8000bfa:	f001 f9b2 	bl	8001f62 <HAL_GPIO_WritePin>

  /*Configure GPIO pins : PEPin PEPin */
  GPIO_InitStruct.Pin = BUT1_Pin|BUT0_Pin;
 8000bfe:	2318      	movs	r3, #24
 8000c00:	9305      	str	r3, [sp, #20]
  GPIO_InitStruct.Mode = GPIO_MODE_INPUT;
 8000c02:	9406      	str	r4, [sp, #24]
  GPIO_InitStruct.Pull = GPIO_PULLUP;
 8000c04:	2501      	movs	r5, #1
 8000c06:	9507      	str	r5, [sp, #28]
  HAL_GPIO_Init(GPIOE, &GPIO_InitStruct);
 8000c08:	a905      	add	r1, sp, #20
 8000c0a:	4813      	ldr	r0, [pc, #76]	@ (8000c58 <MX_GPIO_Init+0xf8>)
 8000c0c:	f001 f8ac 	bl	8001d68 <HAL_GPIO_Init>

  /*Configure GPIO pin : PtPin */
  GPIO_InitStruct.Pin = LED_Pin;
 8000c10:	2340      	movs	r3, #64	@ 0x40
 8000c12:	9305      	str	r3, [sp, #20]
  GPIO_InitStruct.Mode = GPIO_MODE_OUTPUT_PP;
 8000c14:	9506      	str	r5, [sp, #24]
  GPIO_InitStruct.Pull = GPIO_NOPULL;
 8000c16:	9407      	str	r4, [sp, #28]
  GPIO_InitStruct.Speed = GPIO_SPEED_FREQ_LOW;
 8000c18:	9408      	str	r4, [sp, #32]
  HAL_GPIO_Init(LED_GPIO_Port, &GPIO_InitStruct);
 8000c1a:	a905      	add	r1, sp, #20
 8000c1c:	4640      	mov	r0, r8
 8000c1e:	f001 f8a3 	bl	8001d68 <HAL_GPIO_Init>

  /*Configure GPIO pins : PCPin PCPin */
  GPIO_InitStruct.Pin = DISPL_LED_Pin|DISPL_DC_Pin;
 8000c22:	2330      	movs	r3, #48	@ 0x30
 8000c24:	9305      	str	r3, [sp, #20]
  GPIO_InitStruct.Mode = GPIO_MODE_OUTPUT_PP;
 8000c26:	9506      	str	r5, [sp, #24]
  GPIO_InitStruct.Pull = GPIO_NOPULL;
 8000c28:	9407      	str	r4, [sp, #28]
  GPIO_InitStruct.Speed = GPIO_SPEED_FREQ_LOW;
 8000c2a:	9408      	str	r4, [sp, #32]
  HAL_GPIO_Init(GPIOC, &GPIO_InitStruct);
 8000c2c:	a905      	add	r1, sp, #20
 8000c2e:	4638      	mov	r0, r7
 8000c30:	f001 f89a 	bl	8001d68 <HAL_GPIO_Init>

  /*Configure GPIO pin : PtPin */
  GPIO_InitStruct.Pin = DISPL_RST_Pin;
 8000c34:	9505      	str	r5, [sp, #20]
  GPIO_InitStruct.Mode = GPIO_MODE_OUTPUT_PP;
 8000c36:	9506      	str	r5, [sp, #24]
  GPIO_InitStruct.Pull = GPIO_NOPULL;
 8000c38:	9407      	str	r4, [sp, #28]
  GPIO_InitStruct.Speed = GPIO_SPEED_FREQ_LOW;
 8000c3a:	9408      	str	r4, [sp, #32]
  HAL_GPIO_Init(DISPL_RST_GPIO_Port, &GPIO_InitStruct);
 8000c3c:	a905      	add	r1, sp, #20
 8000c3e:	4630      	mov	r0, r6
 8000c40:	f001 f892 	bl	8001d68 <HAL_GPIO_Init>

}
 8000c44:	b00a      	add	sp, #40	@ 0x28
 8000c46:	e8bd 81f0 	ldmia.w	sp!, {r4, r5, r6, r7, r8, pc}
 8000c4a:	bf00      	nop
 8000c4c:	40023800 	.word	0x40023800
 8000c50:	40020800 	.word	0x40020800
 8000c54:	40020400 	.word	0x40020400
 8000c58:	40021000 	.word	0x40021000
 8000c5c:	40020000 	.word	0x40020000

08000c60 <Error_Handler>:
  \details Disables IRQ interrupts by setting special-purpose register PRIMASK.
           Can only be executed in Privileged modes.
 */
__STATIC_FORCEINLINE void __disable_irq(void)
{
  __ASM volatile ("cpsid i" : : : "memory");
 8000c60:	b672      	cpsid	i
void Error_Handler(void)
{
  /* USER CODE BEGIN Error_Handler_Debug */
  /* User can add his own implementation to report the HAL error return state */
  __disable_irq();
  while (1)
 8000c62:	e7fe      	b.n	8000c62 <Error_Handler+0x2>

08000c64 <SystemClock_Config>:
{
 8000c64:	b500      	push	{lr}
 8000c66:	b095      	sub	sp, #84	@ 0x54
  RCC_OscInitTypeDef RCC_OscInitStruct = {0};
 8000c68:	2230      	movs	r2, #48	@ 0x30
 8000c6a:	2100      	movs	r1, #0
 8000c6c:	a808      	add	r0, sp, #32
 8000c6e:	f002 ff5d 	bl	8003b2c <memset>
  RCC_ClkInitTypeDef RCC_ClkInitStruct = {0};
 8000c72:	2300      	movs	r3, #0
 8000c74:	9303      	str	r3, [sp, #12]
 8000c76:	9304      	str	r3, [sp, #16]
 8000c78:	9305      	str	r3, [sp, #20]
 8000c7a:	9306      	str	r3, [sp, #24]
 8000c7c:	9307      	str	r3, [sp, #28]
  __HAL_RCC_PWR_CLK_ENABLE();
 8000c7e:	9301      	str	r3, [sp, #4]
 8000c80:	4a20      	ldr	r2, [pc, #128]	@ (8000d04 <SystemClock_Config+0xa0>)
 8000c82:	6c11      	ldr	r1, [r2, #64]	@ 0x40
 8000c84:	f041 5180 	orr.w	r1, r1, #268435456	@ 0x10000000
 8000c88:	6411      	str	r1, [r2, #64]	@ 0x40
 8000c8a:	6c12      	ldr	r2, [r2, #64]	@ 0x40
 8000c8c:	f002 5280 	and.w	r2, r2, #268435456	@ 0x10000000
 8000c90:	9201      	str	r2, [sp, #4]
 8000c92:	9a01      	ldr	r2, [sp, #4]
  __HAL_PWR_VOLTAGESCALING_CONFIG(PWR_REGULATOR_VOLTAGE_SCALE1);
 8000c94:	9302      	str	r3, [sp, #8]
 8000c96:	4a1c      	ldr	r2, [pc, #112]	@ (8000d08 <SystemClock_Config+0xa4>)
 8000c98:	6811      	ldr	r1, [r2, #0]
 8000c9a:	f441 4180 	orr.w	r1, r1, #16384	@ 0x4000
 8000c9e:	6011      	str	r1, [r2, #0]
 8000ca0:	6812      	ldr	r2, [r2, #0]
 8000ca2:	f402 4280 	and.w	r2, r2, #16384	@ 0x4000
 8000ca6:	9202      	str	r2, [sp, #8]
 8000ca8:	9a02      	ldr	r2, [sp, #8]
  RCC_OscInitStruct.OscillatorType = RCC_OSCILLATORTYPE_HSI|RCC_OSCILLATORTYPE_LSE;
 8000caa:	2206      	movs	r2, #6
 8000cac:	9208      	str	r2, [sp, #32]
  RCC_OscInitStruct.LSEState = RCC_LSE_ON;
 8000cae:	2201      	movs	r2, #1
 8000cb0:	920a      	str	r2, [sp, #40]	@ 0x28
  RCC_OscInitStruct.HSIState = RCC_HSI_ON;
 8000cb2:	920b      	str	r2, [sp, #44]	@ 0x2c
  RCC_OscInitStruct.HSICalibrationValue = RCC_HSICALIBRATION_DEFAULT;
 8000cb4:	2210      	movs	r2, #16
 8000cb6:	920c      	str	r2, [sp, #48]	@ 0x30
  RCC_OscInitStruct.PLL.PLLState = RCC_PLL_ON;
 8000cb8:	2202      	movs	r2, #2
 8000cba:	920e      	str	r2, [sp, #56]	@ 0x38
  RCC_OscInitStruct.PLL.PLLSource = RCC_PLLSOURCE_HSI;
 8000cbc:	930f      	str	r3, [sp, #60]	@ 0x3c
  RCC_OscInitStruct.PLL.PLLM = 8;
 8000cbe:	2308      	movs	r3, #8
 8000cc0:	9310      	str	r3, [sp, #64]	@ 0x40
  RCC_OscInitStruct.PLL.PLLN = 168;
 8000cc2:	23a8      	movs	r3, #168	@ 0xa8
 8000cc4:	9311      	str	r3, [sp, #68]	@ 0x44
  RCC_OscInitStruct.PLL.PLLP = RCC_PLLP_DIV2;
 8000cc6:	9212      	str	r2, [sp, #72]	@ 0x48
  RCC_OscInitStruct.PLL.PLLQ = 4;
 8000cc8:	2304      	movs	r3, #4
 8000cca:	9313      	str	r3, [sp, #76]	@ 0x4c
  if (HAL_RCC_OscConfig(&RCC_OscInitStruct) != HAL_OK)
 8000ccc:	a808      	add	r0, sp, #32
 8000cce:	f001 f94f 	bl	8001f70 <HAL_RCC_OscConfig>
 8000cd2:	b998      	cbnz	r0, 8000cfc <SystemClock_Config+0x98>
  RCC_ClkInitStruct.ClockType = RCC_CLOCKTYPE_HCLK|RCC_CLOCKTYPE_SYSCLK
 8000cd4:	230f      	movs	r3, #15
 8000cd6:	9303      	str	r3, [sp, #12]
  RCC_ClkInitStruct.SYSCLKSource = RCC_SYSCLKSOURCE_PLLCLK;
 8000cd8:	2302      	movs	r3, #2
 8000cda:	9304      	str	r3, [sp, #16]
  RCC_ClkInitStruct.AHBCLKDivider = RCC_SYSCLK_DIV1;
 8000cdc:	2300      	movs	r3, #0
 8000cde:	9305      	str	r3, [sp, #20]
  RCC_ClkInitStruct.APB1CLKDivider = RCC_HCLK_DIV4;
 8000ce0:	f44f 53a0 	mov.w	r3, #5120	@ 0x1400
 8000ce4:	9306      	str	r3, [sp, #24]
  RCC_ClkInitStruct.APB2CLKDivider = RCC_HCLK_DIV2;
 8000ce6:	f44f 5380 	mov.w	r3, #4096	@ 0x1000
 8000cea:	9307      	str	r3, [sp, #28]
  if (HAL_RCC_ClockConfig(&RCC_ClkInitStruct, FLASH_LATENCY_5) != HAL_OK)
 8000cec:	2105      	movs	r1, #5
 8000cee:	a803      	add	r0, sp, #12
 8000cf0:	f001 fb8e 	bl	8002410 <HAL_RCC_ClockConfig>
 8000cf4:	b920      	cbnz	r0, 8000d00 <SystemClock_Config+0x9c>
}
 8000cf6:	b015      	add	sp, #84	@ 0x54
 8000cf8:	f85d fb04 	ldr.w	pc, [sp], #4
    Error_Handler();
 8000cfc:	f7ff ffb0 	bl	8000c60 <Error_Handler>
    Error_Handler();
 8000d00:	f7ff ffae 	bl	8000c60 <Error_Handler>
 8000d04:	40023800 	.word	0x40023800
 8000d08:	40007000 	.word	0x40007000

08000d0c <main>:
{
 8000d0c:	b508      	push	{r3, lr}
  HAL_Init();
 8000d0e:	f000 fda1 	bl	8001854 <HAL_Init>
  SystemClock_Config();
 8000d12:	f7ff ffa7 	bl	8000c64 <SystemClock_Config>
  MX_GPIO_Init();
 8000d16:	f7ff ff23 	bl	8000b60 <MX_GPIO_Init>
  MX_DMA_Init();
 8000d1a:	f7ff ff07 	bl	8000b2c <MX_DMA_Init>
  MX_RTC_Init();
 8000d1e:	f000 f86d 	bl	8000dfc <MX_RTC_Init>
  MX_TIM6_Init();
 8000d22:	f000 f9cd 	bl	80010c0 <MX_TIM6_Init>
  MX_SPI1_Init();
 8000d26:	f000 f8bb 	bl	8000ea0 <MX_SPI1_Init>
  MX_TIM3_Init();
 8000d2a:	f000 fa53 	bl	80011d4 <MX_TIM3_Init>
  Displ_Init(Displ_Orientat_0); // initialize the display and set the initial display orientation (here is orientaton: 0�) - THIS FUNCTION MUST PRECEED ANY OTHER DISPLAY FUNCTION CALL.
 8000d2e:	2000      	movs	r0, #0
 8000d30:	f000 fd1d 	bl	800176e <Displ_Init>
  Displ_CLS(BLACK);             // after initialization (above) and before turning on backlight (below), you can draw the initial display appearance. (here I'm just clearing display with a black background)
 8000d34:	2000      	movs	r0, #0
 8000d36:	f000 fd1f 	bl	8001778 <Displ_CLS>
  Displ_BackLight('I'); // initialize backlight and turn it on at init level
 8000d3a:	2049      	movs	r0, #73	@ 0x49
 8000d3c:	f000 fd4a 	bl	80017d4 <Displ_BackLight>
  Displ_BackLight('F');
 8000d40:	2046      	movs	r0, #70	@ 0x46
 8000d42:	f000 fd47 	bl	80017d4 <Displ_BackLight>
  HAL_TIM_Base_Start_IT(&htim6);
 8000d46:	4802      	ldr	r0, [pc, #8]	@ (8000d50 <main+0x44>)
 8000d48:	f002 fa58 	bl	80031fc <HAL_TIM_Base_Start_IT>
  while (1)
 8000d4c:	e7fe      	b.n	8000d4c <main+0x40>
 8000d4e:	bf00      	nop
 8000d50:	20000200 	.word	0x20000200

08000d54 <PressDetection_Update>:
static ButtonPressState But1_PressState = BUTTON_IDLE;

// Function to call in interrupt handler, 100 Hz
void PressDetection_Update(void) {
    // Button 0
    if (But0_State == 1) {  // Button is pressed
 8000d54:	4b1b      	ldr	r3, [pc, #108]	@ (8000dc4 <PressDetection_Update+0x70>)
 8000d56:	781b      	ldrb	r3, [r3, #0]
 8000d58:	2b01      	cmp	r3, #1
 8000d5a:	d01c      	beq.n	8000d96 <PressDetection_Update+0x42>
        But0_PressCounter++;
        if (But0_PressCounter >= LONG_PRESS_THRESHOLD) {
            But0_PressState = BUTTON_LONG_PRESS;
        }
    } else {  // Button is released
        if (But0_PressCounter > 0 && But0_PressCounter < LONG_PRESS_THRESHOLD) {
 8000d5c:	4b1a      	ldr	r3, [pc, #104]	@ (8000dc8 <PressDetection_Update+0x74>)
 8000d5e:	881b      	ldrh	r3, [r3, #0]
 8000d60:	3b01      	subs	r3, #1
 8000d62:	b29b      	uxth	r3, r3
 8000d64:	2b4e      	cmp	r3, #78	@ 0x4e
 8000d66:	d802      	bhi.n	8000d6e <PressDetection_Update+0x1a>
            But0_PressState = BUTTON_SHORT_PRESS;
 8000d68:	4b18      	ldr	r3, [pc, #96]	@ (8000dcc <PressDetection_Update+0x78>)
 8000d6a:	2201      	movs	r2, #1
 8000d6c:	701a      	strb	r2, [r3, #0]
        }
        But0_PressCounter = 0;  // Reset counter after release
 8000d6e:	4b16      	ldr	r3, [pc, #88]	@ (8000dc8 <PressDetection_Update+0x74>)
 8000d70:	2200      	movs	r2, #0
 8000d72:	801a      	strh	r2, [r3, #0]
    }

    // Button 1
    if (But1_State == 1) {  // Button is pressed
 8000d74:	4b16      	ldr	r3, [pc, #88]	@ (8000dd0 <PressDetection_Update+0x7c>)
 8000d76:	781b      	ldrb	r3, [r3, #0]
 8000d78:	2b01      	cmp	r3, #1
 8000d7a:	d017      	beq.n	8000dac <PressDetection_Update+0x58>
        But1_PressCounter++;
        if (But1_PressCounter >= LONG_PRESS_THRESHOLD) {
            But1_PressState = BUTTON_LONG_PRESS;
        }
    } else {  // Button is released
        if (But1_PressCounter > 0 && But1_PressCounter < LONG_PRESS_THRESHOLD) {
 8000d7c:	4b15      	ldr	r3, [pc, #84]	@ (8000dd4 <PressDetection_Update+0x80>)
 8000d7e:	881b      	ldrh	r3, [r3, #0]
 8000d80:	3b01      	subs	r3, #1
 8000d82:	b29b      	uxth	r3, r3
 8000d84:	2b4e      	cmp	r3, #78	@ 0x4e
 8000d86:	d802      	bhi.n	8000d8e <PressDetection_Update+0x3a>
            But1_PressState = BUTTON_SHORT_PRESS;
 8000d88:	4b13      	ldr	r3, [pc, #76]	@ (8000dd8 <PressDetection_Update+0x84>)
 8000d8a:	2201      	movs	r2, #1
 8000d8c:	701a      	strb	r2, [r3, #0]
        }
        But1_PressCounter = 0;  // Reset counter after release
 8000d8e:	4b11      	ldr	r3, [pc, #68]	@ (8000dd4 <PressDetection_Update+0x80>)
 8000d90:	2200      	movs	r2, #0
 8000d92:	801a      	strh	r2, [r3, #0]
    }
}
 8000d94:	4770      	bx	lr
        But0_PressCounter++;
 8000d96:	4a0c      	ldr	r2, [pc, #48]	@ (8000dc8 <PressDetection_Update+0x74>)
 8000d98:	8813      	ldrh	r3, [r2, #0]
 8000d9a:	3301      	adds	r3, #1
 8000d9c:	b29b      	uxth	r3, r3
 8000d9e:	8013      	strh	r3, [r2, #0]
        if (But0_PressCounter >= LONG_PRESS_THRESHOLD) {
 8000da0:	2b4f      	cmp	r3, #79	@ 0x4f
 8000da2:	d9e7      	bls.n	8000d74 <PressDetection_Update+0x20>
            But0_PressState = BUTTON_LONG_PRESS;
 8000da4:	4b09      	ldr	r3, [pc, #36]	@ (8000dcc <PressDetection_Update+0x78>)
 8000da6:	2202      	movs	r2, #2
 8000da8:	701a      	strb	r2, [r3, #0]
 8000daa:	e7e3      	b.n	8000d74 <PressDetection_Update+0x20>
        But1_PressCounter++;
 8000dac:	4a09      	ldr	r2, [pc, #36]	@ (8000dd4 <PressDetection_Update+0x80>)
 8000dae:	8813      	ldrh	r3, [r2, #0]
 8000db0:	3301      	adds	r3, #1
 8000db2:	b29b      	uxth	r3, r3
 8000db4:	8013      	strh	r3, [r2, #0]
        if (But1_PressCounter >= LONG_PRESS_THRESHOLD) {
 8000db6:	2b4f      	cmp	r3, #79	@ 0x4f
 8000db8:	d9ec      	bls.n	8000d94 <PressDetection_Update+0x40>
            But1_PressState = BUTTON_LONG_PRESS;
 8000dba:	4b07      	ldr	r3, [pc, #28]	@ (8000dd8 <PressDetection_Update+0x84>)
 8000dbc:	2202      	movs	r2, #2
 8000dbe:	701a      	strb	r2, [r3, #0]
 8000dc0:	4770      	bx	lr
 8000dc2:	bf00      	nop
 8000dc4:	2000011d 	.word	0x2000011d
 8000dc8:	2000010c 	.word	0x2000010c
 8000dcc:	20000109 	.word	0x20000109
 8000dd0:	2000011c 	.word	0x2000011c
 8000dd4:	2000010a 	.word	0x2000010a
 8000dd8:	20000108 	.word	0x20000108

08000ddc <Get_Button0_PressState>:

// Function to check the state of Button 0
ButtonPressState Get_Button0_PressState(void) {
    ButtonPressState state = But0_PressState;
 8000ddc:	4b02      	ldr	r3, [pc, #8]	@ (8000de8 <Get_Button0_PressState+0xc>)
 8000dde:	7818      	ldrb	r0, [r3, #0]
    // Reset the state after it's read
    But0_PressState = BUTTON_IDLE;
 8000de0:	2200      	movs	r2, #0
 8000de2:	701a      	strb	r2, [r3, #0]
    return state;
}
 8000de4:	4770      	bx	lr
 8000de6:	bf00      	nop
 8000de8:	20000109 	.word	0x20000109

08000dec <Get_Button1_PressState>:

// Function to check the state of Button 1
ButtonPressState Get_Button1_PressState(void) {
    ButtonPressState state = But1_PressState;
 8000dec:	4b02      	ldr	r3, [pc, #8]	@ (8000df8 <Get_Button1_PressState+0xc>)
 8000dee:	7818      	ldrb	r0, [r3, #0]
    // Reset the state after it's read
    But1_PressState = BUTTON_IDLE;
 8000df0:	2200      	movs	r2, #0
 8000df2:	701a      	strb	r2, [r3, #0]
    return state;
 8000df4:	4770      	bx	lr
 8000df6:	bf00      	nop
 8000df8:	20000108 	.word	0x20000108

08000dfc <MX_RTC_Init>:

RTC_HandleTypeDef hrtc;

/* RTC init function */
void MX_RTC_Init(void)
{
 8000dfc:	b510      	push	{r4, lr}
 8000dfe:	b090      	sub	sp, #64	@ 0x40

  /* USER CODE BEGIN RTC_Init 0 */

  /* USER CODE END RTC_Init 0 */

  RTC_TimeTypeDef sTime = {0};
 8000e00:	2400      	movs	r4, #0
 8000e02:	940b      	str	r4, [sp, #44]	@ 0x2c
 8000e04:	940c      	str	r4, [sp, #48]	@ 0x30
 8000e06:	940d      	str	r4, [sp, #52]	@ 0x34
 8000e08:	940e      	str	r4, [sp, #56]	@ 0x38
 8000e0a:	940f      	str	r4, [sp, #60]	@ 0x3c
  RTC_DateTypeDef sDate = {0};
 8000e0c:	940a      	str	r4, [sp, #40]	@ 0x28
  RTC_AlarmTypeDef sAlarm = {0};
 8000e0e:	2228      	movs	r2, #40	@ 0x28
 8000e10:	4621      	mov	r1, r4
 8000e12:	4668      	mov	r0, sp
 8000e14:	f002 fe8a 	bl	8003b2c <memset>

  /* USER CODE END RTC_Init 1 */

  /** Initialize RTC Only
  */
  hrtc.Instance = RTC;
 8000e18:	4809      	ldr	r0, [pc, #36]	@ (8000e40 <MX_RTC_Init+0x44>)
 8000e1a:	4b0a      	ldr	r3, [pc, #40]	@ (8000e44 <MX_RTC_Init+0x48>)
 8000e1c:	6003      	str	r3, [r0, #0]
  hrtc.Init.HourFormat = RTC_HOURFORMAT_24;
 8000e1e:	6044      	str	r4, [r0, #4]
  hrtc.Init.AsynchPrediv = 127;
 8000e20:	237f      	movs	r3, #127	@ 0x7f
 8000e22:	6083      	str	r3, [r0, #8]
  hrtc.Init.SynchPrediv = 255;
 8000e24:	23ff      	movs	r3, #255	@ 0xff
 8000e26:	60c3      	str	r3, [r0, #12]
  hrtc.Init.OutPut = RTC_OUTPUT_DISABLE;
 8000e28:	6104      	str	r4, [r0, #16]
  hrtc.Init.OutPutPolarity = RTC_OUTPUT_POLARITY_HIGH;
 8000e2a:	6144      	str	r4, [r0, #20]
  hrtc.Init.OutPutType = RTC_OUTPUT_TYPE_OPENDRAIN;
 8000e2c:	6184      	str	r4, [r0, #24]
  if (HAL_RTC_Init(&hrtc) != HAL_OK)
 8000e2e:	f001 fcc9 	bl	80027c4 <HAL_RTC_Init>
 8000e32:	b908      	cbnz	r0, 8000e38 <MX_RTC_Init+0x3c>
  // }
  /* USER CODE BEGIN RTC_Init 2 */

  /* USER CODE END RTC_Init 2 */

}
 8000e34:	b010      	add	sp, #64	@ 0x40
 8000e36:	bd10      	pop	{r4, pc}
    Error_Handler();
 8000e38:	f7ff ff12 	bl	8000c60 <Error_Handler>
}
 8000e3c:	e7fa      	b.n	8000e34 <MX_RTC_Init+0x38>
 8000e3e:	bf00      	nop
 8000e40:	20000120 	.word	0x20000120
 8000e44:	40002800 	.word	0x40002800

08000e48 <HAL_RTC_MspInit>:

void HAL_RTC_MspInit(RTC_HandleTypeDef* rtcHandle)
{
 8000e48:	b500      	push	{lr}
 8000e4a:	b085      	sub	sp, #20

  RCC_PeriphCLKInitTypeDef PeriphClkInitStruct = {0};
 8000e4c:	2300      	movs	r3, #0
 8000e4e:	9300      	str	r3, [sp, #0]
 8000e50:	9301      	str	r3, [sp, #4]
 8000e52:	9302      	str	r3, [sp, #8]
 8000e54:	9303      	str	r3, [sp, #12]
  if(rtcHandle->Instance==RTC)
 8000e56:	6802      	ldr	r2, [r0, #0]
 8000e58:	4b0f      	ldr	r3, [pc, #60]	@ (8000e98 <HAL_RTC_MspInit+0x50>)
 8000e5a:	429a      	cmp	r2, r3
 8000e5c:	d002      	beq.n	8000e64 <HAL_RTC_MspInit+0x1c>
    HAL_NVIC_EnableIRQ(RTC_Alarm_IRQn);
  /* USER CODE BEGIN RTC_MspInit 1 */

  /* USER CODE END RTC_MspInit 1 */
  }
}
 8000e5e:	b005      	add	sp, #20
 8000e60:	f85d fb04 	ldr.w	pc, [sp], #4
    PeriphClkInitStruct.PeriphClockSelection = RCC_PERIPHCLK_RTC;
 8000e64:	2302      	movs	r3, #2
 8000e66:	9300      	str	r3, [sp, #0]
    PeriphClkInitStruct.RTCClockSelection = RCC_RTCCLKSOURCE_LSE;
 8000e68:	f44f 7380 	mov.w	r3, #256	@ 0x100
 8000e6c:	9303      	str	r3, [sp, #12]
    if (HAL_RCCEx_PeriphCLKConfig(&PeriphClkInitStruct) != HAL_OK)
 8000e6e:	4668      	mov	r0, sp
 8000e70:	f001 fb7e 	bl	8002570 <HAL_RCCEx_PeriphCLKConfig>
 8000e74:	b960      	cbnz	r0, 8000e90 <HAL_RTC_MspInit+0x48>
    __HAL_RCC_RTC_ENABLE();
 8000e76:	4b09      	ldr	r3, [pc, #36]	@ (8000e9c <HAL_RTC_MspInit+0x54>)
 8000e78:	2201      	movs	r2, #1
 8000e7a:	f8c3 2e3c 	str.w	r2, [r3, #3644]	@ 0xe3c
    HAL_NVIC_SetPriority(RTC_Alarm_IRQn, 0, 0);
 8000e7e:	2200      	movs	r2, #0
 8000e80:	4611      	mov	r1, r2
 8000e82:	2029      	movs	r0, #41	@ 0x29
 8000e84:	f000 fd7a 	bl	800197c <HAL_NVIC_SetPriority>
    HAL_NVIC_EnableIRQ(RTC_Alarm_IRQn);
 8000e88:	2029      	movs	r0, #41	@ 0x29
 8000e8a:	f000 fd87 	bl	800199c <HAL_NVIC_EnableIRQ>
}
 8000e8e:	e7e6      	b.n	8000e5e <HAL_RTC_MspInit+0x16>
      Error_Handler();
 8000e90:	f7ff fee6 	bl	8000c60 <Error_Handler>
 8000e94:	e7ef      	b.n	8000e76 <HAL_RTC_MspInit+0x2e>
 8000e96:	bf00      	nop
 8000e98:	40002800 	.word	0x40002800
 8000e9c:	42470000 	.word	0x42470000

08000ea0 <MX_SPI1_Init>:
SPI_HandleTypeDef hspi1;
DMA_HandleTypeDef hdma_spi1_tx;

/* SPI1 init function */
void MX_SPI1_Init(void)
{
 8000ea0:	b508      	push	{r3, lr}
  /* USER CODE END SPI1_Init 0 */

  /* USER CODE BEGIN SPI1_Init 1 */

  /* USER CODE END SPI1_Init 1 */
  hspi1.Instance = SPI1;
 8000ea2:	480f      	ldr	r0, [pc, #60]	@ (8000ee0 <MX_SPI1_Init+0x40>)
 8000ea4:	4b0f      	ldr	r3, [pc, #60]	@ (8000ee4 <MX_SPI1_Init+0x44>)
 8000ea6:	6003      	str	r3, [r0, #0]
  hspi1.Init.Mode = SPI_MODE_MASTER;
 8000ea8:	f44f 7382 	mov.w	r3, #260	@ 0x104
 8000eac:	6043      	str	r3, [r0, #4]
  hspi1.Init.Direction = SPI_DIRECTION_1LINE;
 8000eae:	f44f 4300 	mov.w	r3, #32768	@ 0x8000
 8000eb2:	6083      	str	r3, [r0, #8]
  hspi1.Init.DataSize = SPI_DATASIZE_8BIT;
 8000eb4:	2300      	movs	r3, #0
 8000eb6:	60c3      	str	r3, [r0, #12]
  hspi1.Init.CLKPolarity = SPI_POLARITY_LOW;
 8000eb8:	6103      	str	r3, [r0, #16]
  hspi1.Init.CLKPhase = SPI_PHASE_1EDGE;
 8000eba:	6143      	str	r3, [r0, #20]
  hspi1.Init.NSS = SPI_NSS_HARD_OUTPUT;
 8000ebc:	f44f 2280 	mov.w	r2, #262144	@ 0x40000
 8000ec0:	6182      	str	r2, [r0, #24]
  hspi1.Init.BaudRatePrescaler = SPI_BAUDRATEPRESCALER_8;
 8000ec2:	2210      	movs	r2, #16
 8000ec4:	61c2      	str	r2, [r0, #28]
  hspi1.Init.FirstBit = SPI_FIRSTBIT_MSB;
 8000ec6:	6203      	str	r3, [r0, #32]
  hspi1.Init.TIMode = SPI_TIMODE_DISABLE;
 8000ec8:	6243      	str	r3, [r0, #36]	@ 0x24
  hspi1.Init.CRCCalculation = SPI_CRCCALCULATION_DISABLE;
 8000eca:	6283      	str	r3, [r0, #40]	@ 0x28
  hspi1.Init.CRCPolynomial = 10;
 8000ecc:	230a      	movs	r3, #10
 8000ece:	62c3      	str	r3, [r0, #44]	@ 0x2c
  if (HAL_SPI_Init(&hspi1) != HAL_OK)
 8000ed0:	f001 ff3e 	bl	8002d50 <HAL_SPI_Init>
 8000ed4:	b900      	cbnz	r0, 8000ed8 <MX_SPI1_Init+0x38>
  }
  /* USER CODE BEGIN SPI1_Init 2 */

  /* USER CODE END SPI1_Init 2 */

}
 8000ed6:	bd08      	pop	{r3, pc}
    Error_Handler();
 8000ed8:	f7ff fec2 	bl	8000c60 <Error_Handler>
}
 8000edc:	e7fb      	b.n	8000ed6 <MX_SPI1_Init+0x36>
 8000ede:	bf00      	nop
 8000ee0:	200001a0 	.word	0x200001a0
 8000ee4:	40013000 	.word	0x40013000

08000ee8 <HAL_SPI_MspInit>:

void HAL_SPI_MspInit(SPI_HandleTypeDef* spiHandle)
{
 8000ee8:	b530      	push	{r4, r5, lr}
 8000eea:	b089      	sub	sp, #36	@ 0x24

  GPIO_InitTypeDef GPIO_InitStruct = {0};
 8000eec:	2300      	movs	r3, #0
 8000eee:	9303      	str	r3, [sp, #12]
 8000ef0:	9304      	str	r3, [sp, #16]
 8000ef2:	9305      	str	r3, [sp, #20]
 8000ef4:	9306      	str	r3, [sp, #24]
 8000ef6:	9307      	str	r3, [sp, #28]
  if(spiHandle->Instance==SPI1)
 8000ef8:	6802      	ldr	r2, [r0, #0]
 8000efa:	4b26      	ldr	r3, [pc, #152]	@ (8000f94 <HAL_SPI_MspInit+0xac>)
 8000efc:	429a      	cmp	r2, r3
 8000efe:	d001      	beq.n	8000f04 <HAL_SPI_MspInit+0x1c>
    HAL_NVIC_EnableIRQ(SPI1_IRQn);
  /* USER CODE BEGIN SPI1_MspInit 1 */

  /* USER CODE END SPI1_MspInit 1 */
  }
}
 8000f00:	b009      	add	sp, #36	@ 0x24
 8000f02:	bd30      	pop	{r4, r5, pc}
 8000f04:	4604      	mov	r4, r0
    __HAL_RCC_SPI1_CLK_ENABLE();
 8000f06:	2500      	movs	r5, #0
 8000f08:	9501      	str	r5, [sp, #4]
 8000f0a:	f503 3384 	add.w	r3, r3, #67584	@ 0x10800
 8000f0e:	6c5a      	ldr	r2, [r3, #68]	@ 0x44
 8000f10:	f442 5280 	orr.w	r2, r2, #4096	@ 0x1000
 8000f14:	645a      	str	r2, [r3, #68]	@ 0x44
 8000f16:	6c5a      	ldr	r2, [r3, #68]	@ 0x44
 8000f18:	f402 5280 	and.w	r2, r2, #4096	@ 0x1000
 8000f1c:	9201      	str	r2, [sp, #4]
 8000f1e:	9a01      	ldr	r2, [sp, #4]
    __HAL_RCC_GPIOA_CLK_ENABLE();
 8000f20:	9502      	str	r5, [sp, #8]
 8000f22:	6b1a      	ldr	r2, [r3, #48]	@ 0x30
 8000f24:	f042 0201 	orr.w	r2, r2, #1
 8000f28:	631a      	str	r2, [r3, #48]	@ 0x30
 8000f2a:	6b1b      	ldr	r3, [r3, #48]	@ 0x30
 8000f2c:	f003 0301 	and.w	r3, r3, #1
 8000f30:	9302      	str	r3, [sp, #8]
 8000f32:	9b02      	ldr	r3, [sp, #8]
    GPIO_InitStruct.Pin = DISPL_CS_Pin|DISPL_SCK_Pin|DISPL_MOSI_Pin;
 8000f34:	23b0      	movs	r3, #176	@ 0xb0
 8000f36:	9303      	str	r3, [sp, #12]
    GPIO_InitStruct.Mode = GPIO_MODE_AF_PP;
 8000f38:	2302      	movs	r3, #2
 8000f3a:	9304      	str	r3, [sp, #16]
    GPIO_InitStruct.Speed = GPIO_SPEED_FREQ_VERY_HIGH;
 8000f3c:	2303      	movs	r3, #3
 8000f3e:	9306      	str	r3, [sp, #24]
    GPIO_InitStruct.Alternate = GPIO_AF5_SPI1;
 8000f40:	2305      	movs	r3, #5
 8000f42:	9307      	str	r3, [sp, #28]
    HAL_GPIO_Init(GPIOA, &GPIO_InitStruct);
 8000f44:	a903      	add	r1, sp, #12
 8000f46:	4814      	ldr	r0, [pc, #80]	@ (8000f98 <HAL_SPI_MspInit+0xb0>)
 8000f48:	f000 ff0e 	bl	8001d68 <HAL_GPIO_Init>
    hdma_spi1_tx.Instance = DMA2_Stream3;
 8000f4c:	4813      	ldr	r0, [pc, #76]	@ (8000f9c <HAL_SPI_MspInit+0xb4>)
 8000f4e:	4b14      	ldr	r3, [pc, #80]	@ (8000fa0 <HAL_SPI_MspInit+0xb8>)
 8000f50:	6003      	str	r3, [r0, #0]
    hdma_spi1_tx.Init.Channel = DMA_CHANNEL_3;
 8000f52:	f04f 63c0 	mov.w	r3, #100663296	@ 0x6000000
 8000f56:	6043      	str	r3, [r0, #4]
    hdma_spi1_tx.Init.Direction = DMA_MEMORY_TO_PERIPH;
 8000f58:	2340      	movs	r3, #64	@ 0x40
 8000f5a:	6083      	str	r3, [r0, #8]
    hdma_spi1_tx.Init.PeriphInc = DMA_PINC_DISABLE;
 8000f5c:	60c5      	str	r5, [r0, #12]
    hdma_spi1_tx.Init.MemInc = DMA_MINC_ENABLE;
 8000f5e:	f44f 6380 	mov.w	r3, #1024	@ 0x400
 8000f62:	6103      	str	r3, [r0, #16]
    hdma_spi1_tx.Init.PeriphDataAlignment = DMA_PDATAALIGN_BYTE;
 8000f64:	6145      	str	r5, [r0, #20]
    hdma_spi1_tx.Init.MemDataAlignment = DMA_MDATAALIGN_BYTE;
 8000f66:	6185      	str	r5, [r0, #24]
    hdma_spi1_tx.Init.Mode = DMA_NORMAL;
 8000f68:	61c5      	str	r5, [r0, #28]
    hdma_spi1_tx.Init.Priority = DMA_PRIORITY_LOW;
 8000f6a:	6205      	str	r5, [r0, #32]
    hdma_spi1_tx.Init.FIFOMode = DMA_FIFOMODE_DISABLE;
 8000f6c:	6245      	str	r5, [r0, #36]	@ 0x24
    if (HAL_DMA_Init(&hdma_spi1_tx) != HAL_OK)
 8000f6e:	f000 fd93 	bl	8001a98 <HAL_DMA_Init>
 8000f72:	b958      	cbnz	r0, 8000f8c <HAL_SPI_MspInit+0xa4>
    __HAL_LINKDMA(spiHandle,hdmatx,hdma_spi1_tx);
 8000f74:	4b09      	ldr	r3, [pc, #36]	@ (8000f9c <HAL_SPI_MspInit+0xb4>)
 8000f76:	64a3      	str	r3, [r4, #72]	@ 0x48
 8000f78:	639c      	str	r4, [r3, #56]	@ 0x38
    HAL_NVIC_SetPriority(SPI1_IRQn, 0, 0);
 8000f7a:	2200      	movs	r2, #0
 8000f7c:	4611      	mov	r1, r2
 8000f7e:	2023      	movs	r0, #35	@ 0x23
 8000f80:	f000 fcfc 	bl	800197c <HAL_NVIC_SetPriority>
    HAL_NVIC_EnableIRQ(SPI1_IRQn);
 8000f84:	2023      	movs	r0, #35	@ 0x23
 8000f86:	f000 fd09 	bl	800199c <HAL_NVIC_EnableIRQ>
}
 8000f8a:	e7b9      	b.n	8000f00 <HAL_SPI_MspInit+0x18>
      Error_Handler();
 8000f8c:	f7ff fe68 	bl	8000c60 <Error_Handler>
 8000f90:	e7f0      	b.n	8000f74 <HAL_SPI_MspInit+0x8c>
 8000f92:	bf00      	nop
 8000f94:	40013000 	.word	0x40013000
 8000f98:	40020000 	.word	0x40020000
 8000f9c:	20000140 	.word	0x20000140
 8000fa0:	40026458 	.word	0x40026458

08000fa4 <HAL_MspInit>:
/* USER CODE END 0 */
/**
  * Initializes the Global MSP.
  */
void HAL_MspInit(void)
{
 8000fa4:	b082      	sub	sp, #8

  /* USER CODE BEGIN MspInit 0 */

  /* USER CODE END MspInit 0 */

  __HAL_RCC_SYSCFG_CLK_ENABLE();
 8000fa6:	2100      	movs	r1, #0
 8000fa8:	9100      	str	r1, [sp, #0]
 8000faa:	4b0b      	ldr	r3, [pc, #44]	@ (8000fd8 <HAL_MspInit+0x34>)
 8000fac:	6c5a      	ldr	r2, [r3, #68]	@ 0x44
 8000fae:	f442 4280 	orr.w	r2, r2, #16384	@ 0x4000
 8000fb2:	645a      	str	r2, [r3, #68]	@ 0x44
 8000fb4:	6c5a      	ldr	r2, [r3, #68]	@ 0x44
 8000fb6:	f402 4280 	and.w	r2, r2, #16384	@ 0x4000
 8000fba:	9200      	str	r2, [sp, #0]
 8000fbc:	9a00      	ldr	r2, [sp, #0]
  __HAL_RCC_PWR_CLK_ENABLE();
 8000fbe:	9101      	str	r1, [sp, #4]
 8000fc0:	6c1a      	ldr	r2, [r3, #64]	@ 0x40
 8000fc2:	f042 5280 	orr.w	r2, r2, #268435456	@ 0x10000000
 8000fc6:	641a      	str	r2, [r3, #64]	@ 0x40
 8000fc8:	6c1b      	ldr	r3, [r3, #64]	@ 0x40
 8000fca:	f003 5380 	and.w	r3, r3, #268435456	@ 0x10000000
 8000fce:	9301      	str	r3, [sp, #4]
 8000fd0:	9b01      	ldr	r3, [sp, #4]
  /* System interrupt init*/

  /* USER CODE BEGIN MspInit 1 */

  /* USER CODE END MspInit 1 */
}
 8000fd2:	b002      	add	sp, #8
 8000fd4:	4770      	bx	lr
 8000fd6:	bf00      	nop
 8000fd8:	40023800 	.word	0x40023800

08000fdc <NMI_Handler>:
{
  /* USER CODE BEGIN NonMaskableInt_IRQn 0 */

  /* USER CODE END NonMaskableInt_IRQn 0 */
  /* USER CODE BEGIN NonMaskableInt_IRQn 1 */
   while (1)
 8000fdc:	e7fe      	b.n	8000fdc <NMI_Handler>

08000fde <HardFault_Handler>:
void HardFault_Handler(void)
{
  /* USER CODE BEGIN HardFault_IRQn 0 */

  /* USER CODE END HardFault_IRQn 0 */
  while (1)
 8000fde:	e7fe      	b.n	8000fde <HardFault_Handler>

08000fe0 <MemManage_Handler>:
void MemManage_Handler(void)
{
  /* USER CODE BEGIN MemoryManagement_IRQn 0 */

  /* USER CODE END MemoryManagement_IRQn 0 */
  while (1)
 8000fe0:	e7fe      	b.n	8000fe0 <MemManage_Handler>

08000fe2 <BusFault_Handler>:
void BusFault_Handler(void)
{
  /* USER CODE BEGIN BusFault_IRQn 0 */

  /* USER CODE END BusFault_IRQn 0 */
  while (1)
 8000fe2:	e7fe      	b.n	8000fe2 <BusFault_Handler>

08000fe4 <UsageFault_Handler>:
void UsageFault_Handler(void)
{
  /* USER CODE BEGIN UsageFault_IRQn 0 */

  /* USER CODE END UsageFault_IRQn 0 */
  while (1)
 8000fe4:	e7fe      	b.n	8000fe4 <UsageFault_Handler>

08000fe6 <SVC_Handler>:

  /* USER CODE END SVCall_IRQn 0 */
  /* USER CODE BEGIN SVCall_IRQn 1 */

  /* USER CODE END SVCall_IRQn 1 */
}
 8000fe6:	4770      	bx	lr

08000fe8 <DebugMon_Handler>:

  /* USER CODE END DebugMonitor_IRQn 0 */
  /* USER CODE BEGIN DebugMonitor_IRQn 1 */

  /* USER CODE END DebugMonitor_IRQn 1 */
}
 8000fe8:	4770      	bx	lr

08000fea <PendSV_Handler>:

  /* USER CODE END PendSV_IRQn 0 */
  /* USER CODE BEGIN PendSV_IRQn 1 */

  /* USER CODE END PendSV_IRQn 1 */
}
 8000fea:	4770      	bx	lr

08000fec <SysTick_Handler>:

/**
  * @brief This function handles System tick timer.
  */
void SysTick_Handler(void)
{
 8000fec:	b508      	push	{r3, lr}
  /* USER CODE BEGIN SysTick_IRQn 0 */

  /* USER CODE END SysTick_IRQn 0 */
  HAL_IncTick();
 8000fee:	f000 fc4b 	bl	8001888 <HAL_IncTick>
  /* USER CODE BEGIN SysTick_IRQn 1 */

  /* USER CODE END SysTick_IRQn 1 */
}
 8000ff2:	bd08      	pop	{r3, pc}

08000ff4 <SPI1_IRQHandler>:

/**
  * @brief This function handles SPI1 global interrupt.
  */
void SPI1_IRQHandler(void)
{
 8000ff4:	b508      	push	{r3, lr}
  /* USER CODE BEGIN SPI1_IRQn 0 */

  /* USER CODE END SPI1_IRQn 0 */
  HAL_SPI_IRQHandler(&hspi1);
 8000ff6:	4802      	ldr	r0, [pc, #8]	@ (8001000 <SPI1_IRQHandler+0xc>)
 8000ff8:	f001 ffce 	bl	8002f98 <HAL_SPI_IRQHandler>
  /* USER CODE BEGIN SPI1_IRQn 1 */

  /* USER CODE END SPI1_IRQn 1 */
}
 8000ffc:	bd08      	pop	{r3, pc}
 8000ffe:	bf00      	nop
 8001000:	200001a0 	.word	0x200001a0

08001004 <RTC_Alarm_IRQHandler>:

/**
  * @brief This function handles RTC alarms A and B interrupt through EXTI line 17.
  */
void RTC_Alarm_IRQHandler(void)
{
 8001004:	b508      	push	{r3, lr}
  /* USER CODE BEGIN RTC_Alarm_IRQn 0 */

  /* USER CODE END RTC_Alarm_IRQn 0 */
  HAL_RTC_AlarmIRQHandler(&hrtc);
 8001006:	4802      	ldr	r0, [pc, #8]	@ (8001010 <RTC_Alarm_IRQHandler+0xc>)
 8001008:	f001 fb5c 	bl	80026c4 <HAL_RTC_AlarmIRQHandler>
  /* USER CODE BEGIN RTC_Alarm_IRQn 1 */

  /* USER CODE END RTC_Alarm_IRQn 1 */
}
 800100c:	bd08      	pop	{r3, pc}
 800100e:	bf00      	nop
 8001010:	20000120 	.word	0x20000120

08001014 <TIM6_DAC_IRQHandler>:

/**
  * @brief This function handles TIM6 global interrupt, DAC1 and DAC2 underrun error interrupts.
  */
void TIM6_DAC_IRQHandler(void)
{
 8001014:	b508      	push	{r3, lr}
  /* USER CODE BEGIN TIM6_DAC_IRQn 0 */

  /* USER CODE END TIM6_DAC_IRQn 0 */
  HAL_TIM_IRQHandler(&htim6);
 8001016:	4802      	ldr	r0, [pc, #8]	@ (8001020 <TIM6_DAC_IRQHandler+0xc>)
 8001018:	f002 f938 	bl	800328c <HAL_TIM_IRQHandler>
	// Here we set alarm (not sure why but all the things aside time are necessary)
	
//	timer_cnt++;

  /* USER CODE END TIM6_DAC_IRQn 1 */
}
 800101c:	bd08      	pop	{r3, pc}
 800101e:	bf00      	nop
 8001020:	20000200 	.word	0x20000200

08001024 <DMA2_Stream3_IRQHandler>:

/**
  * @brief This function handles DMA2 stream3 global interrupt.
  */
void DMA2_Stream3_IRQHandler(void)
{
 8001024:	b508      	push	{r3, lr}
  /* USER CODE BEGIN DMA2_Stream3_IRQn 0 */

  /* USER CODE END DMA2_Stream3_IRQn 0 */
  HAL_DMA_IRQHandler(&hdma_spi1_tx);
 8001026:	4802      	ldr	r0, [pc, #8]	@ (8001030 <DMA2_Stream3_IRQHandler+0xc>)
 8001028:	f000 fdb0 	bl	8001b8c <HAL_DMA_IRQHandler>
  /* USER CODE BEGIN DMA2_Stream3_IRQn 1 */

  /* USER CODE END DMA2_Stream3_IRQn 1 */
}
 800102c:	bd08      	pop	{r3, pc}
 800102e:	bf00      	nop
 8001030:	20000140 	.word	0x20000140

08001034 <HAL_TIM_PeriodElapsedCallback>:

/* USER CODE BEGIN 1 */

void HAL_TIM_PeriodElapsedCallback(TIM_HandleTypeDef *htim) {
 8001034:	b508      	push	{r3, lr}
	if(htim->Instance == TIM6){
 8001036:	6802      	ldr	r2, [r0, #0]
 8001038:	4b08      	ldr	r3, [pc, #32]	@ (800105c <HAL_TIM_PeriodElapsedCallback+0x28>)
 800103a:	429a      	cmp	r2, r3
 800103c:	d000      	beq.n	8001040 <HAL_TIM_PeriodElapsedCallback+0xc>
//		if(debug_setalarm_trig){
//			alrm_SetAlarm(ab_alarm_hour, ab_alarm_min, ab_alarm_sec);
//			debug_setalarm_trig = 0;
//		}
	}
}
 800103e:	bd08      	pop	{r3, pc}
		if(!init_buttons_flag){
 8001040:	4b07      	ldr	r3, [pc, #28]	@ (8001060 <HAL_TIM_PeriodElapsedCallback+0x2c>)
 8001042:	781b      	ldrb	r3, [r3, #0]
 8001044:	b123      	cbz	r3, 8001050 <HAL_TIM_PeriodElapsedCallback+0x1c>
		alarm_periph_handler();
 8001046:	f7ff fa31 	bl	80004ac <alarm_periph_handler>
		alarm_state_machine();
 800104a:	f7ff fa83 	bl	8000554 <alarm_state_machine>
}
 800104e:	e7f6      	b.n	800103e <HAL_TIM_PeriodElapsedCallback+0xa>
			alarm_init_components();
 8001050:	f7ff fa04 	bl	800045c <alarm_init_components>
			init_buttons_flag = 1;
 8001054:	4b02      	ldr	r3, [pc, #8]	@ (8001060 <HAL_TIM_PeriodElapsedCallback+0x2c>)
 8001056:	2201      	movs	r2, #1
 8001058:	701a      	strb	r2, [r3, #0]
 800105a:	e7f4      	b.n	8001046 <HAL_TIM_PeriodElapsedCallback+0x12>
 800105c:	40001000 	.word	0x40001000
 8001060:	200001f8 	.word	0x200001f8

08001064 <_sbrk>:
 *
 * @param incr Memory size
 * @return Pointer to allocated memory
 */
void *_sbrk(ptrdiff_t incr)
{
 8001064:	b510      	push	{r4, lr}
 8001066:	4603      	mov	r3, r0
  extern uint8_t _end; /* Symbol defined in the linker script */
  extern uint8_t _estack; /* Symbol defined in the linker script */
  extern uint32_t _Min_Stack_Size; /* Symbol defined in the linker script */
  const uint32_t stack_limit = (uint32_t)&_estack - (uint32_t)&_Min_Stack_Size;
 8001068:	4a0c      	ldr	r2, [pc, #48]	@ (800109c <_sbrk+0x38>)
 800106a:	490d      	ldr	r1, [pc, #52]	@ (80010a0 <_sbrk+0x3c>)
  const uint8_t *max_heap = (uint8_t *)stack_limit;
  uint8_t *prev_heap_end;

  /* Initialize heap end at first call */
  if (NULL == __sbrk_heap_end)
 800106c:	480d      	ldr	r0, [pc, #52]	@ (80010a4 <_sbrk+0x40>)
 800106e:	6800      	ldr	r0, [r0, #0]
 8001070:	b140      	cbz	r0, 8001084 <_sbrk+0x20>
  {
    __sbrk_heap_end = &_end;
  }

  /* Protect heap from growing into the reserved MSP stack */
  if (__sbrk_heap_end + incr > max_heap)
 8001072:	480c      	ldr	r0, [pc, #48]	@ (80010a4 <_sbrk+0x40>)
 8001074:	6800      	ldr	r0, [r0, #0]
 8001076:	4403      	add	r3, r0
 8001078:	1a52      	subs	r2, r2, r1
 800107a:	4293      	cmp	r3, r2
 800107c:	d806      	bhi.n	800108c <_sbrk+0x28>
    errno = ENOMEM;
    return (void *)-1;
  }

  prev_heap_end = __sbrk_heap_end;
  __sbrk_heap_end += incr;
 800107e:	4a09      	ldr	r2, [pc, #36]	@ (80010a4 <_sbrk+0x40>)
 8001080:	6013      	str	r3, [r2, #0]

  return (void *)prev_heap_end;
}
 8001082:	bd10      	pop	{r4, pc}
    __sbrk_heap_end = &_end;
 8001084:	4807      	ldr	r0, [pc, #28]	@ (80010a4 <_sbrk+0x40>)
 8001086:	4c08      	ldr	r4, [pc, #32]	@ (80010a8 <_sbrk+0x44>)
 8001088:	6004      	str	r4, [r0, #0]
 800108a:	e7f2      	b.n	8001072 <_sbrk+0xe>
    errno = ENOMEM;
 800108c:	f002 fd66 	bl	8003b5c <__errno>
 8001090:	230c      	movs	r3, #12
 8001092:	6003      	str	r3, [r0, #0]
    return (void *)-1;
 8001094:	f04f 30ff 	mov.w	r0, #4294967295
 8001098:	e7f3      	b.n	8001082 <_sbrk+0x1e>
 800109a:	bf00      	nop
 800109c:	20020000 	.word	0x20020000
 80010a0:	00000400 	.word	0x00000400
 80010a4:	200001fc 	.word	0x200001fc
 80010a8:	200013e8 	.word	0x200013e8

080010ac <SystemInit>:
  */
void SystemInit(void)
{
  /* FPU settings ------------------------------------------------------------*/
  #if (__FPU_PRESENT == 1) && (__FPU_USED == 1)
    SCB->CPACR |= ((3UL << 10*2)|(3UL << 11*2));  /* set CP10 and CP11 Full Access */
 80010ac:	4a03      	ldr	r2, [pc, #12]	@ (80010bc <SystemInit+0x10>)
 80010ae:	f8d2 3088 	ldr.w	r3, [r2, #136]	@ 0x88
 80010b2:	f443 0370 	orr.w	r3, r3, #15728640	@ 0xf00000
 80010b6:	f8c2 3088 	str.w	r3, [r2, #136]	@ 0x88

  /* Configure the Vector Table location -------------------------------------*/
#if defined(USER_VECT_TAB_ADDRESS)
  SCB->VTOR = VECT_TAB_BASE_ADDRESS | VECT_TAB_OFFSET; /* Vector Table Relocation in Internal SRAM */
#endif /* USER_VECT_TAB_ADDRESS */
}
 80010ba:	4770      	bx	lr
 80010bc:	e000ed00 	.word	0xe000ed00

080010c0 <MX_TIM6_Init>:
  HAL_TIM_MspPostInit(&htim3);

}
/* TIM6 init function */
void MX_TIM6_Init(void)
{
 80010c0:	b500      	push	{lr}
 80010c2:	b083      	sub	sp, #12

  /* USER CODE BEGIN TIM6_Init 0 */

  /* USER CODE END TIM6_Init 0 */

  TIM_MasterConfigTypeDef sMasterConfig = {0};
 80010c4:	2300      	movs	r3, #0
 80010c6:	9300      	str	r3, [sp, #0]
 80010c8:	9301      	str	r3, [sp, #4]

  /* USER CODE BEGIN TIM6_Init 1 */

  /* USER CODE END TIM6_Init 1 */
  htim6.Instance = TIM6;
 80010ca:	480f      	ldr	r0, [pc, #60]	@ (8001108 <MX_TIM6_Init+0x48>)
 80010cc:	4a0f      	ldr	r2, [pc, #60]	@ (800110c <MX_TIM6_Init+0x4c>)
 80010ce:	6002      	str	r2, [r0, #0]
  htim6.Init.Prescaler = 4200-1;
 80010d0:	f241 0267 	movw	r2, #4199	@ 0x1067
 80010d4:	6042      	str	r2, [r0, #4]
  htim6.Init.CounterMode = TIM_COUNTERMODE_UP;
 80010d6:	6083      	str	r3, [r0, #8]
  htim6.Init.Period = 200-1;
 80010d8:	22c7      	movs	r2, #199	@ 0xc7
 80010da:	60c2      	str	r2, [r0, #12]
  htim6.Init.AutoReloadPreload = TIM_AUTORELOAD_PRELOAD_DISABLE;
 80010dc:	6183      	str	r3, [r0, #24]
  if (HAL_TIM_Base_Init(&htim6) != HAL_OK)
 80010de:	f002 f9f1 	bl	80034c4 <HAL_TIM_Base_Init>
 80010e2:	b950      	cbnz	r0, 80010fa <MX_TIM6_Init+0x3a>
  {
    Error_Handler();
  }
  sMasterConfig.MasterOutputTrigger = TIM_TRGO_RESET;
 80010e4:	2300      	movs	r3, #0
 80010e6:	9300      	str	r3, [sp, #0]
  sMasterConfig.MasterSlaveMode = TIM_MASTERSLAVEMODE_DISABLE;
 80010e8:	9301      	str	r3, [sp, #4]
  if (HAL_TIMEx_MasterConfigSynchronization(&htim6, &sMasterConfig) != HAL_OK)
 80010ea:	4669      	mov	r1, sp
 80010ec:	4806      	ldr	r0, [pc, #24]	@ (8001108 <MX_TIM6_Init+0x48>)
 80010ee:	f002 fbbf 	bl	8003870 <HAL_TIMEx_MasterConfigSynchronization>
 80010f2:	b928      	cbnz	r0, 8001100 <MX_TIM6_Init+0x40>
  }
  /* USER CODE BEGIN TIM6_Init 2 */

  /* USER CODE END TIM6_Init 2 */

}
 80010f4:	b003      	add	sp, #12
 80010f6:	f85d fb04 	ldr.w	pc, [sp], #4
    Error_Handler();
 80010fa:	f7ff fdb1 	bl	8000c60 <Error_Handler>
 80010fe:	e7f1      	b.n	80010e4 <MX_TIM6_Init+0x24>
    Error_Handler();
 8001100:	f7ff fdae 	bl	8000c60 <Error_Handler>
}
 8001104:	e7f6      	b.n	80010f4 <MX_TIM6_Init+0x34>
 8001106:	bf00      	nop
 8001108:	20000200 	.word	0x20000200
 800110c:	40001000 	.word	0x40001000

08001110 <HAL_TIM_PWM_MspInit>:

void HAL_TIM_PWM_MspInit(TIM_HandleTypeDef* tim_pwmHandle)
{

  if(tim_pwmHandle->Instance==TIM3)
 8001110:	6802      	ldr	r2, [r0, #0]
 8001112:	4b09      	ldr	r3, [pc, #36]	@ (8001138 <HAL_TIM_PWM_MspInit+0x28>)
 8001114:	429a      	cmp	r2, r3
 8001116:	d000      	beq.n	800111a <HAL_TIM_PWM_MspInit+0xa>
 8001118:	4770      	bx	lr
{
 800111a:	b082      	sub	sp, #8
  {
  /* USER CODE BEGIN TIM3_MspInit 0 */

  /* USER CODE END TIM3_MspInit 0 */
    /* TIM3 clock enable */
    __HAL_RCC_TIM3_CLK_ENABLE();
 800111c:	2300      	movs	r3, #0
 800111e:	9301      	str	r3, [sp, #4]
 8001120:	4b06      	ldr	r3, [pc, #24]	@ (800113c <HAL_TIM_PWM_MspInit+0x2c>)
 8001122:	6c1a      	ldr	r2, [r3, #64]	@ 0x40
 8001124:	f042 0202 	orr.w	r2, r2, #2
 8001128:	641a      	str	r2, [r3, #64]	@ 0x40
 800112a:	6c1b      	ldr	r3, [r3, #64]	@ 0x40
 800112c:	f003 0302 	and.w	r3, r3, #2
 8001130:	9301      	str	r3, [sp, #4]
 8001132:	9b01      	ldr	r3, [sp, #4]
  /* USER CODE BEGIN TIM3_MspInit 1 */

  /* USER CODE END TIM3_MspInit 1 */
  }
}
 8001134:	b002      	add	sp, #8
 8001136:	4770      	bx	lr
 8001138:	40000400 	.word	0x40000400
 800113c:	40023800 	.word	0x40023800

08001140 <HAL_TIM_Base_MspInit>:

void HAL_TIM_Base_MspInit(TIM_HandleTypeDef* tim_baseHandle)
{

  if(tim_baseHandle->Instance==TIM6)
 8001140:	6802      	ldr	r2, [r0, #0]
 8001142:	4b0e      	ldr	r3, [pc, #56]	@ (800117c <HAL_TIM_Base_MspInit+0x3c>)
 8001144:	429a      	cmp	r2, r3
 8001146:	d000      	beq.n	800114a <HAL_TIM_Base_MspInit+0xa>
 8001148:	4770      	bx	lr
{
 800114a:	b500      	push	{lr}
 800114c:	b083      	sub	sp, #12
  {
  /* USER CODE BEGIN TIM6_MspInit 0 */

  /* USER CODE END TIM6_MspInit 0 */
    /* TIM6 clock enable */
    __HAL_RCC_TIM6_CLK_ENABLE();
 800114e:	2200      	movs	r2, #0
 8001150:	9201      	str	r2, [sp, #4]
 8001152:	f503 330a 	add.w	r3, r3, #141312	@ 0x22800
 8001156:	6c19      	ldr	r1, [r3, #64]	@ 0x40
 8001158:	f041 0110 	orr.w	r1, r1, #16
 800115c:	6419      	str	r1, [r3, #64]	@ 0x40
 800115e:	6c1b      	ldr	r3, [r3, #64]	@ 0x40
 8001160:	f003 0310 	and.w	r3, r3, #16
 8001164:	9301      	str	r3, [sp, #4]
 8001166:	9b01      	ldr	r3, [sp, #4]

    /* TIM6 interrupt Init */
    HAL_NVIC_SetPriority(TIM6_DAC_IRQn, 1, 0);
 8001168:	2101      	movs	r1, #1
 800116a:	2036      	movs	r0, #54	@ 0x36
 800116c:	f000 fc06 	bl	800197c <HAL_NVIC_SetPriority>
    HAL_NVIC_EnableIRQ(TIM6_DAC_IRQn);
 8001170:	2036      	movs	r0, #54	@ 0x36
 8001172:	f000 fc13 	bl	800199c <HAL_NVIC_EnableIRQ>
  /* USER CODE BEGIN TIM6_MspInit 1 */

  /* USER CODE END TIM6_MspInit 1 */
  }
}
 8001176:	b003      	add	sp, #12
 8001178:	f85d fb04 	ldr.w	pc, [sp], #4
 800117c:	40001000 	.word	0x40001000

08001180 <HAL_TIM_MspPostInit>:
void HAL_TIM_MspPostInit(TIM_HandleTypeDef* timHandle)
{
 8001180:	b500      	push	{lr}
 8001182:	b087      	sub	sp, #28

  GPIO_InitTypeDef GPIO_InitStruct = {0};
 8001184:	2300      	movs	r3, #0
 8001186:	9301      	str	r3, [sp, #4]
 8001188:	9302      	str	r3, [sp, #8]
 800118a:	9303      	str	r3, [sp, #12]
 800118c:	9304      	str	r3, [sp, #16]
 800118e:	9305      	str	r3, [sp, #20]
  if(timHandle->Instance==TIM3)
 8001190:	6802      	ldr	r2, [r0, #0]
 8001192:	4b0d      	ldr	r3, [pc, #52]	@ (80011c8 <HAL_TIM_MspPostInit+0x48>)
 8001194:	429a      	cmp	r2, r3
 8001196:	d002      	beq.n	800119e <HAL_TIM_MspPostInit+0x1e>
  /* USER CODE BEGIN TIM3_MspPostInit 1 */

  /* USER CODE END TIM3_MspPostInit 1 */
  }

}
 8001198:	b007      	add	sp, #28
 800119a:	f85d fb04 	ldr.w	pc, [sp], #4
    __HAL_RCC_GPIOB_CLK_ENABLE();
 800119e:	2300      	movs	r3, #0
 80011a0:	9300      	str	r3, [sp, #0]
 80011a2:	4b0a      	ldr	r3, [pc, #40]	@ (80011cc <HAL_TIM_MspPostInit+0x4c>)
 80011a4:	6b1a      	ldr	r2, [r3, #48]	@ 0x30
 80011a6:	f042 0202 	orr.w	r2, r2, #2
 80011aa:	631a      	str	r2, [r3, #48]	@ 0x30
 80011ac:	6b1b      	ldr	r3, [r3, #48]	@ 0x30
 80011ae:	f003 0302 	and.w	r3, r3, #2
 80011b2:	9300      	str	r3, [sp, #0]
 80011b4:	9b00      	ldr	r3, [sp, #0]
    GPIO_InitStruct.Pin = BUZZER_PWM_Pin;
 80011b6:	2302      	movs	r3, #2
 80011b8:	9301      	str	r3, [sp, #4]
    GPIO_InitStruct.Mode = GPIO_MODE_AF_PP;
 80011ba:	9302      	str	r3, [sp, #8]
    GPIO_InitStruct.Alternate = GPIO_AF2_TIM3;
 80011bc:	9305      	str	r3, [sp, #20]
    HAL_GPIO_Init(BUZZER_PWM_GPIO_Port, &GPIO_InitStruct);
 80011be:	a901      	add	r1, sp, #4
 80011c0:	4803      	ldr	r0, [pc, #12]	@ (80011d0 <HAL_TIM_MspPostInit+0x50>)
 80011c2:	f000 fdd1 	bl	8001d68 <HAL_GPIO_Init>
}
 80011c6:	e7e7      	b.n	8001198 <HAL_TIM_MspPostInit+0x18>
 80011c8:	40000400 	.word	0x40000400
 80011cc:	40023800 	.word	0x40023800
 80011d0:	40020400 	.word	0x40020400

080011d4 <MX_TIM3_Init>:
{
 80011d4:	b500      	push	{lr}
 80011d6:	b08b      	sub	sp, #44	@ 0x2c
  TIM_MasterConfigTypeDef sMasterConfig = {0};
 80011d8:	2300      	movs	r3, #0
 80011da:	9308      	str	r3, [sp, #32]
 80011dc:	9309      	str	r3, [sp, #36]	@ 0x24
  TIM_OC_InitTypeDef sConfigOC = {0};
 80011de:	9301      	str	r3, [sp, #4]
 80011e0:	9302      	str	r3, [sp, #8]
 80011e2:	9303      	str	r3, [sp, #12]
 80011e4:	9304      	str	r3, [sp, #16]
 80011e6:	9305      	str	r3, [sp, #20]
 80011e8:	9306      	str	r3, [sp, #24]
 80011ea:	9307      	str	r3, [sp, #28]
  htim3.Instance = TIM3;
 80011ec:	4819      	ldr	r0, [pc, #100]	@ (8001254 <MX_TIM3_Init+0x80>)
 80011ee:	4a1a      	ldr	r2, [pc, #104]	@ (8001258 <MX_TIM3_Init+0x84>)
 80011f0:	6002      	str	r2, [r0, #0]
  htim3.Init.Prescaler = 105-1;
 80011f2:	2268      	movs	r2, #104	@ 0x68
 80011f4:	6042      	str	r2, [r0, #4]
  htim3.Init.CounterMode = TIM_COUNTERMODE_UP;
 80011f6:	6083      	str	r3, [r0, #8]
  htim3.Init.Period = 1000-1;
 80011f8:	f240 32e7 	movw	r2, #999	@ 0x3e7
 80011fc:	60c2      	str	r2, [r0, #12]
  htim3.Init.ClockDivision = TIM_CLOCKDIVISION_DIV1;
 80011fe:	6103      	str	r3, [r0, #16]
  htim3.Init.AutoReloadPreload = TIM_AUTORELOAD_PRELOAD_DISABLE;
 8001200:	6183      	str	r3, [r0, #24]
  if (HAL_TIM_PWM_Init(&htim3) != HAL_OK)
 8001202:	f002 f98b 	bl	800351c <HAL_TIM_PWM_Init>
 8001206:	b9e0      	cbnz	r0, 8001242 <MX_TIM3_Init+0x6e>
  sMasterConfig.MasterOutputTrigger = TIM_TRGO_RESET;
 8001208:	2300      	movs	r3, #0
 800120a:	9308      	str	r3, [sp, #32]
  sMasterConfig.MasterSlaveMode = TIM_MASTERSLAVEMODE_DISABLE;
 800120c:	9309      	str	r3, [sp, #36]	@ 0x24
  if (HAL_TIMEx_MasterConfigSynchronization(&htim3, &sMasterConfig) != HAL_OK)
 800120e:	a908      	add	r1, sp, #32
 8001210:	4810      	ldr	r0, [pc, #64]	@ (8001254 <MX_TIM3_Init+0x80>)
 8001212:	f002 fb2d 	bl	8003870 <HAL_TIMEx_MasterConfigSynchronization>
 8001216:	b9b8      	cbnz	r0, 8001248 <MX_TIM3_Init+0x74>
  sConfigOC.OCMode = TIM_OCMODE_PWM1;
 8001218:	2360      	movs	r3, #96	@ 0x60
 800121a:	9301      	str	r3, [sp, #4]
  sConfigOC.Pulse = 500;
 800121c:	f44f 73fa 	mov.w	r3, #500	@ 0x1f4
 8001220:	9302      	str	r3, [sp, #8]
  sConfigOC.OCPolarity = TIM_OCPOLARITY_LOW;
 8001222:	2302      	movs	r3, #2
 8001224:	9303      	str	r3, [sp, #12]
  sConfigOC.OCFastMode = TIM_OCFAST_DISABLE;
 8001226:	2300      	movs	r3, #0
 8001228:	9305      	str	r3, [sp, #20]
  if (HAL_TIM_PWM_ConfigChannel(&htim3, &sConfigOC, TIM_CHANNEL_4) != HAL_OK)
 800122a:	220c      	movs	r2, #12
 800122c:	a901      	add	r1, sp, #4
 800122e:	4809      	ldr	r0, [pc, #36]	@ (8001254 <MX_TIM3_Init+0x80>)
 8001230:	f002 f9d8 	bl	80035e4 <HAL_TIM_PWM_ConfigChannel>
 8001234:	b958      	cbnz	r0, 800124e <MX_TIM3_Init+0x7a>
  HAL_TIM_MspPostInit(&htim3);
 8001236:	4807      	ldr	r0, [pc, #28]	@ (8001254 <MX_TIM3_Init+0x80>)
 8001238:	f7ff ffa2 	bl	8001180 <HAL_TIM_MspPostInit>
}
 800123c:	b00b      	add	sp, #44	@ 0x2c
 800123e:	f85d fb04 	ldr.w	pc, [sp], #4
    Error_Handler();
 8001242:	f7ff fd0d 	bl	8000c60 <Error_Handler>
 8001246:	e7df      	b.n	8001208 <MX_TIM3_Init+0x34>
    Error_Handler();
 8001248:	f7ff fd0a 	bl	8000c60 <Error_Handler>
 800124c:	e7e4      	b.n	8001218 <MX_TIM3_Init+0x44>
    Error_Handler();
 800124e:	f7ff fd07 	bl	8000c60 <Error_Handler>
 8001252:	e7f0      	b.n	8001236 <MX_TIM3_Init+0x62>
 8001254:	20000248 	.word	0x20000248
 8001258:	40000400 	.word	0x40000400

0800125c <ST7735_Reset>:
    100 };                  //     100 ms delay



void ST7735_Reset()
{
 800125c:	b510      	push	{r4, lr}
  HAL_GPIO_WritePin(DISPL_RST_GPIO_Port, DISPL_RST_Pin, GPIO_PIN_RESET);
 800125e:	4c09      	ldr	r4, [pc, #36]	@ (8001284 <ST7735_Reset+0x28>)
 8001260:	2200      	movs	r2, #0
 8001262:	2101      	movs	r1, #1
 8001264:	4620      	mov	r0, r4
 8001266:	f000 fe7c 	bl	8001f62 <HAL_GPIO_WritePin>
  HAL_Delay(ST7735_RESET_DELAY);
 800126a:	2005      	movs	r0, #5
 800126c:	f000 fb1e 	bl	80018ac <HAL_Delay>
  HAL_GPIO_WritePin(DISPL_RST_GPIO_Port, DISPL_RST_Pin, GPIO_PIN_SET);
 8001270:	2201      	movs	r2, #1
 8001272:	4611      	mov	r1, r2
 8001274:	4620      	mov	r0, r4
 8001276:	f000 fe74 	bl	8001f62 <HAL_GPIO_WritePin>
  HAL_Delay(ST7735_RESET_DELAY);
 800127a:	2005      	movs	r0, #5
 800127c:	f000 fb16 	bl	80018ac <HAL_Delay>
}
 8001280:	bd10      	pop	{r4, pc}
 8001282:	bf00      	nop
 8001284:	40020400 	.word	0x40020400

08001288 <Displ_Transmit>:
 * @PARAM	DC_Status 	indicates if sending command or data
 * 			data		buffer data to send
 * 			dataSize	number of bytes in "data" to be sent
 * 			isTouchGFXBuffer 1 only when called by touchgfxDisplayDriverTransmitBlock (for byte endian conversion). All other cases 0
***************************/
void Displ_Transmit(GPIO_PinState DC_Status, uint8_t* data, uint16_t dataSize, uint8_t isTouchGFXBuffer ){
 8001288:	b5f8      	push	{r3, r4, r5, r6, r7, lr}
 800128a:	460d      	mov	r5, r1
 800128c:	4616      	mov	r6, r2
 800128e:	461f      	mov	r7, r3
//void Displ_Transmit(GPIO_PinState DC_Status, uint8_t* data, uint16_t dataSize ){

	while (!dispSpiAvailable) {};  // waiting for a free SPI port. Flag is set to 1 by transmission-complete interrupt callback
 8001290:	4c0d      	ldr	r4, [pc, #52]	@ (80012c8 <Displ_Transmit+0x40>)
 8001292:	6824      	ldr	r4, [r4, #0]
 8001294:	2c00      	cmp	r4, #0
 8001296:	d0fb      	beq.n	8001290 <Displ_Transmit+0x8>

HAL_GPIO_WritePin(DISPL_DC_GPIO_Port, DISPL_DC_Pin, DC_Status);
 8001298:	4602      	mov	r2, r0
 800129a:	2120      	movs	r1, #32
 800129c:	480b      	ldr	r0, [pc, #44]	@ (80012cc <Displ_Transmit+0x44>)
 800129e:	f000 fe60 	bl	8001f62 <HAL_GPIO_WritePin>

	if (isTouchGFXBuffer){
 80012a2:	b147      	cbz	r7, 80012b6 <Displ_Transmit+0x2e>
		uint32_t *limit=(uint32_t*)(data+dataSize);
 80012a4:	19ac      	adds	r4, r5, r6
		for (uint32_t *data32=(uint32_t*)data; data32<limit; data32++) {
 80012a6:	462b      	mov	r3, r5
 80012a8:	42a3      	cmp	r3, r4
 80012aa:	d204      	bcs.n	80012b6 <Displ_Transmit+0x2e>
			*data32=__REV16(*data32);
 80012ac:	6818      	ldr	r0, [r3, #0]
  __ASM ("rev16 %0, %1" : __CMSIS_GCC_OUT_REG (result) : __CMSIS_GCC_USE_REG (value) );
 80012ae:	ba40      	rev16	r0, r0
 80012b0:	f843 0b04 	str.w	r0, [r3], #4
		for (uint32_t *data32=(uint32_t*)data; data32<limit; data32++) {
 80012b4:	e7f8      	b.n	80012a8 <Displ_Transmit+0x20>
		}
	}

#ifdef DISPLAY_SPI_INTERRUPT_MODE
	dispSpiAvailable=0;
 80012b6:	4b04      	ldr	r3, [pc, #16]	@ (80012c8 <Displ_Transmit+0x40>)
 80012b8:	2200      	movs	r2, #0
 80012ba:	601a      	str	r2, [r3, #0]
	HAL_SPI_Transmit_IT(&DISPLAY_SPI_PORT , data, dataSize);
 80012bc:	4632      	mov	r2, r6
 80012be:	4629      	mov	r1, r5
 80012c0:	4803      	ldr	r0, [pc, #12]	@ (80012d0 <Displ_Transmit+0x48>)
 80012c2:	f001 fda5 	bl	8002e10 <HAL_SPI_Transmit_IT>
		HAL_SPI_Transmit_DMA(&DISPLAY_SPI_PORT , data, dataSize);
	}
#endif

#endif
}
 80012c6:	bdf8      	pop	{r3, r4, r5, r6, r7, pc}
 80012c8:	20000028 	.word	0x20000028
 80012cc:	40020800 	.word	0x40020800
 80012d0:	200001a0 	.word	0x200001a0

080012d4 <Displ_WriteCommand>:

/*
 * @BRIEF	transmit a byte in a SPI_COMMAND format
 */
void Displ_WriteCommand(uint8_t cmd)
{
 80012d4:	b500      	push	{lr}
 80012d6:	b083      	sub	sp, #12
 80012d8:	f88d 0007 	strb.w	r0, [sp, #7]
	Displ_Transmit(SPI_COMMAND, &cmd, sizeof(cmd),0);
 80012dc:	2300      	movs	r3, #0
 80012de:	2201      	movs	r2, #1
 80012e0:	f10d 0107 	add.w	r1, sp, #7
 80012e4:	4618      	mov	r0, r3
 80012e6:	f7ff ffcf 	bl	8001288 <Displ_Transmit>
}
 80012ea:	b003      	add	sp, #12
 80012ec:	f85d fb04 	ldr.w	pc, [sp], #4

080012f0 <Displ_WriteData>:
 * 			dataSize	number of bytes in "data" to be sent
 * 			isTouchGFXBuffer 1 only when called by touchgfxDisplayDriverTransmitBlock (for byte endian conversion). All other cases 0
 */
//void Displ_WriteData(uint8_t* buff, size_t buff_size)
void Displ_WriteData(uint8_t* buff, size_t buff_size, uint8_t isTouchGFXBuffer){
	if (buff_size==0) return;
 80012f0:	b901      	cbnz	r1, 80012f4 <Displ_WriteData+0x4>
 80012f2:	4770      	bx	lr
void Displ_WriteData(uint8_t* buff, size_t buff_size, uint8_t isTouchGFXBuffer){
 80012f4:	b508      	push	{r3, lr}
 80012f6:	4613      	mov	r3, r2
	Displ_Transmit(SPI_DATA, buff, buff_size,isTouchGFXBuffer);
 80012f8:	b28a      	uxth	r2, r1
 80012fa:	4601      	mov	r1, r0
 80012fc:	2001      	movs	r0, #1
 80012fe:	f7ff ffc3 	bl	8001288 <Displ_Transmit>
}
 8001302:	bd08      	pop	{r3, pc}

08001304 <ST7735_InitCmds>:




void ST7735_InitCmds(const uint8_t *addr)
{
 8001304:	e92d 43f8 	stmdb	sp!, {r3, r4, r5, r6, r7, r8, r9, lr}
	uint8_t numCommands, numArgs;
	uint16_t ms;

	numCommands = *addr++;
 8001308:	4605      	mov	r5, r0
 800130a:	f815 3b01 	ldrb.w	r3, [r5], #1
	while(numCommands--) {
 800130e:	e011      	b.n	8001334 <ST7735_InitCmds+0x30>
		// If high bit set, delay follows args
		ms = numArgs & DELAY;
		numArgs &= ~DELAY;
		if(numArgs) {
			for (uint8_t k=0;k<numArgs;k++){
				Displ_WriteData((uint8_t*)addr++, 1,0);
 8001310:	1c66      	adds	r6, r4, #1
 8001312:	2200      	movs	r2, #0
 8001314:	2101      	movs	r1, #1
 8001316:	4620      	mov	r0, r4
 8001318:	f7ff ffea 	bl	80012f0 <Displ_WriteData>
			for (uint8_t k=0;k<numArgs;k++){
 800131c:	3501      	adds	r5, #1
 800131e:	b2ed      	uxtb	r5, r5
				Displ_WriteData((uint8_t*)addr++, 1,0);
 8001320:	4634      	mov	r4, r6
			for (uint8_t k=0;k<numArgs;k++){
 8001322:	454d      	cmp	r5, r9
 8001324:	d3f4      	bcc.n	8001310 <ST7735_InitCmds+0xc>
 8001326:	e012      	b.n	800134e <ST7735_InitCmds+0x4a>
 8001328:	2500      	movs	r5, #0
 800132a:	e7fa      	b.n	8001322 <ST7735_InitCmds+0x1e>
		}

		if(ms) {
			ms = *addr++;
			if(ms == ST7735_FLAG_LONG_DELAY) ms = ST7735_LONG_DELAY;
			HAL_Delay(ms);
 800132c:	f000 fabe 	bl	80018ac <HAL_Delay>
			ms = *addr++;
 8001330:	463b      	mov	r3, r7
 8001332:	4625      	mov	r5, r4
	while(numCommands--) {
 8001334:	1e5f      	subs	r7, r3, #1
 8001336:	b2ff      	uxtb	r7, r7
 8001338:	b19b      	cbz	r3, 8001362 <ST7735_InitCmds+0x5e>
		uint8_t cmd = *addr++;
 800133a:	462c      	mov	r4, r5
		Displ_WriteCommand(cmd);
 800133c:	f814 0b02 	ldrb.w	r0, [r4], #2
 8001340:	f7ff ffc8 	bl	80012d4 <Displ_WriteCommand>
		numArgs = *addr++;
 8001344:	f895 8001 	ldrb.w	r8, [r5, #1]
		if(numArgs) {
 8001348:	f018 097f 	ands.w	r9, r8, #127	@ 0x7f
 800134c:	d1ec      	bne.n	8001328 <ST7735_InitCmds+0x24>
		if(ms) {
 800134e:	f018 0f80 	tst.w	r8, #128	@ 0x80
 8001352:	d0ed      	beq.n	8001330 <ST7735_InitCmds+0x2c>
			ms = *addr++;
 8001354:	f814 0b01 	ldrb.w	r0, [r4], #1
			if(ms == ST7735_FLAG_LONG_DELAY) ms = ST7735_LONG_DELAY;
 8001358:	28ff      	cmp	r0, #255	@ 0xff
 800135a:	d1e7      	bne.n	800132c <ST7735_InitCmds+0x28>
 800135c:	f44f 70fa 	mov.w	r0, #500	@ 0x1f4
 8001360:	e7e4      	b.n	800132c <ST7735_InitCmds+0x28>
		}
	}
}
 8001362:	e8bd 83f8 	ldmia.w	sp!, {r3, r4, r5, r6, r7, r8, r9, pc}
	...

08001368 <ST7735_SetAddressWindow>:



void ST7735_SetAddressWindow(uint8_t x0, uint8_t y0, uint8_t x1, uint8_t y1)
{
 8001368:	e92d 41f0 	stmdb	sp!, {r4, r5, r6, r7, r8, lr}
 800136c:	b082      	sub	sp, #8
 800136e:	4605      	mov	r5, r0
 8001370:	460c      	mov	r4, r1
 8001372:	4690      	mov	r8, r2
 8001374:	461f      	mov	r7, r3
	// column address set
	Displ_WriteCommand(ST7735_CASET);
 8001376:	202a      	movs	r0, #42	@ 0x2a
 8001378:	f7ff ffac 	bl	80012d4 <Displ_WriteCommand>
	uint8_t data[] = { 0x00, x0 + _xstart, 0x00, x1 + _xstart };
 800137c:	2600      	movs	r6, #0
 800137e:	f88d 6004 	strb.w	r6, [sp, #4]
 8001382:	4b13      	ldr	r3, [pc, #76]	@ (80013d0 <ST7735_SetAddressWindow+0x68>)
 8001384:	7819      	ldrb	r1, [r3, #0]
 8001386:	440d      	add	r5, r1
 8001388:	f88d 5005 	strb.w	r5, [sp, #5]
 800138c:	f88d 6006 	strb.w	r6, [sp, #6]
 8001390:	4441      	add	r1, r8
 8001392:	f88d 1007 	strb.w	r1, [sp, #7]
	Displ_WriteData(data, sizeof(data),0);
 8001396:	4632      	mov	r2, r6
 8001398:	2104      	movs	r1, #4
 800139a:	eb0d 0001 	add.w	r0, sp, r1
 800139e:	f7ff ffa7 	bl	80012f0 <Displ_WriteData>

	data[1] = y0 + _ystart;
 80013a2:	4b0c      	ldr	r3, [pc, #48]	@ (80013d4 <ST7735_SetAddressWindow+0x6c>)
 80013a4:	781a      	ldrb	r2, [r3, #0]
 80013a6:	4414      	add	r4, r2
 80013a8:	f88d 4005 	strb.w	r4, [sp, #5]
	data[3] = y1 + _ystart;
 80013ac:	443a      	add	r2, r7
 80013ae:	f88d 2007 	strb.w	r2, [sp, #7]
	// row address set
	Displ_WriteCommand(ST7735_RASET);
 80013b2:	202b      	movs	r0, #43	@ 0x2b
 80013b4:	f7ff ff8e 	bl	80012d4 <Displ_WriteCommand>
	Displ_WriteData(data, sizeof(data),0);
 80013b8:	4632      	mov	r2, r6
 80013ba:	2104      	movs	r1, #4
 80013bc:	eb0d 0001 	add.w	r0, sp, r1
 80013c0:	f7ff ff96 	bl	80012f0 <Displ_WriteData>

	// write to RAM
	Displ_WriteCommand(ST7735_RAMWR);
 80013c4:	202c      	movs	r0, #44	@ 0x2c
 80013c6:	f7ff ff85 	bl	80012d4 <Displ_WriteCommand>
}
 80013ca:	b002      	add	sp, #8
 80013cc:	e8bd 81f0 	ldmia.w	sp!, {r4, r5, r6, r7, r8, pc}
 80013d0:	20001291 	.word	0x20001291
 80013d4:	20001290 	.word	0x20001290

080013d8 <ST7735_SetRotation>:




void ST7735_SetRotation(Displ_Orientat_e m){
 80013d8:	b500      	push	{lr}
 80013da:	b083      	sub	sp, #12

	uint8_t madctl = 0;
 80013dc:	2300      	movs	r3, #0
 80013de:	f88d 3007 	strb.w	r3, [sp, #7]

	switch (m){
 80013e2:	2803      	cmp	r0, #3
 80013e4:	d813      	bhi.n	800140e <ST7735_SetRotation+0x36>
 80013e6:	e8df f000 	tbb	[pc, r0]
 80013ea:	1e02      	.short	0x1e02
 80013ec:	3d2f      	.short	0x3d2f
	case Displ_Orientat_0:
#if ST7735_IS_160X80
		madctl = ST7735_MADCTL_MX | ST7735_MADCTL_MY | ST7735_MADCTL_BGR;
#else
		madctl = ST7735_MADCTL_MX | ST7735_MADCTL_MY | ST7735_MADCTL_RGB;
 80013ee:	23c0      	movs	r3, #192	@ 0xc0
 80013f0:	f88d 3007 	strb.w	r3, [sp, #7]
		_height = ST7735_HEIGHT;
 80013f4:	2380      	movs	r3, #128	@ 0x80
 80013f6:	4a24      	ldr	r2, [pc, #144]	@ (8001488 <ST7735_SetRotation+0xb0>)
 80013f8:	8013      	strh	r3, [r2, #0]
		_width = ST7735_WIDTH;
 80013fa:	4a24      	ldr	r2, [pc, #144]	@ (800148c <ST7735_SetRotation+0xb4>)
 80013fc:	8013      	strh	r3, [r2, #0]
		_xstart = _colstart;
 80013fe:	4b24      	ldr	r3, [pc, #144]	@ (8001490 <ST7735_SetRotation+0xb8>)
 8001400:	781a      	ldrb	r2, [r3, #0]
 8001402:	4b24      	ldr	r3, [pc, #144]	@ (8001494 <ST7735_SetRotation+0xbc>)
 8001404:	701a      	strb	r2, [r3, #0]
		_ystart = _rowstart;
 8001406:	4b24      	ldr	r3, [pc, #144]	@ (8001498 <ST7735_SetRotation+0xc0>)
 8001408:	781a      	ldrb	r2, [r3, #0]
 800140a:	4b24      	ldr	r3, [pc, #144]	@ (800149c <ST7735_SetRotation+0xc4>)
 800140c:	701a      	strb	r2, [r3, #0]
		_xstart = _rowstart;
#endif
		break;
	}
	//  ST7735_Select();
	Displ_WriteCommand(ST7735_MADCTL);
 800140e:	2036      	movs	r0, #54	@ 0x36
 8001410:	f7ff ff60 	bl	80012d4 <Displ_WriteCommand>
	Displ_WriteData(&madctl,1,0);
 8001414:	2200      	movs	r2, #0
 8001416:	2101      	movs	r1, #1
 8001418:	f10d 0007 	add.w	r0, sp, #7
 800141c:	f7ff ff68 	bl	80012f0 <Displ_WriteData>
	//  ST7735_Unselect();
}
 8001420:	b003      	add	sp, #12
 8001422:	f85d fb04 	ldr.w	pc, [sp], #4
		madctl = ST7735_MADCTL_MY | ST7735_MADCTL_MV | ST7735_MADCTL_RGB;
 8001426:	23a0      	movs	r3, #160	@ 0xa0
 8001428:	f88d 3007 	strb.w	r3, [sp, #7]
		_width = ST7735_HEIGHT;
 800142c:	2380      	movs	r3, #128	@ 0x80
 800142e:	4a17      	ldr	r2, [pc, #92]	@ (800148c <ST7735_SetRotation+0xb4>)
 8001430:	8013      	strh	r3, [r2, #0]
		_height = ST7735_WIDTH;
 8001432:	4a15      	ldr	r2, [pc, #84]	@ (8001488 <ST7735_SetRotation+0xb0>)
 8001434:	8013      	strh	r3, [r2, #0]
		_ystart = _colstart;
 8001436:	4b16      	ldr	r3, [pc, #88]	@ (8001490 <ST7735_SetRotation+0xb8>)
 8001438:	781a      	ldrb	r2, [r3, #0]
 800143a:	4b18      	ldr	r3, [pc, #96]	@ (800149c <ST7735_SetRotation+0xc4>)
 800143c:	701a      	strb	r2, [r3, #0]
		_xstart = _rowstart;
 800143e:	4b16      	ldr	r3, [pc, #88]	@ (8001498 <ST7735_SetRotation+0xc0>)
 8001440:	781a      	ldrb	r2, [r3, #0]
 8001442:	4b14      	ldr	r3, [pc, #80]	@ (8001494 <ST7735_SetRotation+0xbc>)
 8001444:	701a      	strb	r2, [r3, #0]
		break;
 8001446:	e7e2      	b.n	800140e <ST7735_SetRotation+0x36>
		_height = ST7735_HEIGHT;
 8001448:	2380      	movs	r3, #128	@ 0x80
 800144a:	4a0f      	ldr	r2, [pc, #60]	@ (8001488 <ST7735_SetRotation+0xb0>)
 800144c:	8013      	strh	r3, [r2, #0]
		_width = ST7735_WIDTH;
 800144e:	4a0f      	ldr	r2, [pc, #60]	@ (800148c <ST7735_SetRotation+0xb4>)
 8001450:	8013      	strh	r3, [r2, #0]
		_xstart = _colstart;
 8001452:	4b0f      	ldr	r3, [pc, #60]	@ (8001490 <ST7735_SetRotation+0xb8>)
 8001454:	781a      	ldrb	r2, [r3, #0]
 8001456:	4b0f      	ldr	r3, [pc, #60]	@ (8001494 <ST7735_SetRotation+0xbc>)
 8001458:	701a      	strb	r2, [r3, #0]
		_ystart = _rowstart;
 800145a:	4b0f      	ldr	r3, [pc, #60]	@ (8001498 <ST7735_SetRotation+0xc0>)
 800145c:	781a      	ldrb	r2, [r3, #0]
 800145e:	4b0f      	ldr	r3, [pc, #60]	@ (800149c <ST7735_SetRotation+0xc4>)
 8001460:	701a      	strb	r2, [r3, #0]
		break;
 8001462:	e7d4      	b.n	800140e <ST7735_SetRotation+0x36>
		madctl = ST7735_MADCTL_MX | ST7735_MADCTL_MV | ST7735_MADCTL_RGB;
 8001464:	2360      	movs	r3, #96	@ 0x60
 8001466:	f88d 3007 	strb.w	r3, [sp, #7]
		_width = ST7735_HEIGHT;
 800146a:	2380      	movs	r3, #128	@ 0x80
 800146c:	4a07      	ldr	r2, [pc, #28]	@ (800148c <ST7735_SetRotation+0xb4>)
 800146e:	8013      	strh	r3, [r2, #0]
		_height = ST7735_WIDTH;
 8001470:	4a05      	ldr	r2, [pc, #20]	@ (8001488 <ST7735_SetRotation+0xb0>)
 8001472:	8013      	strh	r3, [r2, #0]
		_ystart = _colstart;
 8001474:	4b06      	ldr	r3, [pc, #24]	@ (8001490 <ST7735_SetRotation+0xb8>)
 8001476:	781a      	ldrb	r2, [r3, #0]
 8001478:	4b08      	ldr	r3, [pc, #32]	@ (800149c <ST7735_SetRotation+0xc4>)
 800147a:	701a      	strb	r2, [r3, #0]
		_xstart = _rowstart;
 800147c:	4b06      	ldr	r3, [pc, #24]	@ (8001498 <ST7735_SetRotation+0xc0>)
 800147e:	781a      	ldrb	r2, [r3, #0]
 8001480:	4b04      	ldr	r3, [pc, #16]	@ (8001494 <ST7735_SetRotation+0xbc>)
 8001482:	701a      	strb	r2, [r3, #0]
		break;
 8001484:	e7c3      	b.n	800140e <ST7735_SetRotation+0x36>
 8001486:	bf00      	nop
 8001488:	20001294 	.word	0x20001294
 800148c:	20001296 	.word	0x20001296
 8001490:	20001293 	.word	0x20001293
 8001494:	20001291 	.word	0x20001291
 8001498:	20001292 	.word	0x20001292
 800149c:	20001290 	.word	0x20001290

080014a0 <ST7735_Init>:




void ST7735_Init(Displ_Orientat_e orientation)
{
 80014a0:	b510      	push	{r4, lr}
 80014a2:	4604      	mov	r4, r0
	ST7735_Reset();
 80014a4:	f7ff feda 	bl	800125c <ST7735_Reset>
	ST7735_InitCmds(init_cmds1);
 80014a8:	4809      	ldr	r0, [pc, #36]	@ (80014d0 <ST7735_Init+0x30>)
 80014aa:	f7ff ff2b 	bl	8001304 <ST7735_InitCmds>
	ST7735_InitCmds(init_cmds2);
 80014ae:	4809      	ldr	r0, [pc, #36]	@ (80014d4 <ST7735_Init+0x34>)
 80014b0:	f7ff ff28 	bl	8001304 <ST7735_InitCmds>
	ST7735_InitCmds(init_cmds3);
 80014b4:	4808      	ldr	r0, [pc, #32]	@ (80014d8 <ST7735_Init+0x38>)
 80014b6:	f7ff ff25 	bl	8001304 <ST7735_InitCmds>
	uint8_t data = 0xC0;
	Displ_WriteCommand(ST7735_MADCTL);
	Displ_WriteData(&data,1);

#elif ST7735_IS_128X128
	_colstart = 2;
 80014ba:	4b08      	ldr	r3, [pc, #32]	@ (80014dc <ST7735_Init+0x3c>)
 80014bc:	2202      	movs	r2, #2
 80014be:	701a      	strb	r2, [r3, #0]
	_rowstart = 3;
 80014c0:	4b07      	ldr	r3, [pc, #28]	@ (80014e0 <ST7735_Init+0x40>)
 80014c2:	2203      	movs	r2, #3
 80014c4:	701a      	strb	r2, [r3, #0]
#else
	_colstart = 0;
	_rowstart = 0;
#endif
	ST7735_SetRotation (orientation);
 80014c6:	4620      	mov	r0, r4
 80014c8:	f7ff ff86 	bl	80013d8 <ST7735_SetRotation>

}
 80014cc:	bd10      	pop	{r4, pc}
 80014ce:	bf00      	nop
 80014d0:	08006c80 	.word	0x08006c80
 80014d4:	08006c7c 	.word	0x08006c7c
 80014d8:	08006c74 	.word	0x08006c74
 80014dc:	20001293 	.word	0x20001293
 80014e0:	20001292 	.word	0x20001292

080014e4 <Displ_FillArea>:
/*****************************
 * @brief	fill a rectangle with a color
 * @param	x, y	top left corner of the rectangle
 * 			w, h 	width and height of the rectangle
 ******************************/
void Displ_FillArea(uint16_t x, uint16_t y, uint16_t w, uint16_t h, uint16_t color) {
 80014e4:	b5f8      	push	{r3, r4, r5, r6, r7, lr}
 80014e6:	f8bd 5018 	ldrh.w	r5, [sp, #24]
	uint16_t k,x1,y1,area,times;

	uint32_t data32;

    if((x >= _width) || (y >= _height) || (w == 0) || (h == 0)) return;//
 80014ea:	4c2f      	ldr	r4, [pc, #188]	@ (80015a8 <Displ_FillArea+0xc4>)
 80014ec:	f9b4 6000 	ldrsh.w	r6, [r4]
 80014f0:	42b0      	cmp	r0, r6
 80014f2:	da56      	bge.n	80015a2 <Displ_FillArea+0xbe>
 80014f4:	4c2d      	ldr	r4, [pc, #180]	@ (80015ac <Displ_FillArea+0xc8>)
 80014f6:	f9b4 4000 	ldrsh.w	r4, [r4]
 80014fa:	42a1      	cmp	r1, r4
 80014fc:	da51      	bge.n	80015a2 <Displ_FillArea+0xbe>
 80014fe:	2a00      	cmp	r2, #0
 8001500:	d04f      	beq.n	80015a2 <Displ_FillArea+0xbe>
 8001502:	2b00      	cmp	r3, #0
 8001504:	d04d      	beq.n	80015a2 <Displ_FillArea+0xbe>

    x1=x + w - 1;
 8001506:	4402      	add	r2, r0
 8001508:	b292      	uxth	r2, r2
 800150a:	3a01      	subs	r2, #1
 800150c:	b292      	uxth	r2, r2
    if (x1 > _width) {
 800150e:	4296      	cmp	r6, r2
 8001510:	da00      	bge.n	8001514 <Displ_FillArea+0x30>
    	x1=_width;
 8001512:	b2b2      	uxth	r2, r6
    }

    y1=y + h - 1;
 8001514:	440b      	add	r3, r1
 8001516:	b29b      	uxth	r3, r3
 8001518:	3b01      	subs	r3, #1
 800151a:	b29b      	uxth	r3, r3
    if (y1 > _height) {
 800151c:	429c      	cmp	r4, r3
 800151e:	da00      	bge.n	8001522 <Displ_FillArea+0x3e>
    	y1=_height;
 8001520:	b2a3      	uxth	r3, r4
    }


	data32=(color>>8) | (color<<8) | (color<<24); 	// supposing color is 0xABCD, data32 becomes 0xCDABCDAB - set a 32 bit variable with swapped endians
 8001522:	022f      	lsls	r7, r5, #8
 8001524:	ea47 2735 	orr.w	r7, r7, r5, ror #8
    area=((y1-y+1)*(x1-x+1)); 						// area to fill in 16bit pixels
 8001528:	1a5d      	subs	r5, r3, r1
 800152a:	3501      	adds	r5, #1
 800152c:	1a14      	subs	r4, r2, r0
 800152e:	3401      	adds	r4, #1
 8001530:	fb15 f504 	smulbb	r5, r5, r4
 8001534:	b2ad      	uxth	r5, r5
	uint32_t *buf32Pos=(uint32_t *)dispBuffer; 		//dispBuffer defined in bytes, buf32Pos access it as 32 bit words
 8001536:	4c1e      	ldr	r4, [pc, #120]	@ (80015b0 <Displ_FillArea+0xcc>)
 8001538:	f8d4 c000 	ldr.w	ip, [r4]
	if (area<(SIZEBUF>>1)) 							// if area is smaller than dispBuffer
 800153c:	f5b5 6f80 	cmp.w	r5, #1024	@ 0x400
 8001540:	d203      	bcs.n	800154a <Displ_FillArea+0x66>
		times=(area>>1)+1; 							// number of times data32 has to be loaded into buffer
 8001542:	086e      	lsrs	r6, r5, #1
 8001544:	3601      	adds	r6, #1
	else
		times=(SIZEBUF>>2);  						// dispBuffer size as 32bit-words
	for (k = 0; k < times; k++)
 8001546:	2400      	movs	r4, #0
 8001548:	e006      	b.n	8001558 <Displ_FillArea+0x74>
		times=(SIZEBUF>>2);  						// dispBuffer size as 32bit-words
 800154a:	f44f 7600 	mov.w	r6, #512	@ 0x200
 800154e:	e7fa      	b.n	8001546 <Displ_FillArea+0x62>
		*(buf32Pos++)=data32; 						// loads buffer moving 32bit-words
 8001550:	f84c 7b04 	str.w	r7, [ip], #4
	for (k = 0; k < times; k++)
 8001554:	3401      	adds	r4, #1
 8001556:	b2a4      	uxth	r4, r4
 8001558:	42b4      	cmp	r4, r6
 800155a:	d3f9      	bcc.n	8001550 <Displ_FillArea+0x6c>
	times=(area>>(BUFLEVEL-1));  					//how many times buffer must be sent via SPI. It is (BUFFLEVEL-1) because area is 16-bit while dispBuffer is 8-bit
 800155c:	0aae      	lsrs	r6, r5, #10

	ST7735_SetAddressWindow(x, y, x1, y1);
 800155e:	b2db      	uxtb	r3, r3
 8001560:	b2d2      	uxtb	r2, r2
 8001562:	b2c9      	uxtb	r1, r1
 8001564:	b2c0      	uxtb	r0, r0
 8001566:	f7ff feff 	bl	8001368 <ST7735_SetAddressWindow>

	for  (k=0;k<times;k++) {
 800156a:	2400      	movs	r4, #0
 800156c:	e008      	b.n	8001580 <Displ_FillArea+0x9c>
		Displ_WriteData(dispBuffer,SIZEBUF,0);
 800156e:	2200      	movs	r2, #0
 8001570:	f44f 6100 	mov.w	r1, #2048	@ 0x800
 8001574:	4b0e      	ldr	r3, [pc, #56]	@ (80015b0 <Displ_FillArea+0xcc>)
 8001576:	6818      	ldr	r0, [r3, #0]
 8001578:	f7ff feba 	bl	80012f0 <Displ_WriteData>
	for  (k=0;k<times;k++) {
 800157c:	3401      	adds	r4, #1
 800157e:	b2a4      	uxth	r4, r4
 8001580:	42b4      	cmp	r4, r6
 8001582:	d3f4      	bcc.n	800156e <Displ_FillArea+0x8a>
	}
	Displ_WriteData(dispBuffer,(area<<1)-(times<<BUFLEVEL),0);
 8001584:	02f1      	lsls	r1, r6, #11
 8001586:	4c0a      	ldr	r4, [pc, #40]	@ (80015b0 <Displ_FillArea+0xcc>)
 8001588:	2200      	movs	r2, #0
 800158a:	ebc1 0145 	rsb	r1, r1, r5, lsl #1
 800158e:	6820      	ldr	r0, [r4, #0]
 8001590:	f7ff feae 	bl	80012f0 <Displ_WriteData>
	dispBuffer = (dispBuffer==dispBuffer1 ? dispBuffer2 : dispBuffer1); // swapping buffer
 8001594:	6822      	ldr	r2, [r4, #0]
 8001596:	4b07      	ldr	r3, [pc, #28]	@ (80015b4 <Displ_FillArea+0xd0>)
 8001598:	429a      	cmp	r2, r3
 800159a:	d003      	beq.n	80015a4 <Displ_FillArea+0xc0>
 800159c:	4a05      	ldr	r2, [pc, #20]	@ (80015b4 <Displ_FillArea+0xd0>)
 800159e:	4b04      	ldr	r3, [pc, #16]	@ (80015b0 <Displ_FillArea+0xcc>)
 80015a0:	601a      	str	r2, [r3, #0]

}
 80015a2:	bdf8      	pop	{r3, r4, r5, r6, r7, pc}
	dispBuffer = (dispBuffer==dispBuffer1 ? dispBuffer2 : dispBuffer1); // swapping buffer
 80015a4:	4a04      	ldr	r2, [pc, #16]	@ (80015b8 <Displ_FillArea+0xd4>)
 80015a6:	e7fa      	b.n	800159e <Displ_FillArea+0xba>
 80015a8:	20001296 	.word	0x20001296
 80015ac:	20001294 	.word	0x20001294
 80015b0:	20000024 	.word	0x20000024
 80015b4:	20000a90 	.word	0x20000a90
 80015b8:	20000290 	.word	0x20000290

080015bc <Displ_WChar>:
 * @brief	display one character on the display
 * @param 	x,y: top left corner of the character to be printed
 * 			ch, font, color, bgcolor: as per parameter name
 * 			size: (1 or 2) single or double wided printing
 **********************/
void Displ_WChar(uint16_t x, uint16_t y, char ch, sFONT font, uint8_t size, uint16_t color, uint16_t bgcolor) {
 80015bc:	b082      	sub	sp, #8
 80015be:	e92d 4ff0 	stmdb	sp!, {r4, r5, r6, r7, r8, r9, sl, fp, lr}
 80015c2:	b085      	sub	sp, #20
 80015c4:	9000      	str	r0, [sp, #0]
 80015c6:	9101      	str	r1, [sp, #4]
 80015c8:	4615      	mov	r5, r2
 80015ca:	930f      	str	r3, [sp, #60]	@ 0x3c
 80015cc:	f89d e048 	ldrb.w	lr, [sp, #72]	@ 0x48
 80015d0:	f8bd 604c 	ldrh.w	r6, [sp, #76]	@ 0x4c
 80015d4:	f8bd 4050 	ldrh.w	r4, [sp, #80]	@ 0x50
    uint32_t i, b, bytes, j, bufSize, mask;
    uint16_t *dispBuffer16=(uint16_t *)dispBuffer;
 80015d8:	4b49      	ldr	r3, [pc, #292]	@ (8001700 <Displ_WChar+0x144>)
 80015da:	6818      	ldr	r0, [r3, #0]

    const uint8_t *pos;
	uint8_t wsize=font.Width; //printing char width
 80015dc:	f8bd c040 	ldrh.w	ip, [sp, #64]	@ 0x40
 80015e0:	fa5f f18c 	uxtb.w	r1, ip
	uint16_t color1, bgcolor1;

	if (size==2)
 80015e4:	f1be 0f02 	cmp.w	lr, #2
 80015e8:	d01e      	beq.n	8001628 <Displ_WChar+0x6c>
		wsize<<= 1;
	bufSize=0;
	bytes=font.Height * font.Size ;
 80015ea:	f8bd 2042 	ldrh.w	r2, [sp, #66]	@ 0x42
 80015ee:	f89d 9044 	ldrb.w	r9, [sp, #68]	@ 0x44
 80015f2:	fb09 fb02 	mul.w	fp, r9, r2
	pos=font.table+(ch - 32) * bytes ;//that's char position in table
 80015f6:	3d20      	subs	r5, #32
 80015f8:	9b0f      	ldr	r3, [sp, #60]	@ 0x3c
 80015fa:	fb0b 3a05 	mla	sl, fp, r5, r3
	switch (font.Size) {
 80015fe:	f1b9 0f02 	cmp.w	r9, #2
 8001602:	d014      	beq.n	800162e <Displ_WChar+0x72>
 8001604:	f1b9 0f03 	cmp.w	r9, #3
 8001608:	d114      	bne.n	8001634 <Displ_WChar+0x78>
 800160a:	f44f 0500 	mov.w	r5, #8388608	@ 0x800000
			break;
		default:
			mask=0x80;
	}
	
	color1 = ((color & 0xFF)<<8 | (color >> 8));      		//swapping byte endian: STM32 is little endian, ST7735 is big endian
 800160e:	0237      	lsls	r7, r6, #8
 8001610:	ea47 2716 	orr.w	r7, r7, r6, lsr #8
 8001614:	b2bf      	uxth	r7, r7
	bgcolor1 = ((bgcolor & 0xFF)<<8 | (bgcolor >> 8));		//swapping byte endian: STM32 is little endian, ST7735 is big endian
 8001616:	0226      	lsls	r6, r4, #8
 8001618:	ea46 2614 	orr.w	r6, r6, r4, lsr #8
 800161c:	b2b6      	uxth	r6, r6
	bufSize=0;
 800161e:	2400      	movs	r4, #0

	for(i = 0; i < (bytes); i+=font.Size){
 8001620:	46a0      	mov	r8, r4
 8001622:	9202      	str	r2, [sp, #8]
 8001624:	9103      	str	r1, [sp, #12]
 8001626:	e031      	b.n	800168c <Displ_WChar+0xd0>
		wsize<<= 1;
 8001628:	004b      	lsls	r3, r1, #1
 800162a:	b2d9      	uxtb	r1, r3
 800162c:	e7dd      	b.n	80015ea <Displ_WChar+0x2e>
			mask=0x8000;
 800162e:	f44f 4500 	mov.w	r5, #32768	@ 0x8000
 8001632:	e7ec      	b.n	800160e <Displ_WChar+0x52>
			mask=0x80;
 8001634:	2580      	movs	r5, #128	@ 0x80
 8001636:	e7ea      	b.n	800160e <Displ_WChar+0x52>
		switch (font.Size) {
			case 3:
				b=pos[i]<<16 | pos[i+1]<<8 | pos[i+2];
				break;
			case 2:
				b=pos[i]<<8 | pos[i+1];
 8001638:	f81a 3008 	ldrb.w	r3, [sl, r8]
 800163c:	eb0a 0208 	add.w	r2, sl, r8
 8001640:	7851      	ldrb	r1, [r2, #1]
 8001642:	ea41 2103 	orr.w	r1, r1, r3, lsl #8
				break;
 8001646:	e033      	b.n	80016b0 <Displ_WChar+0xf4>
			default:
				b=pos[i];
 8001648:	f81a 1008 	ldrb.w	r1, [sl, r8]
 800164c:	e030      	b.n	80016b0 <Displ_WChar+0xf4>

		for(j = 0; j < font.Width; j++) {
			if((b << j) & mask)  {
				dispBuffer16[bufSize++] = color1;
				if (size==2){
					dispBuffer16[bufSize++] = color1;
 800164e:	3402      	adds	r4, #2
 8001650:	f820 7012 	strh.w	r7, [r0, r2, lsl #1]
 8001654:	e006      	b.n	8001664 <Displ_WChar+0xa8>
				}
			} else {
				dispBuffer16[bufSize++] = bgcolor1;
 8001656:	1c62      	adds	r2, r4, #1
 8001658:	f820 6014 	strh.w	r6, [r0, r4, lsl #1]
				if (size==2) {
 800165c:	f1be 0f02 	cmp.w	lr, #2
 8001660:	d00f      	beq.n	8001682 <Displ_WChar+0xc6>
				dispBuffer16[bufSize++] = bgcolor1;
 8001662:	4614      	mov	r4, r2
		for(j = 0; j < font.Width; j++) {
 8001664:	3301      	adds	r3, #1
 8001666:	459c      	cmp	ip, r3
 8001668:	d90f      	bls.n	800168a <Displ_WChar+0xce>
			if((b << j) & mask)  {
 800166a:	fa01 f203 	lsl.w	r2, r1, r3
 800166e:	422a      	tst	r2, r5
 8001670:	d0f1      	beq.n	8001656 <Displ_WChar+0x9a>
				dispBuffer16[bufSize++] = color1;
 8001672:	1c62      	adds	r2, r4, #1
 8001674:	f820 7014 	strh.w	r7, [r0, r4, lsl #1]
				if (size==2){
 8001678:	f1be 0f02 	cmp.w	lr, #2
 800167c:	d0e7      	beq.n	800164e <Displ_WChar+0x92>
				dispBuffer16[bufSize++] = color1;
 800167e:	4614      	mov	r4, r2
 8001680:	e7f0      	b.n	8001664 <Displ_WChar+0xa8>
					dispBuffer16[bufSize++] = bgcolor1;
 8001682:	3402      	adds	r4, #2
 8001684:	f820 6012 	strh.w	r6, [r0, r2, lsl #1]
 8001688:	e7ec      	b.n	8001664 <Displ_WChar+0xa8>
	for(i = 0; i < (bytes); i+=font.Size){
 800168a:	44c8      	add	r8, r9
 800168c:	45d8      	cmp	r8, fp
 800168e:	d211      	bcs.n	80016b4 <Displ_WChar+0xf8>
		switch (font.Size) {
 8001690:	f1b9 0f02 	cmp.w	r9, #2
 8001694:	d0d0      	beq.n	8001638 <Displ_WChar+0x7c>
 8001696:	f1b9 0f03 	cmp.w	r9, #3
 800169a:	d1d5      	bne.n	8001648 <Displ_WChar+0x8c>
				b=pos[i]<<16 | pos[i+1]<<8 | pos[i+2];
 800169c:	f81a 2008 	ldrb.w	r2, [sl, r8]
 80016a0:	eb0a 0308 	add.w	r3, sl, r8
 80016a4:	7859      	ldrb	r1, [r3, #1]
 80016a6:	0209      	lsls	r1, r1, #8
 80016a8:	ea41 4102 	orr.w	r1, r1, r2, lsl #16
 80016ac:	789b      	ldrb	r3, [r3, #2]
 80016ae:	4319      	orrs	r1, r3
		for(j = 0; j < font.Width; j++) {
 80016b0:	2300      	movs	r3, #0
 80016b2:	e7d8      	b.n	8001666 <Displ_WChar+0xaa>
				}
			}
		}
	}
	ST7735_SetAddressWindow(x, y, x+wsize-1, y+font.Height-1);
 80016b4:	9a02      	ldr	r2, [sp, #8]
 80016b6:	9903      	ldr	r1, [sp, #12]
 80016b8:	f89d 0000 	ldrb.w	r0, [sp]
 80016bc:	f89d 6004 	ldrb.w	r6, [sp, #4]
 80016c0:	1845      	adds	r5, r0, r1
 80016c2:	b2ed      	uxtb	r5, r5
 80016c4:	18b3      	adds	r3, r6, r2
 80016c6:	b2db      	uxtb	r3, r3
 80016c8:	3b01      	subs	r3, #1
 80016ca:	1e6a      	subs	r2, r5, #1
 80016cc:	b2db      	uxtb	r3, r3
 80016ce:	b2d2      	uxtb	r2, r2
 80016d0:	4631      	mov	r1, r6
 80016d2:	f7ff fe49 	bl	8001368 <ST7735_SetAddressWindow>
	Displ_WriteData(dispBuffer,bufSize<<1,0);
 80016d6:	4d0a      	ldr	r5, [pc, #40]	@ (8001700 <Displ_WChar+0x144>)
 80016d8:	2200      	movs	r2, #0
 80016da:	0061      	lsls	r1, r4, #1
 80016dc:	6828      	ldr	r0, [r5, #0]
 80016de:	f7ff fe07 	bl	80012f0 <Displ_WriteData>
	dispBuffer = (dispBuffer==dispBuffer1 ? dispBuffer2 : dispBuffer1); // swapping buffer
 80016e2:	682a      	ldr	r2, [r5, #0]
 80016e4:	4b07      	ldr	r3, [pc, #28]	@ (8001704 <Displ_WChar+0x148>)
 80016e6:	429a      	cmp	r2, r3
 80016e8:	d007      	beq.n	80016fa <Displ_WChar+0x13e>
 80016ea:	4a06      	ldr	r2, [pc, #24]	@ (8001704 <Displ_WChar+0x148>)
 80016ec:	4b04      	ldr	r3, [pc, #16]	@ (8001700 <Displ_WChar+0x144>)
 80016ee:	601a      	str	r2, [r3, #0]


}
 80016f0:	b005      	add	sp, #20
 80016f2:	e8bd 4ff0 	ldmia.w	sp!, {r4, r5, r6, r7, r8, r9, sl, fp, lr}
 80016f6:	b002      	add	sp, #8
 80016f8:	4770      	bx	lr
	dispBuffer = (dispBuffer==dispBuffer1 ? dispBuffer2 : dispBuffer1); // swapping buffer
 80016fa:	4a03      	ldr	r2, [pc, #12]	@ (8001708 <Displ_WChar+0x14c>)
 80016fc:	e7f6      	b.n	80016ec <Displ_WChar+0x130>
 80016fe:	bf00      	nop
 8001700:	20000024 	.word	0x20000024
 8001704:	20000a90 	.word	0x20000a90
 8001708:	20000290 	.word	0x20000290

0800170c <Displ_WString>:
 * 			font	to bu used
 * 			size	1 (normal), 2 (double width)
 * 			color	font color
 * 			bgcolor	background color
 ************************/
void Displ_WString(uint16_t x, uint16_t y, const char* str, sFONT font, uint8_t size, uint16_t color, uint16_t bgcolor) {
 800170c:	b082      	sub	sp, #8
 800170e:	e92d 47f0 	stmdb	sp!, {r4, r5, r6, r7, r8, r9, sl, lr}
 8001712:	b086      	sub	sp, #24
 8001714:	4604      	mov	r4, r0
 8001716:	460f      	mov	r7, r1
 8001718:	4615      	mov	r5, r2
 800171a:	930f      	str	r3, [sp, #60]	@ 0x3c
 800171c:	f89d 8048 	ldrb.w	r8, [sp, #72]	@ 0x48
 8001720:	f8bd 904c 	ldrh.w	r9, [sp, #76]	@ 0x4c
 8001724:	f8bd a050 	ldrh.w	sl, [sp, #80]	@ 0x50
	uint16_t delta=font.Width;
 8001728:	f8bd 6040 	ldrh.w	r6, [sp, #64]	@ 0x40
	if (size>1)
 800172c:	f1b8 0f01 	cmp.w	r8, #1
 8001730:	d915      	bls.n	800175e <Displ_WString+0x52>
		delta<<=1;
 8001732:	0076      	lsls	r6, r6, #1
 8001734:	b2b6      	uxth	r6, r6
 8001736:	e012      	b.n	800175e <Displ_WString+0x52>
                continue;
            }
        }
 */

        Displ_WChar(x, y, *str, font, size, color, bgcolor);
 8001738:	f8cd a010 	str.w	sl, [sp, #16]
 800173c:	f8cd 900c 	str.w	r9, [sp, #12]
 8001740:	f8cd 8008 	str.w	r8, [sp, #8]
 8001744:	ab10      	add	r3, sp, #64	@ 0x40
 8001746:	e893 0003 	ldmia.w	r3, {r0, r1}
 800174a:	e88d 0003 	stmia.w	sp, {r0, r1}
 800174e:	9b0f      	ldr	r3, [sp, #60]	@ 0x3c
 8001750:	4639      	mov	r1, r7
 8001752:	4620      	mov	r0, r4
 8001754:	f7ff ff32 	bl	80015bc <Displ_WChar>
        x += delta;
 8001758:	4434      	add	r4, r6
 800175a:	b2a4      	uxth	r4, r4
        str++;
 800175c:	3501      	adds	r5, #1
    while(*str) {
 800175e:	782a      	ldrb	r2, [r5, #0]
 8001760:	2a00      	cmp	r2, #0
 8001762:	d1e9      	bne.n	8001738 <Displ_WString+0x2c>
    }
}
 8001764:	b006      	add	sp, #24
 8001766:	e8bd 47f0 	ldmia.w	sp!, {r4, r5, r6, r7, r8, r9, sl, lr}
 800176a:	b002      	add	sp, #8
 800176c:	4770      	bx	lr

0800176e <Displ_Init>:

/*****************
 * @brief	first display initialization.
 * @param	orientation: display orientation
 *****************/
void Displ_Init(Displ_Orientat_e orientation){
 800176e:	b508      	push	{r3, lr}
	ST7735_Init(orientation);
 8001770:	f7ff fe96 	bl	80014a0 <ST7735_Init>
}
 8001774:	bd08      	pop	{r3, pc}
	...

08001778 <Displ_CLS>:

/*****************
 * @brief	clear display with a color.
 * @param	bgcolor
 *****************/
void Displ_CLS(uint16_t bgcolor){
 8001778:	b500      	push	{lr}
 800177a:	b083      	sub	sp, #12
	Displ_FillArea(0, 0, _width, _height, bgcolor);
 800177c:	9000      	str	r0, [sp, #0]
 800177e:	4b05      	ldr	r3, [pc, #20]	@ (8001794 <Displ_CLS+0x1c>)
 8001780:	881b      	ldrh	r3, [r3, #0]
 8001782:	4a05      	ldr	r2, [pc, #20]	@ (8001798 <Displ_CLS+0x20>)
 8001784:	8812      	ldrh	r2, [r2, #0]
 8001786:	2100      	movs	r1, #0
 8001788:	4608      	mov	r0, r1
 800178a:	f7ff feab 	bl	80014e4 <Displ_FillArea>
}
 800178e:	b003      	add	sp, #12
 8001790:	f85d fb04 	ldr.w	pc, [sp], #4
 8001794:	20001294 	.word	0x20001294
 8001798:	20001296 	.word	0x20001296

0800179c <HAL_SPI_ErrorCallback>:



void HAL_SPI_ErrorCallback(SPI_HandleTypeDef *hspi)
{
	__NOP();
 800179c:	bf00      	nop
	if (hspi->Instance==DISPLAY_SPI) {
 800179e:	6802      	ldr	r2, [r0, #0]
 80017a0:	4b03      	ldr	r3, [pc, #12]	@ (80017b0 <HAL_SPI_ErrorCallback+0x14>)
 80017a2:	429a      	cmp	r2, r3
 80017a4:	d000      	beq.n	80017a8 <HAL_SPI_ErrorCallback+0xc>
		dispSpiAvailable=1;
	}
}
 80017a6:	4770      	bx	lr
		dispSpiAvailable=1;
 80017a8:	4b02      	ldr	r3, [pc, #8]	@ (80017b4 <HAL_SPI_ErrorCallback+0x18>)
 80017aa:	2201      	movs	r2, #1
 80017ac:	601a      	str	r2, [r3, #0]
}
 80017ae:	e7fa      	b.n	80017a6 <HAL_SPI_ErrorCallback+0xa>
 80017b0:	40013000 	.word	0x40013000
 80017b4:	20000028 	.word	0x20000028

080017b8 <HAL_SPI_TxCpltCallback>:




void HAL_SPI_TxCpltCallback(SPI_HandleTypeDef *hspi) {
	if (hspi->Instance==DISPLAY_SPI) {
 80017b8:	6802      	ldr	r2, [r0, #0]
 80017ba:	4b04      	ldr	r3, [pc, #16]	@ (80017cc <HAL_SPI_TxCpltCallback+0x14>)
 80017bc:	429a      	cmp	r2, r3
 80017be:	d000      	beq.n	80017c2 <HAL_SPI_TxCpltCallback+0xa>
		dispSpiAvailable=1;
#ifdef DISPLAY_USING_TOUCHGFX
		DisplayDriver_TransferCompleteCallback();
#endif
	}
}
 80017c0:	4770      	bx	lr
		dispSpiAvailable=1;
 80017c2:	4b03      	ldr	r3, [pc, #12]	@ (80017d0 <HAL_SPI_TxCpltCallback+0x18>)
 80017c4:	2201      	movs	r2, #1
 80017c6:	601a      	str	r2, [r3, #0]
}
 80017c8:	e7fa      	b.n	80017c0 <HAL_SPI_TxCpltCallback+0x8>
 80017ca:	bf00      	nop
 80017cc:	40013000 	.word	0x40013000
 80017d0:	20000028 	.word	0x20000028

080017d4 <Displ_BackLight>:
 *				'0'		set the display level to 0 (off)
 *				'I'		'Initialize'. If dimming mode, IT MUST BE run on startup
 *              'Q'		do nothing, just return current level
 * @return		current backlight level
 **************************************/
uint32_t  Displ_BackLight(uint8_t cmd) {
 80017d4:	b508      	push	{r3, lr}

#ifdef DISPLAY_DIMMING_MODE
	static uint16_t memCCR1=0;  			//it stores CCR1 value while in stand-by
#endif

	switch (cmd) {
 80017d6:	2831      	cmp	r0, #49	@ 0x31
 80017d8:	d009      	beq.n	80017ee <Displ_BackLight+0x1a>
 80017da:	2846      	cmp	r0, #70	@ 0x46
 80017dc:	d007      	beq.n	80017ee <Displ_BackLight+0x1a>
 80017de:	2830      	cmp	r0, #48	@ 0x30
 80017e0:	d10a      	bne.n	80017f8 <Displ_BackLight+0x24>
	case 'F':
	case '1':
		HAL_GPIO_WritePin(DISPL_LED_GPIO_Port, DISPL_LED_Pin, GPIO_PIN_SET);
		break;
	case '0':
		HAL_GPIO_WritePin(DISPL_LED_GPIO_Port, DISPL_LED_Pin, GPIO_PIN_RESET);
 80017e2:	2200      	movs	r2, #0
 80017e4:	2110      	movs	r1, #16
 80017e6:	4807      	ldr	r0, [pc, #28]	@ (8001804 <Displ_BackLight+0x30>)
 80017e8:	f000 fbbb 	bl	8001f62 <HAL_GPIO_WritePin>
		break;
 80017ec:	e004      	b.n	80017f8 <Displ_BackLight+0x24>
		HAL_GPIO_WritePin(DISPL_LED_GPIO_Port, DISPL_LED_Pin, GPIO_PIN_SET);
 80017ee:	2201      	movs	r2, #1
 80017f0:	2110      	movs	r1, #16
 80017f2:	4804      	ldr	r0, [pc, #16]	@ (8001804 <Displ_BackLight+0x30>)
 80017f4:	f000 fbb5 	bl	8001f62 <HAL_GPIO_WritePin>
		break;
	default:
		break;
	}
#ifndef DISPLAY_DIMMING_MODE
	return HAL_GPIO_ReadPin(DISPL_LED_GPIO_Port, DISPL_LED_Pin);
 80017f8:	2110      	movs	r1, #16
 80017fa:	4802      	ldr	r0, [pc, #8]	@ (8001804 <Displ_BackLight+0x30>)
 80017fc:	f000 fbaa 	bl	8001f54 <HAL_GPIO_ReadPin>
#else
	return (BKLIT_TIMER->BKLIT_CCR);
#endif
}
 8001800:	bd08      	pop	{r3, pc}
 8001802:	bf00      	nop
 8001804:	40020800 	.word	0x40020800

08001808 <HAL_InitTick>:
  *       implementation  in user file.
  * @param TickPriority Tick interrupt priority.
  * @retval HAL status
  */
__weak HAL_StatusTypeDef HAL_InitTick(uint32_t TickPriority)
{
 8001808:	b510      	push	{r4, lr}
 800180a:	4604      	mov	r4, r0
  /* Configure the SysTick to have interrupt in 1ms time basis*/
  if (HAL_SYSTICK_Config(SystemCoreClock / (1000U / uwTickFreq)) > 0U)
 800180c:	4b0e      	ldr	r3, [pc, #56]	@ (8001848 <HAL_InitTick+0x40>)
 800180e:	781a      	ldrb	r2, [r3, #0]
 8001810:	f44f 737a 	mov.w	r3, #1000	@ 0x3e8
 8001814:	fbb3 f3f2 	udiv	r3, r3, r2
 8001818:	4a0c      	ldr	r2, [pc, #48]	@ (800184c <HAL_InitTick+0x44>)
 800181a:	6810      	ldr	r0, [r2, #0]
 800181c:	fbb0 f0f3 	udiv	r0, r0, r3
 8001820:	f000 f8c0 	bl	80019a4 <HAL_SYSTICK_Config>
 8001824:	b968      	cbnz	r0, 8001842 <HAL_InitTick+0x3a>
  {
    return HAL_ERROR;
  }

  /* Configure the SysTick IRQ priority */
  if (TickPriority < (1UL << __NVIC_PRIO_BITS))
 8001826:	2c0f      	cmp	r4, #15
 8001828:	d901      	bls.n	800182e <HAL_InitTick+0x26>
    HAL_NVIC_SetPriority(SysTick_IRQn, TickPriority, 0U);
    uwTickPrio = TickPriority;
  }
  else
  {
    return HAL_ERROR;
 800182a:	2001      	movs	r0, #1
 800182c:	e00a      	b.n	8001844 <HAL_InitTick+0x3c>
    HAL_NVIC_SetPriority(SysTick_IRQn, TickPriority, 0U);
 800182e:	2200      	movs	r2, #0
 8001830:	4621      	mov	r1, r4
 8001832:	f04f 30ff 	mov.w	r0, #4294967295
 8001836:	f000 f8a1 	bl	800197c <HAL_NVIC_SetPriority>
    uwTickPrio = TickPriority;
 800183a:	4b05      	ldr	r3, [pc, #20]	@ (8001850 <HAL_InitTick+0x48>)
 800183c:	601c      	str	r4, [r3, #0]
  }

  /* Return function status */
  return HAL_OK;
 800183e:	2000      	movs	r0, #0
 8001840:	e000      	b.n	8001844 <HAL_InitTick+0x3c>
    return HAL_ERROR;
 8001842:	2001      	movs	r0, #1
}
 8001844:	bd10      	pop	{r4, pc}
 8001846:	bf00      	nop
 8001848:	2000002c 	.word	0x2000002c
 800184c:	20000020 	.word	0x20000020
 8001850:	20000030 	.word	0x20000030

08001854 <HAL_Init>:
{
 8001854:	b508      	push	{r3, lr}
  __HAL_FLASH_INSTRUCTION_CACHE_ENABLE();
 8001856:	4b0b      	ldr	r3, [pc, #44]	@ (8001884 <HAL_Init+0x30>)
 8001858:	681a      	ldr	r2, [r3, #0]
 800185a:	f442 7200 	orr.w	r2, r2, #512	@ 0x200
 800185e:	601a      	str	r2, [r3, #0]
  __HAL_FLASH_DATA_CACHE_ENABLE();
 8001860:	681a      	ldr	r2, [r3, #0]
 8001862:	f442 6280 	orr.w	r2, r2, #1024	@ 0x400
 8001866:	601a      	str	r2, [r3, #0]
  __HAL_FLASH_PREFETCH_BUFFER_ENABLE();
 8001868:	681a      	ldr	r2, [r3, #0]
 800186a:	f442 7280 	orr.w	r2, r2, #256	@ 0x100
 800186e:	601a      	str	r2, [r3, #0]
  HAL_NVIC_SetPriorityGrouping(NVIC_PRIORITYGROUP_4);
 8001870:	2003      	movs	r0, #3
 8001872:	f000 f871 	bl	8001958 <HAL_NVIC_SetPriorityGrouping>
  HAL_InitTick(TICK_INT_PRIORITY);
 8001876:	200f      	movs	r0, #15
 8001878:	f7ff ffc6 	bl	8001808 <HAL_InitTick>
  HAL_MspInit();
 800187c:	f7ff fb92 	bl	8000fa4 <HAL_MspInit>
}
 8001880:	2000      	movs	r0, #0
 8001882:	bd08      	pop	{r3, pc}
 8001884:	40023c00 	.word	0x40023c00

08001888 <HAL_IncTick>:
  *      implementations in user file.
  * @retval None
  */
__weak void HAL_IncTick(void)
{
  uwTick += uwTickFreq;
 8001888:	4a03      	ldr	r2, [pc, #12]	@ (8001898 <HAL_IncTick+0x10>)
 800188a:	6811      	ldr	r1, [r2, #0]
 800188c:	4b03      	ldr	r3, [pc, #12]	@ (800189c <HAL_IncTick+0x14>)
 800188e:	781b      	ldrb	r3, [r3, #0]
 8001890:	440b      	add	r3, r1
 8001892:	6013      	str	r3, [r2, #0]
}
 8001894:	4770      	bx	lr
 8001896:	bf00      	nop
 8001898:	20001298 	.word	0x20001298
 800189c:	2000002c 	.word	0x2000002c

080018a0 <HAL_GetTick>:
  *       implementations in user file.
  * @retval tick value
  */
__weak uint32_t HAL_GetTick(void)
{
  return uwTick;
 80018a0:	4b01      	ldr	r3, [pc, #4]	@ (80018a8 <HAL_GetTick+0x8>)
 80018a2:	6818      	ldr	r0, [r3, #0]
}
 80018a4:	4770      	bx	lr
 80018a6:	bf00      	nop
 80018a8:	20001298 	.word	0x20001298

080018ac <HAL_Delay>:
  *       implementations in user file.
  * @param Delay specifies the delay time length, in milliseconds.
  * @retval None
  */
__weak void HAL_Delay(uint32_t Delay)
{
 80018ac:	b538      	push	{r3, r4, r5, lr}
 80018ae:	4604      	mov	r4, r0
  uint32_t tickstart = HAL_GetTick();
 80018b0:	f7ff fff6 	bl	80018a0 <HAL_GetTick>
 80018b4:	4605      	mov	r5, r0
  uint32_t wait = Delay;

  /* Add a freq to guarantee minimum wait */
  if (wait < HAL_MAX_DELAY)
 80018b6:	f1b4 3fff 	cmp.w	r4, #4294967295
 80018ba:	d002      	beq.n	80018c2 <HAL_Delay+0x16>
  {
    wait += (uint32_t)(uwTickFreq);
 80018bc:	4b04      	ldr	r3, [pc, #16]	@ (80018d0 <HAL_Delay+0x24>)
 80018be:	781b      	ldrb	r3, [r3, #0]
 80018c0:	441c      	add	r4, r3
  }

  while((HAL_GetTick() - tickstart) < wait)
 80018c2:	f7ff ffed 	bl	80018a0 <HAL_GetTick>
 80018c6:	1b40      	subs	r0, r0, r5
 80018c8:	42a0      	cmp	r0, r4
 80018ca:	d3fa      	bcc.n	80018c2 <HAL_Delay+0x16>
  {
  }
}
 80018cc:	bd38      	pop	{r3, r4, r5, pc}
 80018ce:	bf00      	nop
 80018d0:	2000002c 	.word	0x2000002c

080018d4 <__NVIC_EnableIRQ>:
  \param [in]      IRQn  Device specific interrupt number.
  \note    IRQn must not be negative.
 */
__STATIC_INLINE void __NVIC_EnableIRQ(IRQn_Type IRQn)
{
  if ((int32_t)(IRQn) >= 0)
 80018d4:	2800      	cmp	r0, #0
 80018d6:	db07      	blt.n	80018e8 <__NVIC_EnableIRQ+0x14>
  {
    __COMPILER_BARRIER();
    NVIC->ISER[(((uint32_t)IRQn) >> 5UL)] = (uint32_t)(1UL << (((uint32_t)IRQn) & 0x1FUL));
 80018d8:	f000 021f 	and.w	r2, r0, #31
 80018dc:	0940      	lsrs	r0, r0, #5
 80018de:	2301      	movs	r3, #1
 80018e0:	4093      	lsls	r3, r2
 80018e2:	4a02      	ldr	r2, [pc, #8]	@ (80018ec <__NVIC_EnableIRQ+0x18>)
 80018e4:	f842 3020 	str.w	r3, [r2, r0, lsl #2]
    __COMPILER_BARRIER();
  }
}
 80018e8:	4770      	bx	lr
 80018ea:	bf00      	nop
 80018ec:	e000e100 	.word	0xe000e100

080018f0 <__NVIC_SetPriority>:
  \param [in]  priority  Priority to set.
  \note    The priority cannot be set for every processor exception.
 */
__STATIC_INLINE void __NVIC_SetPriority(IRQn_Type IRQn, uint32_t priority)
{
  if ((int32_t)(IRQn) >= 0)
 80018f0:	2800      	cmp	r0, #0
 80018f2:	db08      	blt.n	8001906 <__NVIC_SetPriority+0x16>
  {
    NVIC->IP[((uint32_t)IRQn)]               = (uint8_t)((priority << (8U - __NVIC_PRIO_BITS)) & (uint32_t)0xFFUL);
 80018f4:	0109      	lsls	r1, r1, #4
 80018f6:	b2c9      	uxtb	r1, r1
 80018f8:	f100 4060 	add.w	r0, r0, #3758096384	@ 0xe0000000
 80018fc:	f500 4061 	add.w	r0, r0, #57600	@ 0xe100
 8001900:	f880 1300 	strb.w	r1, [r0, #768]	@ 0x300
 8001904:	4770      	bx	lr
  }
  else
  {
    SCB->SHP[(((uint32_t)IRQn) & 0xFUL)-4UL] = (uint8_t)((priority << (8U - __NVIC_PRIO_BITS)) & (uint32_t)0xFFUL);
 8001906:	f000 000f 	and.w	r0, r0, #15
 800190a:	0109      	lsls	r1, r1, #4
 800190c:	b2c9      	uxtb	r1, r1
 800190e:	4b01      	ldr	r3, [pc, #4]	@ (8001914 <__NVIC_SetPriority+0x24>)
 8001910:	5419      	strb	r1, [r3, r0]
  }
}
 8001912:	4770      	bx	lr
 8001914:	e000ed14 	.word	0xe000ed14

08001918 <NVIC_EncodePriority>:
  \param [in]   PreemptPriority  Preemptive priority value (starting from 0).
  \param [in]       SubPriority  Subpriority value (starting from 0).
  \return                        Encoded priority. Value can be used in the function \ref NVIC_SetPriority().
 */
__STATIC_INLINE uint32_t NVIC_EncodePriority (uint32_t PriorityGroup, uint32_t PreemptPriority, uint32_t SubPriority)
{
 8001918:	b500      	push	{lr}
  uint32_t PriorityGroupTmp = (PriorityGroup & (uint32_t)0x07UL);   /* only values 0..7 are used          */
 800191a:	f000 0007 	and.w	r0, r0, #7
  uint32_t PreemptPriorityBits;
  uint32_t SubPriorityBits;

  PreemptPriorityBits = ((7UL - PriorityGroupTmp) > (uint32_t)(__NVIC_PRIO_BITS)) ? (uint32_t)(__NVIC_PRIO_BITS) : (uint32_t)(7UL - PriorityGroupTmp);
 800191e:	f1c0 0c07 	rsb	ip, r0, #7
 8001922:	f1bc 0f04 	cmp.w	ip, #4
 8001926:	bf28      	it	cs
 8001928:	f04f 0c04 	movcs.w	ip, #4
  SubPriorityBits     = ((PriorityGroupTmp + (uint32_t)(__NVIC_PRIO_BITS)) < (uint32_t)7UL) ? (uint32_t)0UL : (uint32_t)((PriorityGroupTmp - 7UL) + (uint32_t)(__NVIC_PRIO_BITS));
 800192c:	1d03      	adds	r3, r0, #4
 800192e:	2b06      	cmp	r3, #6
 8001930:	d90f      	bls.n	8001952 <NVIC_EncodePriority+0x3a>
 8001932:	1ec3      	subs	r3, r0, #3

  return (
           ((PreemptPriority & (uint32_t)((1UL << (PreemptPriorityBits)) - 1UL)) << SubPriorityBits) |
 8001934:	f04f 3eff 	mov.w	lr, #4294967295
 8001938:	fa0e f00c 	lsl.w	r0, lr, ip
 800193c:	ea21 0100 	bic.w	r1, r1, r0
 8001940:	4099      	lsls	r1, r3
           ((SubPriority     & (uint32_t)((1UL << (SubPriorityBits    )) - 1UL)))
 8001942:	fa0e fe03 	lsl.w	lr, lr, r3
 8001946:	ea22 020e 	bic.w	r2, r2, lr
         );
}
 800194a:	ea41 0002 	orr.w	r0, r1, r2
 800194e:	f85d fb04 	ldr.w	pc, [sp], #4
  SubPriorityBits     = ((PriorityGroupTmp + (uint32_t)(__NVIC_PRIO_BITS)) < (uint32_t)7UL) ? (uint32_t)0UL : (uint32_t)((PriorityGroupTmp - 7UL) + (uint32_t)(__NVIC_PRIO_BITS));
 8001952:	2300      	movs	r3, #0
 8001954:	e7ee      	b.n	8001934 <NVIC_EncodePriority+0x1c>
	...

08001958 <HAL_NVIC_SetPriorityGrouping>:
  reg_value  =  SCB->AIRCR;                                                   /* read old register configuration    */
 8001958:	4a07      	ldr	r2, [pc, #28]	@ (8001978 <HAL_NVIC_SetPriorityGrouping+0x20>)
 800195a:	68d3      	ldr	r3, [r2, #12]
  reg_value &= ~((uint32_t)(SCB_AIRCR_VECTKEY_Msk | SCB_AIRCR_PRIGROUP_Msk)); /* clear bits to change               */
 800195c:	f423 63e0 	bic.w	r3, r3, #1792	@ 0x700
 8001960:	041b      	lsls	r3, r3, #16
 8001962:	0c1b      	lsrs	r3, r3, #16
                (PriorityGroupTmp << SCB_AIRCR_PRIGROUP_Pos)  );              /* Insert write key and priority group */
 8001964:	0200      	lsls	r0, r0, #8
 8001966:	f400 60e0 	and.w	r0, r0, #1792	@ 0x700
                ((uint32_t)0x5FAUL << SCB_AIRCR_VECTKEY_Pos) |
 800196a:	4303      	orrs	r3, r0
  reg_value  =  (reg_value                                   |
 800196c:	f043 63bf 	orr.w	r3, r3, #100139008	@ 0x5f80000
 8001970:	f443 3300 	orr.w	r3, r3, #131072	@ 0x20000
  SCB->AIRCR =  reg_value;
 8001974:	60d3      	str	r3, [r2, #12]
  /* Check the parameters */
  assert_param(IS_NVIC_PRIORITY_GROUP(PriorityGroup));
  
  /* Set the PRIGROUP[10:8] bits according to the PriorityGroup parameter value */
  NVIC_SetPriorityGrouping(PriorityGroup);
}
 8001976:	4770      	bx	lr
 8001978:	e000ed00 	.word	0xe000ed00

0800197c <HAL_NVIC_SetPriority>:
  *         This parameter can be a value between 0 and 15
  *         A lower priority value indicates a higher priority.          
  * @retval None
  */
void HAL_NVIC_SetPriority(IRQn_Type IRQn, uint32_t PreemptPriority, uint32_t SubPriority)
{ 
 800197c:	b510      	push	{r4, lr}
 800197e:	4604      	mov	r4, r0
  return ((uint32_t)((SCB->AIRCR & SCB_AIRCR_PRIGROUP_Msk) >> SCB_AIRCR_PRIGROUP_Pos));
 8001980:	4b05      	ldr	r3, [pc, #20]	@ (8001998 <HAL_NVIC_SetPriority+0x1c>)
 8001982:	68d8      	ldr	r0, [r3, #12]
  assert_param(IS_NVIC_SUB_PRIORITY(SubPriority));
  assert_param(IS_NVIC_PREEMPTION_PRIORITY(PreemptPriority));
  
  prioritygroup = NVIC_GetPriorityGrouping();
  
  NVIC_SetPriority(IRQn, NVIC_EncodePriority(prioritygroup, PreemptPriority, SubPriority));
 8001984:	f3c0 2002 	ubfx	r0, r0, #8, #3
 8001988:	f7ff ffc6 	bl	8001918 <NVIC_EncodePriority>
 800198c:	4601      	mov	r1, r0
 800198e:	4620      	mov	r0, r4
 8001990:	f7ff ffae 	bl	80018f0 <__NVIC_SetPriority>
}
 8001994:	bd10      	pop	{r4, pc}
 8001996:	bf00      	nop
 8001998:	e000ed00 	.word	0xe000ed00

0800199c <HAL_NVIC_EnableIRQ>:
  *         This parameter can be an enumerator of IRQn_Type enumeration
  *         (For the complete STM32 Devices IRQ Channels list, please refer to the appropriate CMSIS device file (stm32f4xxxx.h))
  * @retval None
  */
void HAL_NVIC_EnableIRQ(IRQn_Type IRQn)
{
 800199c:	b508      	push	{r3, lr}
  /* Check the parameters */
  assert_param(IS_NVIC_DEVICE_IRQ(IRQn));
  
  /* Enable interrupt */
  NVIC_EnableIRQ(IRQn);
 800199e:	f7ff ff99 	bl	80018d4 <__NVIC_EnableIRQ>
}
 80019a2:	bd08      	pop	{r3, pc}

080019a4 <HAL_SYSTICK_Config>:
           function <b>SysTick_Config</b> is not included. In this case, the file <b><i>device</i>.h</b>
           must contain a vendor-specific implementation of this function.
 */
__STATIC_INLINE uint32_t SysTick_Config(uint32_t ticks)
{
  if ((ticks - 1UL) > SysTick_LOAD_RELOAD_Msk)
 80019a4:	3801      	subs	r0, #1
 80019a6:	f1b0 7f80 	cmp.w	r0, #16777216	@ 0x1000000
 80019aa:	d20b      	bcs.n	80019c4 <HAL_SYSTICK_Config+0x20>
  {
    return (1UL);                                                   /* Reload value impossible */
  }

  SysTick->LOAD  = (uint32_t)(ticks - 1UL);                         /* set reload register */
 80019ac:	f04f 23e0 	mov.w	r3, #3758153728	@ 0xe000e000
 80019b0:	6158      	str	r0, [r3, #20]
    SCB->SHP[(((uint32_t)IRQn) & 0xFUL)-4UL] = (uint8_t)((priority << (8U - __NVIC_PRIO_BITS)) & (uint32_t)0xFFUL);
 80019b2:	4a05      	ldr	r2, [pc, #20]	@ (80019c8 <HAL_SYSTICK_Config+0x24>)
 80019b4:	21f0      	movs	r1, #240	@ 0xf0
 80019b6:	f882 1023 	strb.w	r1, [r2, #35]	@ 0x23
  NVIC_SetPriority (SysTick_IRQn, (1UL << __NVIC_PRIO_BITS) - 1UL); /* set Priority for Systick Interrupt */
  SysTick->VAL   = 0UL;                                             /* Load the SysTick Counter Value */
 80019ba:	2000      	movs	r0, #0
 80019bc:	6198      	str	r0, [r3, #24]
  SysTick->CTRL  = SysTick_CTRL_CLKSOURCE_Msk |
 80019be:	2207      	movs	r2, #7
 80019c0:	611a      	str	r2, [r3, #16]
                   SysTick_CTRL_TICKINT_Msk   |
                   SysTick_CTRL_ENABLE_Msk;                         /* Enable SysTick IRQ and SysTick Timer */
  return (0UL);                                                     /* Function successful */
 80019c2:	4770      	bx	lr
    return (1UL);                                                   /* Reload value impossible */
 80019c4:	2001      	movs	r0, #1
  *                  - 1  Function failed.
  */
uint32_t HAL_SYSTICK_Config(uint32_t TicksNumb)
{
   return SysTick_Config(TicksNumb);
}
 80019c6:	4770      	bx	lr
 80019c8:	e000ed00 	.word	0xe000ed00

080019cc <DMA_CalcBaseAndBitshift>:
  * @param  hdma       pointer to a DMA_HandleTypeDef structure that contains
  *                     the configuration information for the specified DMA Stream. 
  * @retval Stream base address
  */
static uint32_t DMA_CalcBaseAndBitshift(DMA_HandleTypeDef *hdma)
{
 80019cc:	b410      	push	{r4}
  uint32_t stream_number = (((uint32_t)hdma->Instance & 0xFFU) - 16U) / 24U;
 80019ce:	6803      	ldr	r3, [r0, #0]
 80019d0:	b2d9      	uxtb	r1, r3
 80019d2:	3910      	subs	r1, #16
 80019d4:	4a0a      	ldr	r2, [pc, #40]	@ (8001a00 <DMA_CalcBaseAndBitshift+0x34>)
 80019d6:	fba2 4201 	umull	r4, r2, r2, r1
 80019da:	0912      	lsrs	r2, r2, #4
  
  /* lookup table for necessary bitshift of flags within status registers */
  static const uint8_t flagBitshiftOffset[8U] = {0U, 6U, 16U, 22U, 0U, 6U, 16U, 22U};
  hdma->StreamIndex = flagBitshiftOffset[stream_number];
 80019dc:	4c09      	ldr	r4, [pc, #36]	@ (8001a04 <DMA_CalcBaseAndBitshift+0x38>)
 80019de:	5ca2      	ldrb	r2, [r4, r2]
 80019e0:	65c2      	str	r2, [r0, #92]	@ 0x5c
  
  if (stream_number > 3U)
 80019e2:	295f      	cmp	r1, #95	@ 0x5f
 80019e4:	d907      	bls.n	80019f6 <DMA_CalcBaseAndBitshift+0x2a>
  {
    /* return pointer to HISR and HIFCR */
    hdma->StreamBaseAddress = (((uint32_t)hdma->Instance & (uint32_t)(~0x3FFU)) + 4U);
 80019e6:	f36f 0309 	bfc	r3, #0, #10
 80019ea:	3304      	adds	r3, #4
 80019ec:	6583      	str	r3, [r0, #88]	@ 0x58
    /* return pointer to LISR and LIFCR */
    hdma->StreamBaseAddress = ((uint32_t)hdma->Instance & (uint32_t)(~0x3FFU));
  }
  
  return hdma->StreamBaseAddress;
}
 80019ee:	6d80      	ldr	r0, [r0, #88]	@ 0x58
 80019f0:	f85d 4b04 	ldr.w	r4, [sp], #4
 80019f4:	4770      	bx	lr
    hdma->StreamBaseAddress = ((uint32_t)hdma->Instance & (uint32_t)(~0x3FFU));
 80019f6:	f36f 0309 	bfc	r3, #0, #10
 80019fa:	6583      	str	r3, [r0, #88]	@ 0x58
 80019fc:	e7f7      	b.n	80019ee <DMA_CalcBaseAndBitshift+0x22>
 80019fe:	bf00      	nop
 8001a00:	aaaaaaab 	.word	0xaaaaaaab
 8001a04:	08006cb8 	.word	0x08006cb8

08001a08 <DMA_CheckFifoParam>:
  * @retval HAL status
  */
static HAL_StatusTypeDef DMA_CheckFifoParam(DMA_HandleTypeDef *hdma)
{
  HAL_StatusTypeDef status = HAL_OK;
  uint32_t tmp = hdma->Init.FIFOThreshold;
 8001a08:	6a83      	ldr	r3, [r0, #40]	@ 0x28
  
  /* Memory Data size equal to Byte */
  if(hdma->Init.MemDataAlignment == DMA_MDATAALIGN_BYTE)
 8001a0a:	6982      	ldr	r2, [r0, #24]
 8001a0c:	b992      	cbnz	r2, 8001a34 <DMA_CheckFifoParam+0x2c>
  {
    switch (tmp)
 8001a0e:	2b01      	cmp	r3, #1
 8001a10:	d00a      	beq.n	8001a28 <DMA_CheckFifoParam+0x20>
 8001a12:	2b02      	cmp	r3, #2
 8001a14:	d002      	beq.n	8001a1c <DMA_CheckFifoParam+0x14>
 8001a16:	b10b      	cbz	r3, 8001a1c <DMA_CheckFifoParam+0x14>
 8001a18:	2000      	movs	r0, #0
 8001a1a:	4770      	bx	lr
    {
    case DMA_FIFO_THRESHOLD_1QUARTERFULL:
    case DMA_FIFO_THRESHOLD_3QUARTERSFULL:
      if ((hdma->Init.MemBurst & DMA_SxCR_MBURST_1) == DMA_SxCR_MBURST_1)
 8001a1c:	6ac3      	ldr	r3, [r0, #44]	@ 0x2c
 8001a1e:	f013 7f80 	tst.w	r3, #16777216	@ 0x1000000
 8001a22:	d128      	bne.n	8001a76 <DMA_CheckFifoParam+0x6e>
  HAL_StatusTypeDef status = HAL_OK;
 8001a24:	2000      	movs	r0, #0
 8001a26:	4770      	bx	lr
      {
        status = HAL_ERROR;
      }
      break;
    case DMA_FIFO_THRESHOLD_HALFFULL:
      if (hdma->Init.MemBurst == DMA_MBURST_INC16)
 8001a28:	6ac3      	ldr	r3, [r0, #44]	@ 0x2c
 8001a2a:	f1b3 7fc0 	cmp.w	r3, #25165824	@ 0x1800000
 8001a2e:	d024      	beq.n	8001a7a <DMA_CheckFifoParam+0x72>
  HAL_StatusTypeDef status = HAL_OK;
 8001a30:	2000      	movs	r0, #0
 8001a32:	4770      	bx	lr
      break;
    }
  }
  
  /* Memory Data size equal to Half-Word */
  else if (hdma->Init.MemDataAlignment == DMA_MDATAALIGN_HALFWORD)
 8001a34:	f5b2 5f00 	cmp.w	r2, #8192	@ 0x2000
 8001a38:	d009      	beq.n	8001a4e <DMA_CheckFifoParam+0x46>
  }
  
  /* Memory Data size equal to Word */
  else
  {
    switch (tmp)
 8001a3a:	2b02      	cmp	r3, #2
 8001a3c:	d925      	bls.n	8001a8a <DMA_CheckFifoParam+0x82>
 8001a3e:	2b03      	cmp	r3, #3
 8001a40:	d125      	bne.n	8001a8e <DMA_CheckFifoParam+0x86>
    case DMA_FIFO_THRESHOLD_HALFFULL:
    case DMA_FIFO_THRESHOLD_3QUARTERSFULL:
      status = HAL_ERROR;
      break;
    case DMA_FIFO_THRESHOLD_FULL:
      if ((hdma->Init.MemBurst & DMA_SxCR_MBURST_1) == DMA_SxCR_MBURST_1)
 8001a42:	6ac3      	ldr	r3, [r0, #44]	@ 0x2c
 8001a44:	f013 7f80 	tst.w	r3, #16777216	@ 0x1000000
 8001a48:	d123      	bne.n	8001a92 <DMA_CheckFifoParam+0x8a>
  HAL_StatusTypeDef status = HAL_OK;
 8001a4a:	2000      	movs	r0, #0
 8001a4c:	4770      	bx	lr
    switch (tmp)
 8001a4e:	2b03      	cmp	r3, #3
 8001a50:	d803      	bhi.n	8001a5a <DMA_CheckFifoParam+0x52>
 8001a52:	e8df f003 	tbb	[pc, r3]
 8001a56:	0414      	.short	0x0414
 8001a58:	0a14      	.short	0x0a14
 8001a5a:	2000      	movs	r0, #0
 8001a5c:	4770      	bx	lr
      if ((hdma->Init.MemBurst & DMA_SxCR_MBURST_1) == DMA_SxCR_MBURST_1)
 8001a5e:	6ac3      	ldr	r3, [r0, #44]	@ 0x2c
 8001a60:	f013 7f80 	tst.w	r3, #16777216	@ 0x1000000
 8001a64:	d10d      	bne.n	8001a82 <DMA_CheckFifoParam+0x7a>
  HAL_StatusTypeDef status = HAL_OK;
 8001a66:	2000      	movs	r0, #0
 8001a68:	4770      	bx	lr
      if (hdma->Init.MemBurst == DMA_MBURST_INC16)
 8001a6a:	6ac3      	ldr	r3, [r0, #44]	@ 0x2c
 8001a6c:	f1b3 7fc0 	cmp.w	r3, #25165824	@ 0x1800000
 8001a70:	d009      	beq.n	8001a86 <DMA_CheckFifoParam+0x7e>
  HAL_StatusTypeDef status = HAL_OK;
 8001a72:	2000      	movs	r0, #0
 8001a74:	4770      	bx	lr
        status = HAL_ERROR;
 8001a76:	2001      	movs	r0, #1
 8001a78:	4770      	bx	lr
        status = HAL_ERROR;
 8001a7a:	2001      	movs	r0, #1
 8001a7c:	4770      	bx	lr
      status = HAL_ERROR;
 8001a7e:	2001      	movs	r0, #1
 8001a80:	4770      	bx	lr
        status = HAL_ERROR;
 8001a82:	2001      	movs	r0, #1
 8001a84:	4770      	bx	lr
        status = HAL_ERROR;
 8001a86:	2001      	movs	r0, #1
 8001a88:	4770      	bx	lr
      status = HAL_ERROR;
 8001a8a:	2001      	movs	r0, #1
 8001a8c:	4770      	bx	lr
    switch (tmp)
 8001a8e:	2000      	movs	r0, #0
 8001a90:	4770      	bx	lr
      {
        status = HAL_ERROR;
 8001a92:	2001      	movs	r0, #1
      break;
    }
  } 
  
  return status; 
}
 8001a94:	4770      	bx	lr
	...

08001a98 <HAL_DMA_Init>:
{
 8001a98:	b570      	push	{r4, r5, r6, lr}
 8001a9a:	4604      	mov	r4, r0
  uint32_t tickstart = HAL_GetTick();
 8001a9c:	f7ff ff00 	bl	80018a0 <HAL_GetTick>
  if(hdma == NULL)
 8001aa0:	2c00      	cmp	r4, #0
 8001aa2:	d05b      	beq.n	8001b5c <HAL_DMA_Init+0xc4>
 8001aa4:	4605      	mov	r5, r0
  hdma->State = HAL_DMA_STATE_BUSY;
 8001aa6:	2302      	movs	r3, #2
 8001aa8:	f884 3035 	strb.w	r3, [r4, #53]	@ 0x35
  __HAL_UNLOCK(hdma);
 8001aac:	2300      	movs	r3, #0
 8001aae:	f884 3034 	strb.w	r3, [r4, #52]	@ 0x34
  __HAL_DMA_DISABLE(hdma);
 8001ab2:	6822      	ldr	r2, [r4, #0]
 8001ab4:	6813      	ldr	r3, [r2, #0]
 8001ab6:	f023 0301 	bic.w	r3, r3, #1
 8001aba:	6013      	str	r3, [r2, #0]
  while((hdma->Instance->CR & DMA_SxCR_EN) != RESET)
 8001abc:	6823      	ldr	r3, [r4, #0]
 8001abe:	681a      	ldr	r2, [r3, #0]
 8001ac0:	f012 0f01 	tst.w	r2, #1
 8001ac4:	d00a      	beq.n	8001adc <HAL_DMA_Init+0x44>
    if((HAL_GetTick() - tickstart ) > HAL_TIMEOUT_DMA_ABORT)
 8001ac6:	f7ff feeb 	bl	80018a0 <HAL_GetTick>
 8001aca:	1b43      	subs	r3, r0, r5
 8001acc:	2b05      	cmp	r3, #5
 8001ace:	d9f5      	bls.n	8001abc <HAL_DMA_Init+0x24>
      hdma->ErrorCode = HAL_DMA_ERROR_TIMEOUT;
 8001ad0:	2320      	movs	r3, #32
 8001ad2:	6563      	str	r3, [r4, #84]	@ 0x54
      hdma->State = HAL_DMA_STATE_TIMEOUT;
 8001ad4:	2003      	movs	r0, #3
 8001ad6:	f884 0035 	strb.w	r0, [r4, #53]	@ 0x35
}
 8001ada:	bd70      	pop	{r4, r5, r6, pc}
  tmp = hdma->Instance->CR;
 8001adc:	681a      	ldr	r2, [r3, #0]
  tmp &= ((uint32_t)~(DMA_SxCR_CHSEL | DMA_SxCR_MBURST | DMA_SxCR_PBURST | \
 8001ade:	4920      	ldr	r1, [pc, #128]	@ (8001b60 <HAL_DMA_Init+0xc8>)
 8001ae0:	4011      	ands	r1, r2
  tmp |=  hdma->Init.Channel             | hdma->Init.Direction        |
 8001ae2:	6862      	ldr	r2, [r4, #4]
 8001ae4:	68a0      	ldr	r0, [r4, #8]
 8001ae6:	4302      	orrs	r2, r0
          hdma->Init.PeriphInc           | hdma->Init.MemInc           |
 8001ae8:	68e0      	ldr	r0, [r4, #12]
  tmp |=  hdma->Init.Channel             | hdma->Init.Direction        |
 8001aea:	4302      	orrs	r2, r0
          hdma->Init.PeriphInc           | hdma->Init.MemInc           |
 8001aec:	6920      	ldr	r0, [r4, #16]
 8001aee:	4302      	orrs	r2, r0
          hdma->Init.PeriphDataAlignment | hdma->Init.MemDataAlignment |
 8001af0:	6960      	ldr	r0, [r4, #20]
          hdma->Init.PeriphInc           | hdma->Init.MemInc           |
 8001af2:	4302      	orrs	r2, r0
          hdma->Init.PeriphDataAlignment | hdma->Init.MemDataAlignment |
 8001af4:	69a0      	ldr	r0, [r4, #24]
 8001af6:	4302      	orrs	r2, r0
          hdma->Init.Mode                | hdma->Init.Priority;
 8001af8:	69e0      	ldr	r0, [r4, #28]
          hdma->Init.PeriphDataAlignment | hdma->Init.MemDataAlignment |
 8001afa:	4302      	orrs	r2, r0
          hdma->Init.Mode                | hdma->Init.Priority;
 8001afc:	6a20      	ldr	r0, [r4, #32]
 8001afe:	4302      	orrs	r2, r0
  tmp |=  hdma->Init.Channel             | hdma->Init.Direction        |
 8001b00:	430a      	orrs	r2, r1
  if(hdma->Init.FIFOMode == DMA_FIFOMODE_ENABLE)
 8001b02:	6a61      	ldr	r1, [r4, #36]	@ 0x24
 8001b04:	2904      	cmp	r1, #4
 8001b06:	d01e      	beq.n	8001b46 <HAL_DMA_Init+0xae>
  hdma->Instance->CR = tmp;  
 8001b08:	601a      	str	r2, [r3, #0]
  tmp = hdma->Instance->FCR;
 8001b0a:	6826      	ldr	r6, [r4, #0]
 8001b0c:	6975      	ldr	r5, [r6, #20]
  tmp &= (uint32_t)~(DMA_SxFCR_DMDIS | DMA_SxFCR_FTH);
 8001b0e:	f025 0507 	bic.w	r5, r5, #7
  tmp |= hdma->Init.FIFOMode;
 8001b12:	6a63      	ldr	r3, [r4, #36]	@ 0x24
 8001b14:	431d      	orrs	r5, r3
  if(hdma->Init.FIFOMode == DMA_FIFOMODE_ENABLE)
 8001b16:	2b04      	cmp	r3, #4
 8001b18:	d107      	bne.n	8001b2a <HAL_DMA_Init+0x92>
    tmp |= hdma->Init.FIFOThreshold;
 8001b1a:	6aa3      	ldr	r3, [r4, #40]	@ 0x28
 8001b1c:	431d      	orrs	r5, r3
    if (hdma->Init.MemBurst != DMA_MBURST_SINGLE)
 8001b1e:	6ae3      	ldr	r3, [r4, #44]	@ 0x2c
 8001b20:	b11b      	cbz	r3, 8001b2a <HAL_DMA_Init+0x92>
      if (DMA_CheckFifoParam(hdma) != HAL_OK)
 8001b22:	4620      	mov	r0, r4
 8001b24:	f7ff ff70 	bl	8001a08 <DMA_CheckFifoParam>
 8001b28:	b990      	cbnz	r0, 8001b50 <HAL_DMA_Init+0xb8>
  hdma->Instance->FCR = tmp;
 8001b2a:	6175      	str	r5, [r6, #20]
  regs = (DMA_Base_Registers *)DMA_CalcBaseAndBitshift(hdma);
 8001b2c:	4620      	mov	r0, r4
 8001b2e:	f7ff ff4d 	bl	80019cc <DMA_CalcBaseAndBitshift>
  regs->IFCR = 0x3FU << hdma->StreamIndex;
 8001b32:	6de2      	ldr	r2, [r4, #92]	@ 0x5c
 8001b34:	233f      	movs	r3, #63	@ 0x3f
 8001b36:	4093      	lsls	r3, r2
 8001b38:	6083      	str	r3, [r0, #8]
  hdma->ErrorCode = HAL_DMA_ERROR_NONE;
 8001b3a:	2000      	movs	r0, #0
 8001b3c:	6560      	str	r0, [r4, #84]	@ 0x54
  hdma->State = HAL_DMA_STATE_READY;
 8001b3e:	2301      	movs	r3, #1
 8001b40:	f884 3035 	strb.w	r3, [r4, #53]	@ 0x35
  return HAL_OK;
 8001b44:	e7c9      	b.n	8001ada <HAL_DMA_Init+0x42>
    tmp |=  hdma->Init.MemBurst | hdma->Init.PeriphBurst;
 8001b46:	6ae1      	ldr	r1, [r4, #44]	@ 0x2c
 8001b48:	6b20      	ldr	r0, [r4, #48]	@ 0x30
 8001b4a:	4301      	orrs	r1, r0
 8001b4c:	430a      	orrs	r2, r1
 8001b4e:	e7db      	b.n	8001b08 <HAL_DMA_Init+0x70>
        hdma->ErrorCode = HAL_DMA_ERROR_PARAM;
 8001b50:	2340      	movs	r3, #64	@ 0x40
 8001b52:	6563      	str	r3, [r4, #84]	@ 0x54
        hdma->State = HAL_DMA_STATE_READY;
 8001b54:	2001      	movs	r0, #1
 8001b56:	f884 0035 	strb.w	r0, [r4, #53]	@ 0x35
        return HAL_ERROR; 
 8001b5a:	e7be      	b.n	8001ada <HAL_DMA_Init+0x42>
    return HAL_ERROR;
 8001b5c:	2001      	movs	r0, #1
 8001b5e:	e7bc      	b.n	8001ada <HAL_DMA_Init+0x42>
 8001b60:	f010803f 	.word	0xf010803f

08001b64 <HAL_DMA_Abort_IT>:
  if(hdma->State != HAL_DMA_STATE_BUSY)
 8001b64:	f890 3035 	ldrb.w	r3, [r0, #53]	@ 0x35
 8001b68:	b2db      	uxtb	r3, r3
 8001b6a:	2b02      	cmp	r3, #2
 8001b6c:	d003      	beq.n	8001b76 <HAL_DMA_Abort_IT+0x12>
    hdma->ErrorCode = HAL_DMA_ERROR_NO_XFER;
 8001b6e:	2380      	movs	r3, #128	@ 0x80
 8001b70:	6543      	str	r3, [r0, #84]	@ 0x54
    return HAL_ERROR;
 8001b72:	2001      	movs	r0, #1
 8001b74:	4770      	bx	lr
    hdma->State = HAL_DMA_STATE_ABORT;
 8001b76:	2305      	movs	r3, #5
 8001b78:	f880 3035 	strb.w	r3, [r0, #53]	@ 0x35
    __HAL_DMA_DISABLE(hdma);
 8001b7c:	6802      	ldr	r2, [r0, #0]
 8001b7e:	6813      	ldr	r3, [r2, #0]
 8001b80:	f023 0301 	bic.w	r3, r3, #1
 8001b84:	6013      	str	r3, [r2, #0]
  return HAL_OK;
 8001b86:	2000      	movs	r0, #0
}
 8001b88:	4770      	bx	lr
	...

08001b8c <HAL_DMA_IRQHandler>:
{
 8001b8c:	b5f0      	push	{r4, r5, r6, r7, lr}
 8001b8e:	b083      	sub	sp, #12
 8001b90:	4604      	mov	r4, r0
  __IO uint32_t count = 0U;
 8001b92:	2300      	movs	r3, #0
 8001b94:	9301      	str	r3, [sp, #4]
  uint32_t timeout = SystemCoreClock / 9600U;
 8001b96:	4b72      	ldr	r3, [pc, #456]	@ (8001d60 <HAL_DMA_IRQHandler+0x1d4>)
 8001b98:	681d      	ldr	r5, [r3, #0]
 8001b9a:	4b72      	ldr	r3, [pc, #456]	@ (8001d64 <HAL_DMA_IRQHandler+0x1d8>)
 8001b9c:	fba3 3505 	umull	r3, r5, r3, r5
 8001ba0:	0aad      	lsrs	r5, r5, #10
  DMA_Base_Registers *regs = (DMA_Base_Registers *)hdma->StreamBaseAddress;
 8001ba2:	6d87      	ldr	r7, [r0, #88]	@ 0x58
  tmpisr = regs->ISR;
 8001ba4:	683e      	ldr	r6, [r7, #0]
  if ((tmpisr & (DMA_FLAG_TEIF0_4 << hdma->StreamIndex)) != RESET)
 8001ba6:	6dc2      	ldr	r2, [r0, #92]	@ 0x5c
 8001ba8:	2308      	movs	r3, #8
 8001baa:	4093      	lsls	r3, r2
 8001bac:	4233      	tst	r3, r6
 8001bae:	d010      	beq.n	8001bd2 <HAL_DMA_IRQHandler+0x46>
    if(__HAL_DMA_GET_IT_SOURCE(hdma, DMA_IT_TE) != RESET)
 8001bb0:	6803      	ldr	r3, [r0, #0]
 8001bb2:	681a      	ldr	r2, [r3, #0]
 8001bb4:	f012 0f04 	tst.w	r2, #4
 8001bb8:	d00b      	beq.n	8001bd2 <HAL_DMA_IRQHandler+0x46>
      hdma->Instance->CR  &= ~(DMA_IT_TE);
 8001bba:	681a      	ldr	r2, [r3, #0]
 8001bbc:	f022 0204 	bic.w	r2, r2, #4
 8001bc0:	601a      	str	r2, [r3, #0]
      regs->IFCR = DMA_FLAG_TEIF0_4 << hdma->StreamIndex;
 8001bc2:	6dc2      	ldr	r2, [r0, #92]	@ 0x5c
 8001bc4:	2308      	movs	r3, #8
 8001bc6:	4093      	lsls	r3, r2
 8001bc8:	60bb      	str	r3, [r7, #8]
      hdma->ErrorCode |= HAL_DMA_ERROR_TE;
 8001bca:	6d43      	ldr	r3, [r0, #84]	@ 0x54
 8001bcc:	f043 0301 	orr.w	r3, r3, #1
 8001bd0:	6543      	str	r3, [r0, #84]	@ 0x54
  if ((tmpisr & (DMA_FLAG_FEIF0_4 << hdma->StreamIndex)) != RESET)
 8001bd2:	6de2      	ldr	r2, [r4, #92]	@ 0x5c
 8001bd4:	2301      	movs	r3, #1
 8001bd6:	4093      	lsls	r3, r2
 8001bd8:	4233      	tst	r3, r6
 8001bda:	d009      	beq.n	8001bf0 <HAL_DMA_IRQHandler+0x64>
    if(__HAL_DMA_GET_IT_SOURCE(hdma, DMA_IT_FE) != RESET)
 8001bdc:	6822      	ldr	r2, [r4, #0]
 8001bde:	6952      	ldr	r2, [r2, #20]
 8001be0:	f012 0f80 	tst.w	r2, #128	@ 0x80
 8001be4:	d004      	beq.n	8001bf0 <HAL_DMA_IRQHandler+0x64>
      regs->IFCR = DMA_FLAG_FEIF0_4 << hdma->StreamIndex;
 8001be6:	60bb      	str	r3, [r7, #8]
      hdma->ErrorCode |= HAL_DMA_ERROR_FE;
 8001be8:	6d63      	ldr	r3, [r4, #84]	@ 0x54
 8001bea:	f043 0302 	orr.w	r3, r3, #2
 8001bee:	6563      	str	r3, [r4, #84]	@ 0x54
  if ((tmpisr & (DMA_FLAG_DMEIF0_4 << hdma->StreamIndex)) != RESET)
 8001bf0:	6de2      	ldr	r2, [r4, #92]	@ 0x5c
 8001bf2:	2304      	movs	r3, #4
 8001bf4:	4093      	lsls	r3, r2
 8001bf6:	4233      	tst	r3, r6
 8001bf8:	d009      	beq.n	8001c0e <HAL_DMA_IRQHandler+0x82>
    if(__HAL_DMA_GET_IT_SOURCE(hdma, DMA_IT_DME) != RESET)
 8001bfa:	6822      	ldr	r2, [r4, #0]
 8001bfc:	6812      	ldr	r2, [r2, #0]
 8001bfe:	f012 0f02 	tst.w	r2, #2
 8001c02:	d004      	beq.n	8001c0e <HAL_DMA_IRQHandler+0x82>
      regs->IFCR = DMA_FLAG_DMEIF0_4 << hdma->StreamIndex;
 8001c04:	60bb      	str	r3, [r7, #8]
      hdma->ErrorCode |= HAL_DMA_ERROR_DME;
 8001c06:	6d63      	ldr	r3, [r4, #84]	@ 0x54
 8001c08:	f043 0304 	orr.w	r3, r3, #4
 8001c0c:	6563      	str	r3, [r4, #84]	@ 0x54
  if ((tmpisr & (DMA_FLAG_HTIF0_4 << hdma->StreamIndex)) != RESET)
 8001c0e:	6de2      	ldr	r2, [r4, #92]	@ 0x5c
 8001c10:	2310      	movs	r3, #16
 8001c12:	4093      	lsls	r3, r2
 8001c14:	4233      	tst	r3, r6
 8001c16:	d024      	beq.n	8001c62 <HAL_DMA_IRQHandler+0xd6>
    if(__HAL_DMA_GET_IT_SOURCE(hdma, DMA_IT_HT) != RESET)
 8001c18:	6822      	ldr	r2, [r4, #0]
 8001c1a:	6812      	ldr	r2, [r2, #0]
 8001c1c:	f012 0f08 	tst.w	r2, #8
 8001c20:	d01f      	beq.n	8001c62 <HAL_DMA_IRQHandler+0xd6>
      regs->IFCR = DMA_FLAG_HTIF0_4 << hdma->StreamIndex;
 8001c22:	60bb      	str	r3, [r7, #8]
      if(((hdma->Instance->CR) & (uint32_t)(DMA_SxCR_DBM)) != RESET)
 8001c24:	6823      	ldr	r3, [r4, #0]
 8001c26:	681a      	ldr	r2, [r3, #0]
 8001c28:	f412 2f80 	tst.w	r2, #262144	@ 0x40000
 8001c2c:	d00d      	beq.n	8001c4a <HAL_DMA_IRQHandler+0xbe>
        if((hdma->Instance->CR & DMA_SxCR_CT) == RESET)
 8001c2e:	681b      	ldr	r3, [r3, #0]
 8001c30:	f413 2f00 	tst.w	r3, #524288	@ 0x80000
 8001c34:	d104      	bne.n	8001c40 <HAL_DMA_IRQHandler+0xb4>
          if(hdma->XferHalfCpltCallback != NULL)
 8001c36:	6c23      	ldr	r3, [r4, #64]	@ 0x40
 8001c38:	b19b      	cbz	r3, 8001c62 <HAL_DMA_IRQHandler+0xd6>
            hdma->XferHalfCpltCallback(hdma);
 8001c3a:	4620      	mov	r0, r4
 8001c3c:	4798      	blx	r3
 8001c3e:	e010      	b.n	8001c62 <HAL_DMA_IRQHandler+0xd6>
          if(hdma->XferM1HalfCpltCallback != NULL)
 8001c40:	6ca3      	ldr	r3, [r4, #72]	@ 0x48
 8001c42:	b173      	cbz	r3, 8001c62 <HAL_DMA_IRQHandler+0xd6>
            hdma->XferM1HalfCpltCallback(hdma);
 8001c44:	4620      	mov	r0, r4
 8001c46:	4798      	blx	r3
 8001c48:	e00b      	b.n	8001c62 <HAL_DMA_IRQHandler+0xd6>
        if((hdma->Instance->CR & DMA_SxCR_CIRC) == RESET)
 8001c4a:	681a      	ldr	r2, [r3, #0]
 8001c4c:	f412 7f80 	tst.w	r2, #256	@ 0x100
 8001c50:	d103      	bne.n	8001c5a <HAL_DMA_IRQHandler+0xce>
          hdma->Instance->CR  &= ~(DMA_IT_HT);
 8001c52:	681a      	ldr	r2, [r3, #0]
 8001c54:	f022 0208 	bic.w	r2, r2, #8
 8001c58:	601a      	str	r2, [r3, #0]
        if(hdma->XferHalfCpltCallback != NULL)
 8001c5a:	6c23      	ldr	r3, [r4, #64]	@ 0x40
 8001c5c:	b10b      	cbz	r3, 8001c62 <HAL_DMA_IRQHandler+0xd6>
          hdma->XferHalfCpltCallback(hdma);
 8001c5e:	4620      	mov	r0, r4
 8001c60:	4798      	blx	r3
  if ((tmpisr & (DMA_FLAG_TCIF0_4 << hdma->StreamIndex)) != RESET)
 8001c62:	6de2      	ldr	r2, [r4, #92]	@ 0x5c
 8001c64:	2320      	movs	r3, #32
 8001c66:	4093      	lsls	r3, r2
 8001c68:	4233      	tst	r3, r6
 8001c6a:	d055      	beq.n	8001d18 <HAL_DMA_IRQHandler+0x18c>
    if(__HAL_DMA_GET_IT_SOURCE(hdma, DMA_IT_TC) != RESET)
 8001c6c:	6822      	ldr	r2, [r4, #0]
 8001c6e:	6812      	ldr	r2, [r2, #0]
 8001c70:	f012 0f10 	tst.w	r2, #16
 8001c74:	d050      	beq.n	8001d18 <HAL_DMA_IRQHandler+0x18c>
      regs->IFCR = DMA_FLAG_TCIF0_4 << hdma->StreamIndex;
 8001c76:	60bb      	str	r3, [r7, #8]
      if(HAL_DMA_STATE_ABORT == hdma->State)
 8001c78:	f894 3035 	ldrb.w	r3, [r4, #53]	@ 0x35
 8001c7c:	b2db      	uxtb	r3, r3
 8001c7e:	2b05      	cmp	r3, #5
 8001c80:	d00e      	beq.n	8001ca0 <HAL_DMA_IRQHandler+0x114>
      if(((hdma->Instance->CR) & (uint32_t)(DMA_SxCR_DBM)) != RESET)
 8001c82:	6823      	ldr	r3, [r4, #0]
 8001c84:	681a      	ldr	r2, [r3, #0]
 8001c86:	f412 2f80 	tst.w	r2, #262144	@ 0x40000
 8001c8a:	d033      	beq.n	8001cf4 <HAL_DMA_IRQHandler+0x168>
        if((hdma->Instance->CR & DMA_SxCR_CT) == RESET)
 8001c8c:	681b      	ldr	r3, [r3, #0]
 8001c8e:	f413 2f00 	tst.w	r3, #524288	@ 0x80000
 8001c92:	d12a      	bne.n	8001cea <HAL_DMA_IRQHandler+0x15e>
          if(hdma->XferM1CpltCallback != NULL)
 8001c94:	6c63      	ldr	r3, [r4, #68]	@ 0x44
 8001c96:	2b00      	cmp	r3, #0
 8001c98:	d03e      	beq.n	8001d18 <HAL_DMA_IRQHandler+0x18c>
            hdma->XferM1CpltCallback(hdma);
 8001c9a:	4620      	mov	r0, r4
 8001c9c:	4798      	blx	r3
 8001c9e:	e03b      	b.n	8001d18 <HAL_DMA_IRQHandler+0x18c>
        hdma->Instance->CR  &= ~(DMA_IT_TC | DMA_IT_TE | DMA_IT_DME);
 8001ca0:	6822      	ldr	r2, [r4, #0]
 8001ca2:	6813      	ldr	r3, [r2, #0]
 8001ca4:	f023 0316 	bic.w	r3, r3, #22
 8001ca8:	6013      	str	r3, [r2, #0]
        hdma->Instance->FCR &= ~(DMA_IT_FE);
 8001caa:	6822      	ldr	r2, [r4, #0]
 8001cac:	6953      	ldr	r3, [r2, #20]
 8001cae:	f023 0380 	bic.w	r3, r3, #128	@ 0x80
 8001cb2:	6153      	str	r3, [r2, #20]
        if((hdma->XferHalfCpltCallback != NULL) || (hdma->XferM1HalfCpltCallback != NULL))
 8001cb4:	6c23      	ldr	r3, [r4, #64]	@ 0x40
 8001cb6:	b1a3      	cbz	r3, 8001ce2 <HAL_DMA_IRQHandler+0x156>
          hdma->Instance->CR  &= ~(DMA_IT_HT);
 8001cb8:	6822      	ldr	r2, [r4, #0]
 8001cba:	6813      	ldr	r3, [r2, #0]
 8001cbc:	f023 0308 	bic.w	r3, r3, #8
 8001cc0:	6013      	str	r3, [r2, #0]
        regs->IFCR = 0x3FU << hdma->StreamIndex;
 8001cc2:	6de2      	ldr	r2, [r4, #92]	@ 0x5c
 8001cc4:	233f      	movs	r3, #63	@ 0x3f
 8001cc6:	4093      	lsls	r3, r2
 8001cc8:	60bb      	str	r3, [r7, #8]
        hdma->State = HAL_DMA_STATE_READY;
 8001cca:	2301      	movs	r3, #1
 8001ccc:	f884 3035 	strb.w	r3, [r4, #53]	@ 0x35
        __HAL_UNLOCK(hdma);
 8001cd0:	2300      	movs	r3, #0
 8001cd2:	f884 3034 	strb.w	r3, [r4, #52]	@ 0x34
        if(hdma->XferAbortCallback != NULL)
 8001cd6:	6d23      	ldr	r3, [r4, #80]	@ 0x50
 8001cd8:	2b00      	cmp	r3, #0
 8001cda:	d03f      	beq.n	8001d5c <HAL_DMA_IRQHandler+0x1d0>
          hdma->XferAbortCallback(hdma);
 8001cdc:	4620      	mov	r0, r4
 8001cde:	4798      	blx	r3
        return;
 8001ce0:	e03c      	b.n	8001d5c <HAL_DMA_IRQHandler+0x1d0>
        if((hdma->XferHalfCpltCallback != NULL) || (hdma->XferM1HalfCpltCallback != NULL))
 8001ce2:	6ca3      	ldr	r3, [r4, #72]	@ 0x48
 8001ce4:	2b00      	cmp	r3, #0
 8001ce6:	d1e7      	bne.n	8001cb8 <HAL_DMA_IRQHandler+0x12c>
 8001ce8:	e7eb      	b.n	8001cc2 <HAL_DMA_IRQHandler+0x136>
          if(hdma->XferCpltCallback != NULL)
 8001cea:	6be3      	ldr	r3, [r4, #60]	@ 0x3c
 8001cec:	b1a3      	cbz	r3, 8001d18 <HAL_DMA_IRQHandler+0x18c>
            hdma->XferCpltCallback(hdma);
 8001cee:	4620      	mov	r0, r4
 8001cf0:	4798      	blx	r3
 8001cf2:	e011      	b.n	8001d18 <HAL_DMA_IRQHandler+0x18c>
        if((hdma->Instance->CR & DMA_SxCR_CIRC) == RESET)
 8001cf4:	681a      	ldr	r2, [r3, #0]
 8001cf6:	f412 7f80 	tst.w	r2, #256	@ 0x100
 8001cfa:	d109      	bne.n	8001d10 <HAL_DMA_IRQHandler+0x184>
          hdma->Instance->CR  &= ~(DMA_IT_TC);
 8001cfc:	681a      	ldr	r2, [r3, #0]
 8001cfe:	f022 0210 	bic.w	r2, r2, #16
 8001d02:	601a      	str	r2, [r3, #0]
          hdma->State = HAL_DMA_STATE_READY;
 8001d04:	2301      	movs	r3, #1
 8001d06:	f884 3035 	strb.w	r3, [r4, #53]	@ 0x35
          __HAL_UNLOCK(hdma);
 8001d0a:	2300      	movs	r3, #0
 8001d0c:	f884 3034 	strb.w	r3, [r4, #52]	@ 0x34
        if(hdma->XferCpltCallback != NULL)
 8001d10:	6be3      	ldr	r3, [r4, #60]	@ 0x3c
 8001d12:	b10b      	cbz	r3, 8001d18 <HAL_DMA_IRQHandler+0x18c>
          hdma->XferCpltCallback(hdma);
 8001d14:	4620      	mov	r0, r4
 8001d16:	4798      	blx	r3
  if(hdma->ErrorCode != HAL_DMA_ERROR_NONE)
 8001d18:	6d63      	ldr	r3, [r4, #84]	@ 0x54
 8001d1a:	b1fb      	cbz	r3, 8001d5c <HAL_DMA_IRQHandler+0x1d0>
    if((hdma->ErrorCode & HAL_DMA_ERROR_TE) != RESET)
 8001d1c:	6d63      	ldr	r3, [r4, #84]	@ 0x54
 8001d1e:	f013 0f01 	tst.w	r3, #1
 8001d22:	d017      	beq.n	8001d54 <HAL_DMA_IRQHandler+0x1c8>
      hdma->State = HAL_DMA_STATE_ABORT;
 8001d24:	2305      	movs	r3, #5
 8001d26:	f884 3035 	strb.w	r3, [r4, #53]	@ 0x35
      __HAL_DMA_DISABLE(hdma);
 8001d2a:	6822      	ldr	r2, [r4, #0]
 8001d2c:	6813      	ldr	r3, [r2, #0]
 8001d2e:	f023 0301 	bic.w	r3, r3, #1
 8001d32:	6013      	str	r3, [r2, #0]
        if (++count > timeout)
 8001d34:	9b01      	ldr	r3, [sp, #4]
 8001d36:	3301      	adds	r3, #1
 8001d38:	9301      	str	r3, [sp, #4]
 8001d3a:	42ab      	cmp	r3, r5
 8001d3c:	d804      	bhi.n	8001d48 <HAL_DMA_IRQHandler+0x1bc>
      while((hdma->Instance->CR & DMA_SxCR_EN) != RESET);
 8001d3e:	6823      	ldr	r3, [r4, #0]
 8001d40:	681b      	ldr	r3, [r3, #0]
 8001d42:	f013 0f01 	tst.w	r3, #1
 8001d46:	d1f5      	bne.n	8001d34 <HAL_DMA_IRQHandler+0x1a8>
      hdma->State = HAL_DMA_STATE_READY;
 8001d48:	2301      	movs	r3, #1
 8001d4a:	f884 3035 	strb.w	r3, [r4, #53]	@ 0x35
      __HAL_UNLOCK(hdma);
 8001d4e:	2300      	movs	r3, #0
 8001d50:	f884 3034 	strb.w	r3, [r4, #52]	@ 0x34
    if(hdma->XferErrorCallback != NULL)
 8001d54:	6ce3      	ldr	r3, [r4, #76]	@ 0x4c
 8001d56:	b10b      	cbz	r3, 8001d5c <HAL_DMA_IRQHandler+0x1d0>
      hdma->XferErrorCallback(hdma);
 8001d58:	4620      	mov	r0, r4
 8001d5a:	4798      	blx	r3
}
 8001d5c:	b003      	add	sp, #12
 8001d5e:	bdf0      	pop	{r4, r5, r6, r7, pc}
 8001d60:	20000020 	.word	0x20000020
 8001d64:	1b4e81b5 	.word	0x1b4e81b5

08001d68 <HAL_GPIO_Init>:
  assert_param(IS_GPIO_ALL_INSTANCE(GPIOx));
  assert_param(IS_GPIO_PIN(GPIO_Init->Pin));
  assert_param(IS_GPIO_MODE(GPIO_Init->Mode));

  /* Configure the port pins */
  for(position = 0U; position < GPIO_NUMBER; position++)
 8001d68:	2300      	movs	r3, #0
 8001d6a:	2b0f      	cmp	r3, #15
 8001d6c:	f200 80e9 	bhi.w	8001f42 <HAL_GPIO_Init+0x1da>
{
 8001d70:	b570      	push	{r4, r5, r6, lr}
 8001d72:	b082      	sub	sp, #8
 8001d74:	e065      	b.n	8001e42 <HAL_GPIO_Init+0xda>
          (GPIO_Init->Mode & GPIO_MODE) == MODE_AF)
      {
        /* Check the Speed parameter */
        assert_param(IS_GPIO_SPEED(GPIO_Init->Speed));
        /* Configure the IO Speed */
        temp = GPIOx->OSPEEDR; 
 8001d76:	6885      	ldr	r5, [r0, #8]
        temp &= ~(GPIO_OSPEEDER_OSPEEDR0 << (position * 2U));
 8001d78:	ea4f 0e43 	mov.w	lr, r3, lsl #1
 8001d7c:	2403      	movs	r4, #3
 8001d7e:	fa04 f40e 	lsl.w	r4, r4, lr
 8001d82:	ea25 0504 	bic.w	r5, r5, r4
        temp |= (GPIO_Init->Speed << (position * 2U));
 8001d86:	68cc      	ldr	r4, [r1, #12]
 8001d88:	fa04 f40e 	lsl.w	r4, r4, lr
 8001d8c:	432c      	orrs	r4, r5
        GPIOx->OSPEEDR = temp;
 8001d8e:	6084      	str	r4, [r0, #8]

        /* Configure the IO Output Type */
        temp = GPIOx->OTYPER;
 8001d90:	6844      	ldr	r4, [r0, #4]
        temp &= ~(GPIO_OTYPER_OT_0 << position) ;
 8001d92:	ea24 0402 	bic.w	r4, r4, r2
        temp |= (((GPIO_Init->Mode & OUTPUT_TYPE) >> OUTPUT_TYPE_Pos) << position);
 8001d96:	684a      	ldr	r2, [r1, #4]
 8001d98:	f3c2 1200 	ubfx	r2, r2, #4, #1
 8001d9c:	409a      	lsls	r2, r3
 8001d9e:	4322      	orrs	r2, r4
        GPIOx->OTYPER = temp;
 8001da0:	6042      	str	r2, [r0, #4]
 8001da2:	e05c      	b.n	8001e5e <HAL_GPIO_Init+0xf6>
      if((GPIO_Init->Mode & GPIO_MODE) == MODE_AF)
      {
        /* Check the Alternate function parameter */
        assert_param(IS_GPIO_AF(GPIO_Init->Alternate));
        /* Configure Alternate function mapped with the current IO */
        temp = GPIOx->AFR[position >> 3U];
 8001da4:	08dc      	lsrs	r4, r3, #3
 8001da6:	3408      	adds	r4, #8
 8001da8:	f850 2024 	ldr.w	r2, [r0, r4, lsl #2]
        temp &= ~(0xFU << ((uint32_t)(position & 0x07U) * 4U)) ;
 8001dac:	f003 0507 	and.w	r5, r3, #7
 8001db0:	00ad      	lsls	r5, r5, #2
 8001db2:	f04f 0e0f 	mov.w	lr, #15
 8001db6:	fa0e fe05 	lsl.w	lr, lr, r5
 8001dba:	ea22 0e0e 	bic.w	lr, r2, lr
        temp |= ((uint32_t)(GPIO_Init->Alternate) << (((uint32_t)position & 0x07U) * 4U));
 8001dbe:	690a      	ldr	r2, [r1, #16]
 8001dc0:	40aa      	lsls	r2, r5
 8001dc2:	ea42 020e 	orr.w	r2, r2, lr
        GPIOx->AFR[position >> 3U] = temp;
 8001dc6:	f840 2024 	str.w	r2, [r0, r4, lsl #2]
 8001dca:	e05c      	b.n	8001e86 <HAL_GPIO_Init+0x11e>
        /* Enable SYSCFG Clock */
        __HAL_RCC_SYSCFG_CLK_ENABLE();

        temp = SYSCFG->EXTICR[position >> 2U];
        temp &= ~(0x0FU << (4U * (position & 0x03U)));
        temp |= ((uint32_t)(GPIO_GET_INDEX(GPIOx)) << (4U * (position & 0x03U)));
 8001dcc:	2207      	movs	r2, #7
 8001dce:	e000      	b.n	8001dd2 <HAL_GPIO_Init+0x6a>
 8001dd0:	2200      	movs	r2, #0
 8001dd2:	fa02 f20e 	lsl.w	r2, r2, lr
 8001dd6:	432a      	orrs	r2, r5
        SYSCFG->EXTICR[position >> 2U] = temp;
 8001dd8:	3402      	adds	r4, #2
 8001dda:	4d5a      	ldr	r5, [pc, #360]	@ (8001f44 <HAL_GPIO_Init+0x1dc>)
 8001ddc:	f845 2024 	str.w	r2, [r5, r4, lsl #2]

        /* Clear Rising Falling edge configuration */
        temp = EXTI->RTSR;
 8001de0:	4a59      	ldr	r2, [pc, #356]	@ (8001f48 <HAL_GPIO_Init+0x1e0>)
 8001de2:	6894      	ldr	r4, [r2, #8]
        temp &= ~((uint32_t)iocurrent);
 8001de4:	ea6f 020c 	mvn.w	r2, ip
 8001de8:	ea24 050c 	bic.w	r5, r4, ip
        if((GPIO_Init->Mode & TRIGGER_RISING) != 0x00U)
 8001dec:	684e      	ldr	r6, [r1, #4]
 8001dee:	f416 1f80 	tst.w	r6, #1048576	@ 0x100000
 8001df2:	d001      	beq.n	8001df8 <HAL_GPIO_Init+0x90>
        {
          temp |= iocurrent;
 8001df4:	ea4c 0504 	orr.w	r5, ip, r4
        }
        EXTI->RTSR = temp;
 8001df8:	4c53      	ldr	r4, [pc, #332]	@ (8001f48 <HAL_GPIO_Init+0x1e0>)
 8001dfa:	60a5      	str	r5, [r4, #8]

        temp = EXTI->FTSR;
 8001dfc:	68e4      	ldr	r4, [r4, #12]
        temp &= ~((uint32_t)iocurrent);
 8001dfe:	ea02 0504 	and.w	r5, r2, r4
        if((GPIO_Init->Mode & TRIGGER_FALLING) != 0x00U)
 8001e02:	684e      	ldr	r6, [r1, #4]
 8001e04:	f416 1f00 	tst.w	r6, #2097152	@ 0x200000
 8001e08:	d001      	beq.n	8001e0e <HAL_GPIO_Init+0xa6>
        {
          temp |= iocurrent;
 8001e0a:	ea4c 0504 	orr.w	r5, ip, r4
        }
        EXTI->FTSR = temp;
 8001e0e:	4c4e      	ldr	r4, [pc, #312]	@ (8001f48 <HAL_GPIO_Init+0x1e0>)
 8001e10:	60e5      	str	r5, [r4, #12]

        temp = EXTI->EMR;
 8001e12:	6864      	ldr	r4, [r4, #4]
        temp &= ~((uint32_t)iocurrent);
 8001e14:	ea02 0504 	and.w	r5, r2, r4
        if((GPIO_Init->Mode & EXTI_EVT) != 0x00U)
 8001e18:	684e      	ldr	r6, [r1, #4]
 8001e1a:	f416 3f00 	tst.w	r6, #131072	@ 0x20000
 8001e1e:	d001      	beq.n	8001e24 <HAL_GPIO_Init+0xbc>
        {
          temp |= iocurrent;
 8001e20:	ea4c 0504 	orr.w	r5, ip, r4
        }
        EXTI->EMR = temp;
 8001e24:	4c48      	ldr	r4, [pc, #288]	@ (8001f48 <HAL_GPIO_Init+0x1e0>)
 8001e26:	6065      	str	r5, [r4, #4]

        /* Clear EXTI line configuration */
        temp = EXTI->IMR;
 8001e28:	6824      	ldr	r4, [r4, #0]
        temp &= ~((uint32_t)iocurrent);
 8001e2a:	4022      	ands	r2, r4
        if((GPIO_Init->Mode & EXTI_IT) != 0x00U)
 8001e2c:	684d      	ldr	r5, [r1, #4]
 8001e2e:	f415 3f80 	tst.w	r5, #65536	@ 0x10000
 8001e32:	d001      	beq.n	8001e38 <HAL_GPIO_Init+0xd0>
        {
          temp |= iocurrent;
 8001e34:	ea4c 0204 	orr.w	r2, ip, r4
        }
        EXTI->IMR = temp;
 8001e38:	4c43      	ldr	r4, [pc, #268]	@ (8001f48 <HAL_GPIO_Init+0x1e0>)
 8001e3a:	6022      	str	r2, [r4, #0]
  for(position = 0U; position < GPIO_NUMBER; position++)
 8001e3c:	3301      	adds	r3, #1
 8001e3e:	2b0f      	cmp	r3, #15
 8001e40:	d87d      	bhi.n	8001f3e <HAL_GPIO_Init+0x1d6>
    ioposition = 0x01U << position;
 8001e42:	2201      	movs	r2, #1
 8001e44:	409a      	lsls	r2, r3
    iocurrent = (uint32_t)(GPIO_Init->Pin) & ioposition;
 8001e46:	680c      	ldr	r4, [r1, #0]
 8001e48:	ea04 0c02 	and.w	ip, r4, r2
    if(iocurrent == ioposition)
 8001e4c:	ea32 0404 	bics.w	r4, r2, r4
 8001e50:	d1f4      	bne.n	8001e3c <HAL_GPIO_Init+0xd4>
      if(((GPIO_Init->Mode & GPIO_MODE) == MODE_OUTPUT) || \
 8001e52:	684c      	ldr	r4, [r1, #4]
 8001e54:	f004 0403 	and.w	r4, r4, #3
 8001e58:	3c01      	subs	r4, #1
 8001e5a:	2c01      	cmp	r4, #1
 8001e5c:	d98b      	bls.n	8001d76 <HAL_GPIO_Init+0xe>
      if((GPIO_Init->Mode & GPIO_MODE) != MODE_ANALOG)
 8001e5e:	684a      	ldr	r2, [r1, #4]
 8001e60:	f002 0203 	and.w	r2, r2, #3
 8001e64:	2a03      	cmp	r2, #3
 8001e66:	d009      	beq.n	8001e7c <HAL_GPIO_Init+0x114>
        temp = GPIOx->PUPDR;
 8001e68:	68c4      	ldr	r4, [r0, #12]
        temp &= ~(GPIO_PUPDR_PUPDR0 << (position * 2U));
 8001e6a:	005d      	lsls	r5, r3, #1
 8001e6c:	2203      	movs	r2, #3
 8001e6e:	40aa      	lsls	r2, r5
 8001e70:	ea24 0402 	bic.w	r4, r4, r2
        temp |= ((GPIO_Init->Pull) << (position * 2U));
 8001e74:	688a      	ldr	r2, [r1, #8]
 8001e76:	40aa      	lsls	r2, r5
 8001e78:	4322      	orrs	r2, r4
        GPIOx->PUPDR = temp;
 8001e7a:	60c2      	str	r2, [r0, #12]
      if((GPIO_Init->Mode & GPIO_MODE) == MODE_AF)
 8001e7c:	684a      	ldr	r2, [r1, #4]
 8001e7e:	f002 0203 	and.w	r2, r2, #3
 8001e82:	2a02      	cmp	r2, #2
 8001e84:	d08e      	beq.n	8001da4 <HAL_GPIO_Init+0x3c>
      temp = GPIOx->MODER;
 8001e86:	6804      	ldr	r4, [r0, #0]
      temp &= ~(GPIO_MODER_MODER0 << (position * 2U));
 8001e88:	ea4f 0e43 	mov.w	lr, r3, lsl #1
 8001e8c:	2203      	movs	r2, #3
 8001e8e:	fa02 f20e 	lsl.w	r2, r2, lr
 8001e92:	ea24 0402 	bic.w	r4, r4, r2
      temp |= ((GPIO_Init->Mode & GPIO_MODE) << (position * 2U));
 8001e96:	684a      	ldr	r2, [r1, #4]
 8001e98:	f002 0203 	and.w	r2, r2, #3
 8001e9c:	fa02 f20e 	lsl.w	r2, r2, lr
 8001ea0:	4322      	orrs	r2, r4
      GPIOx->MODER = temp;
 8001ea2:	6002      	str	r2, [r0, #0]
      if((GPIO_Init->Mode & EXTI_MODE) != 0x00U)
 8001ea4:	684a      	ldr	r2, [r1, #4]
 8001ea6:	f412 3f40 	tst.w	r2, #196608	@ 0x30000
 8001eaa:	d0c7      	beq.n	8001e3c <HAL_GPIO_Init+0xd4>
        __HAL_RCC_SYSCFG_CLK_ENABLE();
 8001eac:	2200      	movs	r2, #0
 8001eae:	9201      	str	r2, [sp, #4]
 8001eb0:	4a26      	ldr	r2, [pc, #152]	@ (8001f4c <HAL_GPIO_Init+0x1e4>)
 8001eb2:	6c54      	ldr	r4, [r2, #68]	@ 0x44
 8001eb4:	f444 4480 	orr.w	r4, r4, #16384	@ 0x4000
 8001eb8:	6454      	str	r4, [r2, #68]	@ 0x44
 8001eba:	6c52      	ldr	r2, [r2, #68]	@ 0x44
 8001ebc:	f402 4280 	and.w	r2, r2, #16384	@ 0x4000
 8001ec0:	9201      	str	r2, [sp, #4]
 8001ec2:	9a01      	ldr	r2, [sp, #4]
        temp = SYSCFG->EXTICR[position >> 2U];
 8001ec4:	089c      	lsrs	r4, r3, #2
 8001ec6:	1ca5      	adds	r5, r4, #2
 8001ec8:	4a1e      	ldr	r2, [pc, #120]	@ (8001f44 <HAL_GPIO_Init+0x1dc>)
 8001eca:	f852 5025 	ldr.w	r5, [r2, r5, lsl #2]
        temp &= ~(0x0FU << (4U * (position & 0x03U)));
 8001ece:	f003 0e03 	and.w	lr, r3, #3
 8001ed2:	ea4f 0e8e 	mov.w	lr, lr, lsl #2
 8001ed6:	220f      	movs	r2, #15
 8001ed8:	fa02 f20e 	lsl.w	r2, r2, lr
 8001edc:	ea25 0502 	bic.w	r5, r5, r2
        temp |= ((uint32_t)(GPIO_GET_INDEX(GPIOx)) << (4U * (position & 0x03U)));
 8001ee0:	4a1b      	ldr	r2, [pc, #108]	@ (8001f50 <HAL_GPIO_Init+0x1e8>)
 8001ee2:	4290      	cmp	r0, r2
 8001ee4:	f43f af74 	beq.w	8001dd0 <HAL_GPIO_Init+0x68>
 8001ee8:	f502 6280 	add.w	r2, r2, #1024	@ 0x400
 8001eec:	4290      	cmp	r0, r2
 8001eee:	d01a      	beq.n	8001f26 <HAL_GPIO_Init+0x1be>
 8001ef0:	f502 6280 	add.w	r2, r2, #1024	@ 0x400
 8001ef4:	4290      	cmp	r0, r2
 8001ef6:	d018      	beq.n	8001f2a <HAL_GPIO_Init+0x1c2>
 8001ef8:	f502 6280 	add.w	r2, r2, #1024	@ 0x400
 8001efc:	4290      	cmp	r0, r2
 8001efe:	d016      	beq.n	8001f2e <HAL_GPIO_Init+0x1c6>
 8001f00:	f502 6280 	add.w	r2, r2, #1024	@ 0x400
 8001f04:	4290      	cmp	r0, r2
 8001f06:	d014      	beq.n	8001f32 <HAL_GPIO_Init+0x1ca>
 8001f08:	f502 6280 	add.w	r2, r2, #1024	@ 0x400
 8001f0c:	4290      	cmp	r0, r2
 8001f0e:	d012      	beq.n	8001f36 <HAL_GPIO_Init+0x1ce>
 8001f10:	f502 6280 	add.w	r2, r2, #1024	@ 0x400
 8001f14:	4290      	cmp	r0, r2
 8001f16:	d010      	beq.n	8001f3a <HAL_GPIO_Init+0x1d2>
 8001f18:	f502 6280 	add.w	r2, r2, #1024	@ 0x400
 8001f1c:	4290      	cmp	r0, r2
 8001f1e:	f43f af55 	beq.w	8001dcc <HAL_GPIO_Init+0x64>
 8001f22:	2208      	movs	r2, #8
 8001f24:	e755      	b.n	8001dd2 <HAL_GPIO_Init+0x6a>
 8001f26:	2201      	movs	r2, #1
 8001f28:	e753      	b.n	8001dd2 <HAL_GPIO_Init+0x6a>
 8001f2a:	2202      	movs	r2, #2
 8001f2c:	e751      	b.n	8001dd2 <HAL_GPIO_Init+0x6a>
 8001f2e:	2203      	movs	r2, #3
 8001f30:	e74f      	b.n	8001dd2 <HAL_GPIO_Init+0x6a>
 8001f32:	2204      	movs	r2, #4
 8001f34:	e74d      	b.n	8001dd2 <HAL_GPIO_Init+0x6a>
 8001f36:	2205      	movs	r2, #5
 8001f38:	e74b      	b.n	8001dd2 <HAL_GPIO_Init+0x6a>
 8001f3a:	2206      	movs	r2, #6
 8001f3c:	e749      	b.n	8001dd2 <HAL_GPIO_Init+0x6a>
      }
    }
  }
}
 8001f3e:	b002      	add	sp, #8
 8001f40:	bd70      	pop	{r4, r5, r6, pc}
 8001f42:	4770      	bx	lr
 8001f44:	40013800 	.word	0x40013800
 8001f48:	40013c00 	.word	0x40013c00
 8001f4c:	40023800 	.word	0x40023800
 8001f50:	40020000 	.word	0x40020000

08001f54 <HAL_GPIO_ReadPin>:
  GPIO_PinState bitstatus;

  /* Check the parameters */
  assert_param(IS_GPIO_PIN(GPIO_Pin));

  if((GPIOx->IDR & GPIO_Pin) != (uint32_t)GPIO_PIN_RESET)
 8001f54:	6903      	ldr	r3, [r0, #16]
 8001f56:	4219      	tst	r1, r3
 8001f58:	d001      	beq.n	8001f5e <HAL_GPIO_ReadPin+0xa>
  {
    bitstatus = GPIO_PIN_SET;
 8001f5a:	2001      	movs	r0, #1
 8001f5c:	4770      	bx	lr
  }
  else
  {
    bitstatus = GPIO_PIN_RESET;
 8001f5e:	2000      	movs	r0, #0
  }
  return bitstatus;
}
 8001f60:	4770      	bx	lr

08001f62 <HAL_GPIO_WritePin>:
{
  /* Check the parameters */
  assert_param(IS_GPIO_PIN(GPIO_Pin));
  assert_param(IS_GPIO_PIN_ACTION(PinState));

  if(PinState != GPIO_PIN_RESET)
 8001f62:	b10a      	cbz	r2, 8001f68 <HAL_GPIO_WritePin+0x6>
  {
    GPIOx->BSRR = GPIO_Pin;
 8001f64:	6181      	str	r1, [r0, #24]
 8001f66:	4770      	bx	lr
  }
  else
  {
    GPIOx->BSRR = (uint32_t)GPIO_Pin << 16U;
 8001f68:	0409      	lsls	r1, r1, #16
 8001f6a:	6181      	str	r1, [r0, #24]
  }
}
 8001f6c:	4770      	bx	lr
	...

08001f70 <HAL_RCC_OscConfig>:
__weak HAL_StatusTypeDef HAL_RCC_OscConfig(RCC_OscInitTypeDef  *RCC_OscInitStruct)
{
  uint32_t tickstart;
  uint32_t pll_config;
  /* Check Null pointer */
  if (RCC_OscInitStruct == NULL)
 8001f70:	2800      	cmp	r0, #0
 8001f72:	f000 81e0 	beq.w	8002336 <HAL_RCC_OscConfig+0x3c6>
{
 8001f76:	b570      	push	{r4, r5, r6, lr}
 8001f78:	b082      	sub	sp, #8
 8001f7a:	4604      	mov	r4, r0
  }

  /* Check the parameters */
  assert_param(IS_RCC_OSCILLATORTYPE(RCC_OscInitStruct->OscillatorType));
  /*------------------------------- HSE Configuration ------------------------*/
  if (((RCC_OscInitStruct->OscillatorType) & RCC_OSCILLATORTYPE_HSE) == RCC_OSCILLATORTYPE_HSE)
 8001f7c:	6803      	ldr	r3, [r0, #0]
 8001f7e:	f013 0f01 	tst.w	r3, #1
 8001f82:	d03b      	beq.n	8001ffc <HAL_RCC_OscConfig+0x8c>
  {
    /* Check the parameters */
    assert_param(IS_RCC_HSE(RCC_OscInitStruct->HSEState));
    /* When the HSE is used as system clock or clock source for PLL in these cases HSE will not disabled */
    if ((__HAL_RCC_GET_SYSCLK_SOURCE() == RCC_CFGR_SWS_HSE) || \
 8001f84:	4b9f      	ldr	r3, [pc, #636]	@ (8002204 <HAL_RCC_OscConfig+0x294>)
 8001f86:	689b      	ldr	r3, [r3, #8]
 8001f88:	f003 030c 	and.w	r3, r3, #12
 8001f8c:	2b04      	cmp	r3, #4
 8001f8e:	d02c      	beq.n	8001fea <HAL_RCC_OscConfig+0x7a>
        ((__HAL_RCC_GET_SYSCLK_SOURCE() == RCC_CFGR_SWS_PLL) && ((RCC->PLLCFGR & RCC_PLLCFGR_PLLSRC) == RCC_PLLCFGR_PLLSRC_HSE)))
 8001f90:	4b9c      	ldr	r3, [pc, #624]	@ (8002204 <HAL_RCC_OscConfig+0x294>)
 8001f92:	689b      	ldr	r3, [r3, #8]
 8001f94:	f003 030c 	and.w	r3, r3, #12
    if ((__HAL_RCC_GET_SYSCLK_SOURCE() == RCC_CFGR_SWS_HSE) || \
 8001f98:	2b08      	cmp	r3, #8
 8001f9a:	d021      	beq.n	8001fe0 <HAL_RCC_OscConfig+0x70>
      }
    }
    else
    {
      /* Set the new HSE configuration ---------------------------------------*/
      __HAL_RCC_HSE_CONFIG(RCC_OscInitStruct->HSEState);
 8001f9c:	6863      	ldr	r3, [r4, #4]
 8001f9e:	f5b3 3f80 	cmp.w	r3, #65536	@ 0x10000
 8001fa2:	d04f      	beq.n	8002044 <HAL_RCC_OscConfig+0xd4>
 8001fa4:	f5b3 2fa0 	cmp.w	r3, #327680	@ 0x50000
 8001fa8:	d052      	beq.n	8002050 <HAL_RCC_OscConfig+0xe0>
 8001faa:	4b96      	ldr	r3, [pc, #600]	@ (8002204 <HAL_RCC_OscConfig+0x294>)
 8001fac:	681a      	ldr	r2, [r3, #0]
 8001fae:	f422 3280 	bic.w	r2, r2, #65536	@ 0x10000
 8001fb2:	601a      	str	r2, [r3, #0]
 8001fb4:	681a      	ldr	r2, [r3, #0]
 8001fb6:	f422 2280 	bic.w	r2, r2, #262144	@ 0x40000
 8001fba:	601a      	str	r2, [r3, #0]

      /* Check the HSE State */
      if ((RCC_OscInitStruct->HSEState) != RCC_HSE_OFF)
 8001fbc:	6863      	ldr	r3, [r4, #4]
 8001fbe:	2b00      	cmp	r3, #0
 8001fc0:	d050      	beq.n	8002064 <HAL_RCC_OscConfig+0xf4>
      {
        /* Get Start Tick */
        tickstart = HAL_GetTick();
 8001fc2:	f7ff fc6d 	bl	80018a0 <HAL_GetTick>
 8001fc6:	4605      	mov	r5, r0

        /* Wait till HSE is ready */
        while (__HAL_RCC_GET_FLAG(RCC_FLAG_HSERDY) == RESET)
 8001fc8:	4b8e      	ldr	r3, [pc, #568]	@ (8002204 <HAL_RCC_OscConfig+0x294>)
 8001fca:	681b      	ldr	r3, [r3, #0]
 8001fcc:	f413 3f00 	tst.w	r3, #131072	@ 0x20000
 8001fd0:	d114      	bne.n	8001ffc <HAL_RCC_OscConfig+0x8c>
        {
          if ((HAL_GetTick() - tickstart) > HSE_TIMEOUT_VALUE)
 8001fd2:	f7ff fc65 	bl	80018a0 <HAL_GetTick>
 8001fd6:	1b40      	subs	r0, r0, r5
 8001fd8:	2864      	cmp	r0, #100	@ 0x64
 8001fda:	d9f5      	bls.n	8001fc8 <HAL_RCC_OscConfig+0x58>
          {
            return HAL_TIMEOUT;
 8001fdc:	2003      	movs	r0, #3
 8001fde:	e1b1      	b.n	8002344 <HAL_RCC_OscConfig+0x3d4>
        ((__HAL_RCC_GET_SYSCLK_SOURCE() == RCC_CFGR_SWS_PLL) && ((RCC->PLLCFGR & RCC_PLLCFGR_PLLSRC) == RCC_PLLCFGR_PLLSRC_HSE)))
 8001fe0:	4b88      	ldr	r3, [pc, #544]	@ (8002204 <HAL_RCC_OscConfig+0x294>)
 8001fe2:	685b      	ldr	r3, [r3, #4]
 8001fe4:	f413 0f80 	tst.w	r3, #4194304	@ 0x400000
 8001fe8:	d0d8      	beq.n	8001f9c <HAL_RCC_OscConfig+0x2c>
      if ((__HAL_RCC_GET_FLAG(RCC_FLAG_HSERDY) != RESET) && (RCC_OscInitStruct->HSEState == RCC_HSE_OFF))
 8001fea:	4b86      	ldr	r3, [pc, #536]	@ (8002204 <HAL_RCC_OscConfig+0x294>)
 8001fec:	681b      	ldr	r3, [r3, #0]
 8001fee:	f413 3f00 	tst.w	r3, #131072	@ 0x20000
 8001ff2:	d003      	beq.n	8001ffc <HAL_RCC_OscConfig+0x8c>
 8001ff4:	6863      	ldr	r3, [r4, #4]
 8001ff6:	2b00      	cmp	r3, #0
 8001ff8:	f000 819f 	beq.w	800233a <HAL_RCC_OscConfig+0x3ca>
        }
      }
    }
  }
  /*----------------------------- HSI Configuration --------------------------*/
  if (((RCC_OscInitStruct->OscillatorType) & RCC_OSCILLATORTYPE_HSI) == RCC_OSCILLATORTYPE_HSI)
 8001ffc:	6823      	ldr	r3, [r4, #0]
 8001ffe:	f013 0f02 	tst.w	r3, #2
 8002002:	d054      	beq.n	80020ae <HAL_RCC_OscConfig+0x13e>
    /* Check the parameters */
    assert_param(IS_RCC_HSI(RCC_OscInitStruct->HSIState));
    assert_param(IS_RCC_CALIBRATION_VALUE(RCC_OscInitStruct->HSICalibrationValue));

    /* Check if HSI is used as system clock or as PLL source when PLL is selected as system clock */
    if ((__HAL_RCC_GET_SYSCLK_SOURCE() == RCC_CFGR_SWS_HSI) || \
 8002004:	4b7f      	ldr	r3, [pc, #508]	@ (8002204 <HAL_RCC_OscConfig+0x294>)
 8002006:	689b      	ldr	r3, [r3, #8]
 8002008:	f013 0f0c 	tst.w	r3, #12
 800200c:	d03e      	beq.n	800208c <HAL_RCC_OscConfig+0x11c>
        ((__HAL_RCC_GET_SYSCLK_SOURCE() == RCC_CFGR_SWS_PLL) && ((RCC->PLLCFGR & RCC_PLLCFGR_PLLSRC) == RCC_PLLCFGR_PLLSRC_HSI)))
 800200e:	4b7d      	ldr	r3, [pc, #500]	@ (8002204 <HAL_RCC_OscConfig+0x294>)
 8002010:	689b      	ldr	r3, [r3, #8]
 8002012:	f003 030c 	and.w	r3, r3, #12
    if ((__HAL_RCC_GET_SYSCLK_SOURCE() == RCC_CFGR_SWS_HSI) || \
 8002016:	2b08      	cmp	r3, #8
 8002018:	d033      	beq.n	8002082 <HAL_RCC_OscConfig+0x112>
      }
    }
    else
    {
      /* Check the HSI State */
      if ((RCC_OscInitStruct->HSIState) != RCC_HSI_OFF)
 800201a:	68e3      	ldr	r3, [r4, #12]
 800201c:	2b00      	cmp	r3, #0
 800201e:	d068      	beq.n	80020f2 <HAL_RCC_OscConfig+0x182>
      {
        /* Enable the Internal High Speed oscillator (HSI). */
        __HAL_RCC_HSI_ENABLE();
 8002020:	4b79      	ldr	r3, [pc, #484]	@ (8002208 <HAL_RCC_OscConfig+0x298>)
 8002022:	2201      	movs	r2, #1
 8002024:	601a      	str	r2, [r3, #0]

        /* Get Start Tick*/
        tickstart = HAL_GetTick();
 8002026:	f7ff fc3b 	bl	80018a0 <HAL_GetTick>
 800202a:	4605      	mov	r5, r0

        /* Wait till HSI is ready */
        while (__HAL_RCC_GET_FLAG(RCC_FLAG_HSIRDY) == RESET)
 800202c:	4b75      	ldr	r3, [pc, #468]	@ (8002204 <HAL_RCC_OscConfig+0x294>)
 800202e:	681b      	ldr	r3, [r3, #0]
 8002030:	f013 0f02 	tst.w	r3, #2
 8002034:	d154      	bne.n	80020e0 <HAL_RCC_OscConfig+0x170>
        {
          if ((HAL_GetTick() - tickstart) > HSI_TIMEOUT_VALUE)
 8002036:	f7ff fc33 	bl	80018a0 <HAL_GetTick>
 800203a:	1b40      	subs	r0, r0, r5
 800203c:	2802      	cmp	r0, #2
 800203e:	d9f5      	bls.n	800202c <HAL_RCC_OscConfig+0xbc>
          {
            return HAL_TIMEOUT;
 8002040:	2003      	movs	r0, #3
 8002042:	e17f      	b.n	8002344 <HAL_RCC_OscConfig+0x3d4>
      __HAL_RCC_HSE_CONFIG(RCC_OscInitStruct->HSEState);
 8002044:	4a6f      	ldr	r2, [pc, #444]	@ (8002204 <HAL_RCC_OscConfig+0x294>)
 8002046:	6813      	ldr	r3, [r2, #0]
 8002048:	f443 3380 	orr.w	r3, r3, #65536	@ 0x10000
 800204c:	6013      	str	r3, [r2, #0]
 800204e:	e7b5      	b.n	8001fbc <HAL_RCC_OscConfig+0x4c>
 8002050:	4b6c      	ldr	r3, [pc, #432]	@ (8002204 <HAL_RCC_OscConfig+0x294>)
 8002052:	681a      	ldr	r2, [r3, #0]
 8002054:	f442 2280 	orr.w	r2, r2, #262144	@ 0x40000
 8002058:	601a      	str	r2, [r3, #0]
 800205a:	681a      	ldr	r2, [r3, #0]
 800205c:	f442 3280 	orr.w	r2, r2, #65536	@ 0x10000
 8002060:	601a      	str	r2, [r3, #0]
 8002062:	e7ab      	b.n	8001fbc <HAL_RCC_OscConfig+0x4c>
        tickstart = HAL_GetTick();
 8002064:	f7ff fc1c 	bl	80018a0 <HAL_GetTick>
 8002068:	4605      	mov	r5, r0
        while (__HAL_RCC_GET_FLAG(RCC_FLAG_HSERDY) != RESET)
 800206a:	4b66      	ldr	r3, [pc, #408]	@ (8002204 <HAL_RCC_OscConfig+0x294>)
 800206c:	681b      	ldr	r3, [r3, #0]
 800206e:	f413 3f00 	tst.w	r3, #131072	@ 0x20000
 8002072:	d0c3      	beq.n	8001ffc <HAL_RCC_OscConfig+0x8c>
          if ((HAL_GetTick() - tickstart) > HSE_TIMEOUT_VALUE)
 8002074:	f7ff fc14 	bl	80018a0 <HAL_GetTick>
 8002078:	1b40      	subs	r0, r0, r5
 800207a:	2864      	cmp	r0, #100	@ 0x64
 800207c:	d9f5      	bls.n	800206a <HAL_RCC_OscConfig+0xfa>
            return HAL_TIMEOUT;
 800207e:	2003      	movs	r0, #3
 8002080:	e160      	b.n	8002344 <HAL_RCC_OscConfig+0x3d4>
        ((__HAL_RCC_GET_SYSCLK_SOURCE() == RCC_CFGR_SWS_PLL) && ((RCC->PLLCFGR & RCC_PLLCFGR_PLLSRC) == RCC_PLLCFGR_PLLSRC_HSI)))
 8002082:	4b60      	ldr	r3, [pc, #384]	@ (8002204 <HAL_RCC_OscConfig+0x294>)
 8002084:	685b      	ldr	r3, [r3, #4]
 8002086:	f413 0f80 	tst.w	r3, #4194304	@ 0x400000
 800208a:	d1c6      	bne.n	800201a <HAL_RCC_OscConfig+0xaa>
      if ((__HAL_RCC_GET_FLAG(RCC_FLAG_HSIRDY) != RESET) && (RCC_OscInitStruct->HSIState != RCC_HSI_ON))
 800208c:	4b5d      	ldr	r3, [pc, #372]	@ (8002204 <HAL_RCC_OscConfig+0x294>)
 800208e:	681b      	ldr	r3, [r3, #0]
 8002090:	f013 0f02 	tst.w	r3, #2
 8002094:	d003      	beq.n	800209e <HAL_RCC_OscConfig+0x12e>
 8002096:	68e3      	ldr	r3, [r4, #12]
 8002098:	2b01      	cmp	r3, #1
 800209a:	f040 8150 	bne.w	800233e <HAL_RCC_OscConfig+0x3ce>
        __HAL_RCC_HSI_CALIBRATIONVALUE_ADJUST(RCC_OscInitStruct->HSICalibrationValue);
 800209e:	4a59      	ldr	r2, [pc, #356]	@ (8002204 <HAL_RCC_OscConfig+0x294>)
 80020a0:	6813      	ldr	r3, [r2, #0]
 80020a2:	f023 03f8 	bic.w	r3, r3, #248	@ 0xf8
 80020a6:	6921      	ldr	r1, [r4, #16]
 80020a8:	ea43 03c1 	orr.w	r3, r3, r1, lsl #3
 80020ac:	6013      	str	r3, [r2, #0]
        }
      }
    }
  }
  /*------------------------------ LSI Configuration -------------------------*/
  if (((RCC_OscInitStruct->OscillatorType) & RCC_OSCILLATORTYPE_LSI) == RCC_OSCILLATORTYPE_LSI)
 80020ae:	6823      	ldr	r3, [r4, #0]
 80020b0:	f013 0f08 	tst.w	r3, #8
 80020b4:	d042      	beq.n	800213c <HAL_RCC_OscConfig+0x1cc>
  {
    /* Check the parameters */
    assert_param(IS_RCC_LSI(RCC_OscInitStruct->LSIState));

    /* Check the LSI State */
    if ((RCC_OscInitStruct->LSIState) != RCC_LSI_OFF)
 80020b6:	6963      	ldr	r3, [r4, #20]
 80020b8:	b36b      	cbz	r3, 8002116 <HAL_RCC_OscConfig+0x1a6>
    {
      /* Enable the Internal Low Speed oscillator (LSI). */
      __HAL_RCC_LSI_ENABLE();
 80020ba:	4b53      	ldr	r3, [pc, #332]	@ (8002208 <HAL_RCC_OscConfig+0x298>)
 80020bc:	2201      	movs	r2, #1
 80020be:	f8c3 2e80 	str.w	r2, [r3, #3712]	@ 0xe80

      /* Get Start Tick*/
      tickstart = HAL_GetTick();
 80020c2:	f7ff fbed 	bl	80018a0 <HAL_GetTick>
 80020c6:	4605      	mov	r5, r0

      /* Wait till LSI is ready */
      while (__HAL_RCC_GET_FLAG(RCC_FLAG_LSIRDY) == RESET)
 80020c8:	4b4e      	ldr	r3, [pc, #312]	@ (8002204 <HAL_RCC_OscConfig+0x294>)
 80020ca:	6f5b      	ldr	r3, [r3, #116]	@ 0x74
 80020cc:	f013 0f02 	tst.w	r3, #2
 80020d0:	d134      	bne.n	800213c <HAL_RCC_OscConfig+0x1cc>
      {
        if ((HAL_GetTick() - tickstart) > LSI_TIMEOUT_VALUE)
 80020d2:	f7ff fbe5 	bl	80018a0 <HAL_GetTick>
 80020d6:	1b40      	subs	r0, r0, r5
 80020d8:	2802      	cmp	r0, #2
 80020da:	d9f5      	bls.n	80020c8 <HAL_RCC_OscConfig+0x158>
        {
          return HAL_TIMEOUT;
 80020dc:	2003      	movs	r0, #3
 80020de:	e131      	b.n	8002344 <HAL_RCC_OscConfig+0x3d4>
        __HAL_RCC_HSI_CALIBRATIONVALUE_ADJUST(RCC_OscInitStruct->HSICalibrationValue);
 80020e0:	4a48      	ldr	r2, [pc, #288]	@ (8002204 <HAL_RCC_OscConfig+0x294>)
 80020e2:	6813      	ldr	r3, [r2, #0]
 80020e4:	f023 03f8 	bic.w	r3, r3, #248	@ 0xf8
 80020e8:	6921      	ldr	r1, [r4, #16]
 80020ea:	ea43 03c1 	orr.w	r3, r3, r1, lsl #3
 80020ee:	6013      	str	r3, [r2, #0]
 80020f0:	e7dd      	b.n	80020ae <HAL_RCC_OscConfig+0x13e>
        __HAL_RCC_HSI_DISABLE();
 80020f2:	4b45      	ldr	r3, [pc, #276]	@ (8002208 <HAL_RCC_OscConfig+0x298>)
 80020f4:	2200      	movs	r2, #0
 80020f6:	601a      	str	r2, [r3, #0]
        tickstart = HAL_GetTick();
 80020f8:	f7ff fbd2 	bl	80018a0 <HAL_GetTick>
 80020fc:	4605      	mov	r5, r0
        while (__HAL_RCC_GET_FLAG(RCC_FLAG_HSIRDY) != RESET)
 80020fe:	4b41      	ldr	r3, [pc, #260]	@ (8002204 <HAL_RCC_OscConfig+0x294>)
 8002100:	681b      	ldr	r3, [r3, #0]
 8002102:	f013 0f02 	tst.w	r3, #2
 8002106:	d0d2      	beq.n	80020ae <HAL_RCC_OscConfig+0x13e>
          if ((HAL_GetTick() - tickstart) > HSI_TIMEOUT_VALUE)
 8002108:	f7ff fbca 	bl	80018a0 <HAL_GetTick>
 800210c:	1b40      	subs	r0, r0, r5
 800210e:	2802      	cmp	r0, #2
 8002110:	d9f5      	bls.n	80020fe <HAL_RCC_OscConfig+0x18e>
            return HAL_TIMEOUT;
 8002112:	2003      	movs	r0, #3
 8002114:	e116      	b.n	8002344 <HAL_RCC_OscConfig+0x3d4>
      }
    }
    else
    {
      /* Disable the Internal Low Speed oscillator (LSI). */
      __HAL_RCC_LSI_DISABLE();
 8002116:	4b3c      	ldr	r3, [pc, #240]	@ (8002208 <HAL_RCC_OscConfig+0x298>)
 8002118:	2200      	movs	r2, #0
 800211a:	f8c3 2e80 	str.w	r2, [r3, #3712]	@ 0xe80

      /* Get Start Tick */
      tickstart = HAL_GetTick();
 800211e:	f7ff fbbf 	bl	80018a0 <HAL_GetTick>
 8002122:	4605      	mov	r5, r0

      /* Wait till LSI is ready */
      while (__HAL_RCC_GET_FLAG(RCC_FLAG_LSIRDY) != RESET)
 8002124:	4b37      	ldr	r3, [pc, #220]	@ (8002204 <HAL_RCC_OscConfig+0x294>)
 8002126:	6f5b      	ldr	r3, [r3, #116]	@ 0x74
 8002128:	f013 0f02 	tst.w	r3, #2
 800212c:	d006      	beq.n	800213c <HAL_RCC_OscConfig+0x1cc>
      {
        if ((HAL_GetTick() - tickstart) > LSI_TIMEOUT_VALUE)
 800212e:	f7ff fbb7 	bl	80018a0 <HAL_GetTick>
 8002132:	1b40      	subs	r0, r0, r5
 8002134:	2802      	cmp	r0, #2
 8002136:	d9f5      	bls.n	8002124 <HAL_RCC_OscConfig+0x1b4>
        {
          return HAL_TIMEOUT;
 8002138:	2003      	movs	r0, #3
 800213a:	e103      	b.n	8002344 <HAL_RCC_OscConfig+0x3d4>
        }
      }
    }
  }
  /*------------------------------ LSE Configuration -------------------------*/
  if (((RCC_OscInitStruct->OscillatorType) & RCC_OSCILLATORTYPE_LSE) == RCC_OSCILLATORTYPE_LSE)
 800213c:	6823      	ldr	r3, [r4, #0]
 800213e:	f013 0f04 	tst.w	r3, #4
 8002142:	d077      	beq.n	8002234 <HAL_RCC_OscConfig+0x2c4>
    /* Check the parameters */
    assert_param(IS_RCC_LSE(RCC_OscInitStruct->LSEState));

    /* Update LSE configuration in Backup Domain control register    */
    /* Requires to enable write access to Backup Domain of necessary */
    if (__HAL_RCC_PWR_IS_CLK_DISABLED())
 8002144:	4b2f      	ldr	r3, [pc, #188]	@ (8002204 <HAL_RCC_OscConfig+0x294>)
 8002146:	6c1b      	ldr	r3, [r3, #64]	@ 0x40
 8002148:	f013 5f80 	tst.w	r3, #268435456	@ 0x10000000
 800214c:	d133      	bne.n	80021b6 <HAL_RCC_OscConfig+0x246>
    {
      __HAL_RCC_PWR_CLK_ENABLE();
 800214e:	2300      	movs	r3, #0
 8002150:	9301      	str	r3, [sp, #4]
 8002152:	4b2c      	ldr	r3, [pc, #176]	@ (8002204 <HAL_RCC_OscConfig+0x294>)
 8002154:	6c1a      	ldr	r2, [r3, #64]	@ 0x40
 8002156:	f042 5280 	orr.w	r2, r2, #268435456	@ 0x10000000
 800215a:	641a      	str	r2, [r3, #64]	@ 0x40
 800215c:	6c1b      	ldr	r3, [r3, #64]	@ 0x40
 800215e:	f003 5380 	and.w	r3, r3, #268435456	@ 0x10000000
 8002162:	9301      	str	r3, [sp, #4]
 8002164:	9b01      	ldr	r3, [sp, #4]
      pwrclkchanged = SET;
 8002166:	2501      	movs	r5, #1
    }

    if (HAL_IS_BIT_CLR(PWR->CR, PWR_CR_DBP))
 8002168:	4b28      	ldr	r3, [pc, #160]	@ (800220c <HAL_RCC_OscConfig+0x29c>)
 800216a:	681b      	ldr	r3, [r3, #0]
 800216c:	f413 7f80 	tst.w	r3, #256	@ 0x100
 8002170:	d023      	beq.n	80021ba <HAL_RCC_OscConfig+0x24a>
        }
      }
    }

    /* Set the new LSE configuration -----------------------------------------*/
    __HAL_RCC_LSE_CONFIG(RCC_OscInitStruct->LSEState);
 8002172:	68a3      	ldr	r3, [r4, #8]
 8002174:	2b01      	cmp	r3, #1
 8002176:	d034      	beq.n	80021e2 <HAL_RCC_OscConfig+0x272>
 8002178:	2b05      	cmp	r3, #5
 800217a:	d038      	beq.n	80021ee <HAL_RCC_OscConfig+0x27e>
 800217c:	4b21      	ldr	r3, [pc, #132]	@ (8002204 <HAL_RCC_OscConfig+0x294>)
 800217e:	6f1a      	ldr	r2, [r3, #112]	@ 0x70
 8002180:	f022 0201 	bic.w	r2, r2, #1
 8002184:	671a      	str	r2, [r3, #112]	@ 0x70
 8002186:	6f1a      	ldr	r2, [r3, #112]	@ 0x70
 8002188:	f022 0204 	bic.w	r2, r2, #4
 800218c:	671a      	str	r2, [r3, #112]	@ 0x70
    /* Check the LSE State */
    if ((RCC_OscInitStruct->LSEState) != RCC_LSE_OFF)
 800218e:	68a3      	ldr	r3, [r4, #8]
 8002190:	2b00      	cmp	r3, #0
 8002192:	d03d      	beq.n	8002210 <HAL_RCC_OscConfig+0x2a0>
    {
      /* Get Start Tick*/
      tickstart = HAL_GetTick();
 8002194:	f7ff fb84 	bl	80018a0 <HAL_GetTick>
 8002198:	4606      	mov	r6, r0

      /* Wait till LSE is ready */
      while (__HAL_RCC_GET_FLAG(RCC_FLAG_LSERDY) == RESET)
 800219a:	4b1a      	ldr	r3, [pc, #104]	@ (8002204 <HAL_RCC_OscConfig+0x294>)
 800219c:	6f1b      	ldr	r3, [r3, #112]	@ 0x70
 800219e:	f013 0f02 	tst.w	r3, #2
 80021a2:	d146      	bne.n	8002232 <HAL_RCC_OscConfig+0x2c2>
      {
        if ((HAL_GetTick() - tickstart) > RCC_LSE_TIMEOUT_VALUE)
 80021a4:	f7ff fb7c 	bl	80018a0 <HAL_GetTick>
 80021a8:	1b80      	subs	r0, r0, r6
 80021aa:	f241 3388 	movw	r3, #5000	@ 0x1388
 80021ae:	4298      	cmp	r0, r3
 80021b0:	d9f3      	bls.n	800219a <HAL_RCC_OscConfig+0x22a>
        {
          return HAL_TIMEOUT;
 80021b2:	2003      	movs	r0, #3
 80021b4:	e0c6      	b.n	8002344 <HAL_RCC_OscConfig+0x3d4>
    FlagStatus       pwrclkchanged = RESET;
 80021b6:	2500      	movs	r5, #0
 80021b8:	e7d6      	b.n	8002168 <HAL_RCC_OscConfig+0x1f8>
      SET_BIT(PWR->CR, PWR_CR_DBP);
 80021ba:	4a14      	ldr	r2, [pc, #80]	@ (800220c <HAL_RCC_OscConfig+0x29c>)
 80021bc:	6813      	ldr	r3, [r2, #0]
 80021be:	f443 7380 	orr.w	r3, r3, #256	@ 0x100
 80021c2:	6013      	str	r3, [r2, #0]
      tickstart = HAL_GetTick();
 80021c4:	f7ff fb6c 	bl	80018a0 <HAL_GetTick>
 80021c8:	4606      	mov	r6, r0
      while (HAL_IS_BIT_CLR(PWR->CR, PWR_CR_DBP))
 80021ca:	4b10      	ldr	r3, [pc, #64]	@ (800220c <HAL_RCC_OscConfig+0x29c>)
 80021cc:	681b      	ldr	r3, [r3, #0]
 80021ce:	f413 7f80 	tst.w	r3, #256	@ 0x100
 80021d2:	d1ce      	bne.n	8002172 <HAL_RCC_OscConfig+0x202>
        if ((HAL_GetTick() - tickstart) > RCC_DBP_TIMEOUT_VALUE)
 80021d4:	f7ff fb64 	bl	80018a0 <HAL_GetTick>
 80021d8:	1b80      	subs	r0, r0, r6
 80021da:	2802      	cmp	r0, #2
 80021dc:	d9f5      	bls.n	80021ca <HAL_RCC_OscConfig+0x25a>
          return HAL_TIMEOUT;
 80021de:	2003      	movs	r0, #3
 80021e0:	e0b0      	b.n	8002344 <HAL_RCC_OscConfig+0x3d4>
    __HAL_RCC_LSE_CONFIG(RCC_OscInitStruct->LSEState);
 80021e2:	4a08      	ldr	r2, [pc, #32]	@ (8002204 <HAL_RCC_OscConfig+0x294>)
 80021e4:	6f13      	ldr	r3, [r2, #112]	@ 0x70
 80021e6:	f043 0301 	orr.w	r3, r3, #1
 80021ea:	6713      	str	r3, [r2, #112]	@ 0x70
 80021ec:	e7cf      	b.n	800218e <HAL_RCC_OscConfig+0x21e>
 80021ee:	4b05      	ldr	r3, [pc, #20]	@ (8002204 <HAL_RCC_OscConfig+0x294>)
 80021f0:	6f1a      	ldr	r2, [r3, #112]	@ 0x70
 80021f2:	f042 0204 	orr.w	r2, r2, #4
 80021f6:	671a      	str	r2, [r3, #112]	@ 0x70
 80021f8:	6f1a      	ldr	r2, [r3, #112]	@ 0x70
 80021fa:	f042 0201 	orr.w	r2, r2, #1
 80021fe:	671a      	str	r2, [r3, #112]	@ 0x70
 8002200:	e7c5      	b.n	800218e <HAL_RCC_OscConfig+0x21e>
 8002202:	bf00      	nop
 8002204:	40023800 	.word	0x40023800
 8002208:	42470000 	.word	0x42470000
 800220c:	40007000 	.word	0x40007000
      }
    }
    else
    {
      /* Get Start Tick */
      tickstart = HAL_GetTick();
 8002210:	f7ff fb46 	bl	80018a0 <HAL_GetTick>
 8002214:	4606      	mov	r6, r0

      /* Wait till LSE is ready */
      while (__HAL_RCC_GET_FLAG(RCC_FLAG_LSERDY) != RESET)
 8002216:	4b52      	ldr	r3, [pc, #328]	@ (8002360 <HAL_RCC_OscConfig+0x3f0>)
 8002218:	6f1b      	ldr	r3, [r3, #112]	@ 0x70
 800221a:	f013 0f02 	tst.w	r3, #2
 800221e:	d008      	beq.n	8002232 <HAL_RCC_OscConfig+0x2c2>
      {
        if ((HAL_GetTick() - tickstart) > RCC_LSE_TIMEOUT_VALUE)
 8002220:	f7ff fb3e 	bl	80018a0 <HAL_GetTick>
 8002224:	1b80      	subs	r0, r0, r6
 8002226:	f241 3388 	movw	r3, #5000	@ 0x1388
 800222a:	4298      	cmp	r0, r3
 800222c:	d9f3      	bls.n	8002216 <HAL_RCC_OscConfig+0x2a6>
        {
          return HAL_TIMEOUT;
 800222e:	2003      	movs	r0, #3
 8002230:	e088      	b.n	8002344 <HAL_RCC_OscConfig+0x3d4>
        }
      }
    }

    /* Restore clock configuration if changed */
    if (pwrclkchanged == SET)
 8002232:	b9ed      	cbnz	r5, 8002270 <HAL_RCC_OscConfig+0x300>
    }
  }
  /*-------------------------------- PLL Configuration -----------------------*/
  /* Check the parameters */
  assert_param(IS_RCC_PLL(RCC_OscInitStruct->PLL.PLLState));
  if ((RCC_OscInitStruct->PLL.PLLState) != RCC_PLL_NONE)
 8002234:	69a3      	ldr	r3, [r4, #24]
 8002236:	2b00      	cmp	r3, #0
 8002238:	f000 8083 	beq.w	8002342 <HAL_RCC_OscConfig+0x3d2>
  {
    /* Check if the PLL is used as system clock or not */
    if (__HAL_RCC_GET_SYSCLK_SOURCE() != RCC_CFGR_SWS_PLL)
 800223c:	4a48      	ldr	r2, [pc, #288]	@ (8002360 <HAL_RCC_OscConfig+0x3f0>)
 800223e:	6892      	ldr	r2, [r2, #8]
 8002240:	f002 020c 	and.w	r2, r2, #12
 8002244:	2a08      	cmp	r2, #8
 8002246:	d051      	beq.n	80022ec <HAL_RCC_OscConfig+0x37c>
    {
      if ((RCC_OscInitStruct->PLL.PLLState) == RCC_PLL_ON)
 8002248:	2b02      	cmp	r3, #2
 800224a:	d017      	beq.n	800227c <HAL_RCC_OscConfig+0x30c>
        }
      }
      else
      {
        /* Disable the main PLL. */
        __HAL_RCC_PLL_DISABLE();
 800224c:	4b45      	ldr	r3, [pc, #276]	@ (8002364 <HAL_RCC_OscConfig+0x3f4>)
 800224e:	2200      	movs	r2, #0
 8002250:	661a      	str	r2, [r3, #96]	@ 0x60

        /* Get Start Tick */
        tickstart = HAL_GetTick();
 8002252:	f7ff fb25 	bl	80018a0 <HAL_GetTick>
 8002256:	4604      	mov	r4, r0

        /* Wait till PLL is disabled */
        while (__HAL_RCC_GET_FLAG(RCC_FLAG_PLLRDY) != RESET)
 8002258:	4b41      	ldr	r3, [pc, #260]	@ (8002360 <HAL_RCC_OscConfig+0x3f0>)
 800225a:	681b      	ldr	r3, [r3, #0]
 800225c:	f013 7f00 	tst.w	r3, #33554432	@ 0x2000000
 8002260:	d042      	beq.n	80022e8 <HAL_RCC_OscConfig+0x378>
        {
          if ((HAL_GetTick() - tickstart) > PLL_TIMEOUT_VALUE)
 8002262:	f7ff fb1d 	bl	80018a0 <HAL_GetTick>
 8002266:	1b00      	subs	r0, r0, r4
 8002268:	2802      	cmp	r0, #2
 800226a:	d9f5      	bls.n	8002258 <HAL_RCC_OscConfig+0x2e8>
          {
            return HAL_TIMEOUT;
 800226c:	2003      	movs	r0, #3
 800226e:	e069      	b.n	8002344 <HAL_RCC_OscConfig+0x3d4>
      __HAL_RCC_PWR_CLK_DISABLE();
 8002270:	4a3b      	ldr	r2, [pc, #236]	@ (8002360 <HAL_RCC_OscConfig+0x3f0>)
 8002272:	6c13      	ldr	r3, [r2, #64]	@ 0x40
 8002274:	f023 5380 	bic.w	r3, r3, #268435456	@ 0x10000000
 8002278:	6413      	str	r3, [r2, #64]	@ 0x40
 800227a:	e7db      	b.n	8002234 <HAL_RCC_OscConfig+0x2c4>
        __HAL_RCC_PLL_DISABLE();
 800227c:	4b39      	ldr	r3, [pc, #228]	@ (8002364 <HAL_RCC_OscConfig+0x3f4>)
 800227e:	2200      	movs	r2, #0
 8002280:	661a      	str	r2, [r3, #96]	@ 0x60
        tickstart = HAL_GetTick();
 8002282:	f7ff fb0d 	bl	80018a0 <HAL_GetTick>
 8002286:	4605      	mov	r5, r0
        while (__HAL_RCC_GET_FLAG(RCC_FLAG_PLLRDY) != RESET)
 8002288:	4b35      	ldr	r3, [pc, #212]	@ (8002360 <HAL_RCC_OscConfig+0x3f0>)
 800228a:	681b      	ldr	r3, [r3, #0]
 800228c:	f013 7f00 	tst.w	r3, #33554432	@ 0x2000000
 8002290:	d006      	beq.n	80022a0 <HAL_RCC_OscConfig+0x330>
          if ((HAL_GetTick() - tickstart) > PLL_TIMEOUT_VALUE)
 8002292:	f7ff fb05 	bl	80018a0 <HAL_GetTick>
 8002296:	1b40      	subs	r0, r0, r5
 8002298:	2802      	cmp	r0, #2
 800229a:	d9f5      	bls.n	8002288 <HAL_RCC_OscConfig+0x318>
            return HAL_TIMEOUT;
 800229c:	2003      	movs	r0, #3
 800229e:	e051      	b.n	8002344 <HAL_RCC_OscConfig+0x3d4>
        WRITE_REG(RCC->PLLCFGR, (RCC_OscInitStruct->PLL.PLLSource                                            | \
 80022a0:	69e3      	ldr	r3, [r4, #28]
 80022a2:	6a22      	ldr	r2, [r4, #32]
 80022a4:	4313      	orrs	r3, r2
 80022a6:	6a62      	ldr	r2, [r4, #36]	@ 0x24
 80022a8:	ea43 1382 	orr.w	r3, r3, r2, lsl #6
 80022ac:	6aa2      	ldr	r2, [r4, #40]	@ 0x28
 80022ae:	0852      	lsrs	r2, r2, #1
 80022b0:	3a01      	subs	r2, #1
 80022b2:	ea43 4302 	orr.w	r3, r3, r2, lsl #16
 80022b6:	6ae2      	ldr	r2, [r4, #44]	@ 0x2c
 80022b8:	ea43 6302 	orr.w	r3, r3, r2, lsl #24
 80022bc:	4a28      	ldr	r2, [pc, #160]	@ (8002360 <HAL_RCC_OscConfig+0x3f0>)
 80022be:	6053      	str	r3, [r2, #4]
        __HAL_RCC_PLL_ENABLE();
 80022c0:	4b28      	ldr	r3, [pc, #160]	@ (8002364 <HAL_RCC_OscConfig+0x3f4>)
 80022c2:	2201      	movs	r2, #1
 80022c4:	661a      	str	r2, [r3, #96]	@ 0x60
        tickstart = HAL_GetTick();
 80022c6:	f7ff faeb 	bl	80018a0 <HAL_GetTick>
 80022ca:	4604      	mov	r4, r0
        while (__HAL_RCC_GET_FLAG(RCC_FLAG_PLLRDY) == RESET)
 80022cc:	4b24      	ldr	r3, [pc, #144]	@ (8002360 <HAL_RCC_OscConfig+0x3f0>)
 80022ce:	681b      	ldr	r3, [r3, #0]
 80022d0:	f013 7f00 	tst.w	r3, #33554432	@ 0x2000000
 80022d4:	d106      	bne.n	80022e4 <HAL_RCC_OscConfig+0x374>
          if ((HAL_GetTick() - tickstart) > PLL_TIMEOUT_VALUE)
 80022d6:	f7ff fae3 	bl	80018a0 <HAL_GetTick>
 80022da:	1b00      	subs	r0, r0, r4
 80022dc:	2802      	cmp	r0, #2
 80022de:	d9f5      	bls.n	80022cc <HAL_RCC_OscConfig+0x35c>
            return HAL_TIMEOUT;
 80022e0:	2003      	movs	r0, #3
 80022e2:	e02f      	b.n	8002344 <HAL_RCC_OscConfig+0x3d4>
          return HAL_ERROR;
        }
      }
    }
  }
  return HAL_OK;
 80022e4:	2000      	movs	r0, #0
 80022e6:	e02d      	b.n	8002344 <HAL_RCC_OscConfig+0x3d4>
 80022e8:	2000      	movs	r0, #0
 80022ea:	e02b      	b.n	8002344 <HAL_RCC_OscConfig+0x3d4>
      if ((RCC_OscInitStruct->PLL.PLLState) == RCC_PLL_OFF)
 80022ec:	2b01      	cmp	r3, #1
 80022ee:	d02b      	beq.n	8002348 <HAL_RCC_OscConfig+0x3d8>
        pll_config = RCC->PLLCFGR;
 80022f0:	4b1b      	ldr	r3, [pc, #108]	@ (8002360 <HAL_RCC_OscConfig+0x3f0>)
 80022f2:	685b      	ldr	r3, [r3, #4]
            (READ_BIT(pll_config, RCC_PLLCFGR_PLLSRC) != RCC_OscInitStruct->PLL.PLLSource) ||
 80022f4:	f403 0180 	and.w	r1, r3, #4194304	@ 0x400000
 80022f8:	69e2      	ldr	r2, [r4, #28]
        if (((RCC_OscInitStruct->PLL.PLLState) == RCC_PLL_OFF) ||
 80022fa:	4291      	cmp	r1, r2
 80022fc:	d126      	bne.n	800234c <HAL_RCC_OscConfig+0x3dc>
            (READ_BIT(pll_config, RCC_PLLCFGR_PLLM) != (RCC_OscInitStruct->PLL.PLLM) << RCC_PLLCFGR_PLLM_Pos) ||
 80022fe:	f003 023f 	and.w	r2, r3, #63	@ 0x3f
 8002302:	6a21      	ldr	r1, [r4, #32]
            (READ_BIT(pll_config, RCC_PLLCFGR_PLLSRC) != RCC_OscInitStruct->PLL.PLLSource) ||
 8002304:	428a      	cmp	r2, r1
 8002306:	d123      	bne.n	8002350 <HAL_RCC_OscConfig+0x3e0>
            (READ_BIT(pll_config, RCC_PLLCFGR_PLLN) != (RCC_OscInitStruct->PLL.PLLN) << RCC_PLLCFGR_PLLN_Pos) ||
 8002308:	6a61      	ldr	r1, [r4, #36]	@ 0x24
            (READ_BIT(pll_config, RCC_PLLCFGR_PLLM) != (RCC_OscInitStruct->PLL.PLLM) << RCC_PLLCFGR_PLLM_Pos) ||
 800230a:	f647 72c0 	movw	r2, #32704	@ 0x7fc0
 800230e:	401a      	ands	r2, r3
 8002310:	ebb2 1f81 	cmp.w	r2, r1, lsl #6
 8002314:	d11e      	bne.n	8002354 <HAL_RCC_OscConfig+0x3e4>
            (READ_BIT(pll_config, RCC_PLLCFGR_PLLP) != (((RCC_OscInitStruct->PLL.PLLP >> 1U) - 1U)) << RCC_PLLCFGR_PLLP_Pos) ||
 8002316:	f403 3140 	and.w	r1, r3, #196608	@ 0x30000
 800231a:	6aa2      	ldr	r2, [r4, #40]	@ 0x28
 800231c:	0852      	lsrs	r2, r2, #1
 800231e:	3a01      	subs	r2, #1
            (READ_BIT(pll_config, RCC_PLLCFGR_PLLN) != (RCC_OscInitStruct->PLL.PLLN) << RCC_PLLCFGR_PLLN_Pos) ||
 8002320:	ebb1 4f02 	cmp.w	r1, r2, lsl #16
 8002324:	d118      	bne.n	8002358 <HAL_RCC_OscConfig+0x3e8>
            (READ_BIT(pll_config, RCC_PLLCFGR_PLLQ) != (RCC_OscInitStruct->PLL.PLLQ << RCC_PLLCFGR_PLLQ_Pos)))
 8002326:	f003 6370 	and.w	r3, r3, #251658240	@ 0xf000000
 800232a:	6ae2      	ldr	r2, [r4, #44]	@ 0x2c
            (READ_BIT(pll_config, RCC_PLLCFGR_PLLP) != (((RCC_OscInitStruct->PLL.PLLP >> 1U) - 1U)) << RCC_PLLCFGR_PLLP_Pos) ||
 800232c:	ebb3 6f02 	cmp.w	r3, r2, lsl #24
 8002330:	d114      	bne.n	800235c <HAL_RCC_OscConfig+0x3ec>
  return HAL_OK;
 8002332:	2000      	movs	r0, #0
 8002334:	e006      	b.n	8002344 <HAL_RCC_OscConfig+0x3d4>
    return HAL_ERROR;
 8002336:	2001      	movs	r0, #1
}
 8002338:	4770      	bx	lr
        return HAL_ERROR;
 800233a:	2001      	movs	r0, #1
 800233c:	e002      	b.n	8002344 <HAL_RCC_OscConfig+0x3d4>
        return HAL_ERROR;
 800233e:	2001      	movs	r0, #1
 8002340:	e000      	b.n	8002344 <HAL_RCC_OscConfig+0x3d4>
  return HAL_OK;
 8002342:	2000      	movs	r0, #0
}
 8002344:	b002      	add	sp, #8
 8002346:	bd70      	pop	{r4, r5, r6, pc}
        return HAL_ERROR;
 8002348:	2001      	movs	r0, #1
 800234a:	e7fb      	b.n	8002344 <HAL_RCC_OscConfig+0x3d4>
          return HAL_ERROR;
 800234c:	2001      	movs	r0, #1
 800234e:	e7f9      	b.n	8002344 <HAL_RCC_OscConfig+0x3d4>
 8002350:	2001      	movs	r0, #1
 8002352:	e7f7      	b.n	8002344 <HAL_RCC_OscConfig+0x3d4>
 8002354:	2001      	movs	r0, #1
 8002356:	e7f5      	b.n	8002344 <HAL_RCC_OscConfig+0x3d4>
 8002358:	2001      	movs	r0, #1
 800235a:	e7f3      	b.n	8002344 <HAL_RCC_OscConfig+0x3d4>
 800235c:	2001      	movs	r0, #1
 800235e:	e7f1      	b.n	8002344 <HAL_RCC_OscConfig+0x3d4>
 8002360:	40023800 	.word	0x40023800
 8002364:	42470000 	.word	0x42470000

08002368 <HAL_RCC_GetSysClockFreq>:
  *
  *
  * @retval SYSCLK frequency
  */
__weak uint32_t HAL_RCC_GetSysClockFreq(void)
{
 8002368:	b508      	push	{r3, lr}
  uint32_t pllvco = 0U;
  uint32_t pllp = 0U;
  uint32_t sysclockfreq = 0U;

  /* Get SYSCLK source -------------------------------------------------------*/
  switch (RCC->CFGR & RCC_CFGR_SWS)
 800236a:	4b26      	ldr	r3, [pc, #152]	@ (8002404 <HAL_RCC_GetSysClockFreq+0x9c>)
 800236c:	689b      	ldr	r3, [r3, #8]
 800236e:	f003 030c 	and.w	r3, r3, #12
 8002372:	2b04      	cmp	r3, #4
 8002374:	d041      	beq.n	80023fa <HAL_RCC_GetSysClockFreq+0x92>
 8002376:	2b08      	cmp	r3, #8
 8002378:	d141      	bne.n	80023fe <HAL_RCC_GetSysClockFreq+0x96>
    }
    case RCC_CFGR_SWS_PLL:  /* PLL used as system clock  source */
    {
      /* PLL_VCO = (HSE_VALUE or HSI_VALUE / PLLM) * PLLN
      SYSCLK = PLL_VCO / PLLP */
      pllm = RCC->PLLCFGR & RCC_PLLCFGR_PLLM;
 800237a:	4b22      	ldr	r3, [pc, #136]	@ (8002404 <HAL_RCC_GetSysClockFreq+0x9c>)
 800237c:	685a      	ldr	r2, [r3, #4]
 800237e:	f002 023f 	and.w	r2, r2, #63	@ 0x3f
      if (__HAL_RCC_GET_PLL_OSCSOURCE() != RCC_PLLSOURCE_HSI)
 8002382:	685b      	ldr	r3, [r3, #4]
 8002384:	f413 0f80 	tst.w	r3, #4194304	@ 0x400000
 8002388:	d012      	beq.n	80023b0 <HAL_RCC_GetSysClockFreq+0x48>
      {
        /* HSE used as PLL clock source */
        pllvco = (uint32_t)((((uint64_t) HSE_VALUE * ((uint64_t)((RCC->PLLCFGR & RCC_PLLCFGR_PLLN) >> RCC_PLLCFGR_PLLN_Pos)))) / (uint64_t)pllm);
 800238a:	4b1e      	ldr	r3, [pc, #120]	@ (8002404 <HAL_RCC_GetSysClockFreq+0x9c>)
 800238c:	6859      	ldr	r1, [r3, #4]
 800238e:	f3c1 1188 	ubfx	r1, r1, #6, #9
 8002392:	481d      	ldr	r0, [pc, #116]	@ (8002408 <HAL_RCC_GetSysClockFreq+0xa0>)
 8002394:	2300      	movs	r3, #0
 8002396:	fba1 0100 	umull	r0, r1, r1, r0
 800239a:	f7fd ff49 	bl	8000230 <__aeabi_uldivmod>
      else
      {
        /* HSI used as PLL clock source */
        pllvco = (uint32_t)((((uint64_t) HSI_VALUE * ((uint64_t)((RCC->PLLCFGR & RCC_PLLCFGR_PLLN) >> RCC_PLLCFGR_PLLN_Pos)))) / (uint64_t)pllm);
      }
      pllp = ((((RCC->PLLCFGR & RCC_PLLCFGR_PLLP) >> RCC_PLLCFGR_PLLP_Pos) + 1U) * 2U);
 800239e:	4b19      	ldr	r3, [pc, #100]	@ (8002404 <HAL_RCC_GetSysClockFreq+0x9c>)
 80023a0:	685b      	ldr	r3, [r3, #4]
 80023a2:	f3c3 4301 	ubfx	r3, r3, #16, #2
 80023a6:	3301      	adds	r3, #1
 80023a8:	005b      	lsls	r3, r3, #1

      sysclockfreq = pllvco / pllp;
 80023aa:	fbb0 f0f3 	udiv	r0, r0, r3
      sysclockfreq = HSI_VALUE;
      break;
    }
  }
  return sysclockfreq;
}
 80023ae:	bd08      	pop	{r3, pc}
        pllvco = (uint32_t)((((uint64_t) HSI_VALUE * ((uint64_t)((RCC->PLLCFGR & RCC_PLLCFGR_PLLN) >> RCC_PLLCFGR_PLLN_Pos)))) / (uint64_t)pllm);
 80023b0:	4b14      	ldr	r3, [pc, #80]	@ (8002404 <HAL_RCC_GetSysClockFreq+0x9c>)
 80023b2:	6858      	ldr	r0, [r3, #4]
 80023b4:	f3c0 1088 	ubfx	r0, r0, #6, #9
 80023b8:	ea4f 1c40 	mov.w	ip, r0, lsl #5
 80023bc:	ebbc 0c00 	subs.w	ip, ip, r0
 80023c0:	eb6e 0e0e 	sbc.w	lr, lr, lr
 80023c4:	ea4f 138e 	mov.w	r3, lr, lsl #6
 80023c8:	ea43 639c 	orr.w	r3, r3, ip, lsr #26
 80023cc:	ea4f 118c 	mov.w	r1, ip, lsl #6
 80023d0:	ebb1 010c 	subs.w	r1, r1, ip
 80023d4:	eb63 030e 	sbc.w	r3, r3, lr
 80023d8:	00db      	lsls	r3, r3, #3
 80023da:	ea43 7351 	orr.w	r3, r3, r1, lsr #29
 80023de:	00c9      	lsls	r1, r1, #3
 80023e0:	eb11 0c00 	adds.w	ip, r1, r0
 80023e4:	f143 0300 	adc.w	r3, r3, #0
 80023e8:	0299      	lsls	r1, r3, #10
 80023ea:	2300      	movs	r3, #0
 80023ec:	ea4f 208c 	mov.w	r0, ip, lsl #10
 80023f0:	ea41 519c 	orr.w	r1, r1, ip, lsr #22
 80023f4:	f7fd ff1c 	bl	8000230 <__aeabi_uldivmod>
 80023f8:	e7d1      	b.n	800239e <HAL_RCC_GetSysClockFreq+0x36>
      sysclockfreq = HSE_VALUE;
 80023fa:	4803      	ldr	r0, [pc, #12]	@ (8002408 <HAL_RCC_GetSysClockFreq+0xa0>)
 80023fc:	e7d7      	b.n	80023ae <HAL_RCC_GetSysClockFreq+0x46>
  switch (RCC->CFGR & RCC_CFGR_SWS)
 80023fe:	4803      	ldr	r0, [pc, #12]	@ (800240c <HAL_RCC_GetSysClockFreq+0xa4>)
  return sysclockfreq;
 8002400:	e7d5      	b.n	80023ae <HAL_RCC_GetSysClockFreq+0x46>
 8002402:	bf00      	nop
 8002404:	40023800 	.word	0x40023800
 8002408:	017d7840 	.word	0x017d7840
 800240c:	00f42400 	.word	0x00f42400

08002410 <HAL_RCC_ClockConfig>:
  if (RCC_ClkInitStruct == NULL)
 8002410:	2800      	cmp	r0, #0
 8002412:	f000 809b 	beq.w	800254c <HAL_RCC_ClockConfig+0x13c>
{
 8002416:	b570      	push	{r4, r5, r6, lr}
 8002418:	460d      	mov	r5, r1
 800241a:	4604      	mov	r4, r0
  if (FLatency > __HAL_FLASH_GET_LATENCY())
 800241c:	4b4f      	ldr	r3, [pc, #316]	@ (800255c <HAL_RCC_ClockConfig+0x14c>)
 800241e:	681b      	ldr	r3, [r3, #0]
 8002420:	f003 0307 	and.w	r3, r3, #7
 8002424:	428b      	cmp	r3, r1
 8002426:	d208      	bcs.n	800243a <HAL_RCC_ClockConfig+0x2a>
    __HAL_FLASH_SET_LATENCY(FLatency);
 8002428:	b2cb      	uxtb	r3, r1
 800242a:	4a4c      	ldr	r2, [pc, #304]	@ (800255c <HAL_RCC_ClockConfig+0x14c>)
 800242c:	7013      	strb	r3, [r2, #0]
    if (__HAL_FLASH_GET_LATENCY() != FLatency)
 800242e:	6813      	ldr	r3, [r2, #0]
 8002430:	f003 0307 	and.w	r3, r3, #7
 8002434:	428b      	cmp	r3, r1
 8002436:	f040 808b 	bne.w	8002550 <HAL_RCC_ClockConfig+0x140>
  if (((RCC_ClkInitStruct->ClockType) & RCC_CLOCKTYPE_HCLK) == RCC_CLOCKTYPE_HCLK)
 800243a:	6823      	ldr	r3, [r4, #0]
 800243c:	f013 0f02 	tst.w	r3, #2
 8002440:	d017      	beq.n	8002472 <HAL_RCC_ClockConfig+0x62>
    if (((RCC_ClkInitStruct->ClockType) & RCC_CLOCKTYPE_PCLK1) == RCC_CLOCKTYPE_PCLK1)
 8002442:	f013 0f04 	tst.w	r3, #4
 8002446:	d004      	beq.n	8002452 <HAL_RCC_ClockConfig+0x42>
      MODIFY_REG(RCC->CFGR, RCC_CFGR_PPRE1, RCC_HCLK_DIV16);
 8002448:	4a45      	ldr	r2, [pc, #276]	@ (8002560 <HAL_RCC_ClockConfig+0x150>)
 800244a:	6893      	ldr	r3, [r2, #8]
 800244c:	f443 53e0 	orr.w	r3, r3, #7168	@ 0x1c00
 8002450:	6093      	str	r3, [r2, #8]
    if (((RCC_ClkInitStruct->ClockType) & RCC_CLOCKTYPE_PCLK2) == RCC_CLOCKTYPE_PCLK2)
 8002452:	6823      	ldr	r3, [r4, #0]
 8002454:	f013 0f08 	tst.w	r3, #8
 8002458:	d004      	beq.n	8002464 <HAL_RCC_ClockConfig+0x54>
      MODIFY_REG(RCC->CFGR, RCC_CFGR_PPRE2, (RCC_HCLK_DIV16 << 3));
 800245a:	4a41      	ldr	r2, [pc, #260]	@ (8002560 <HAL_RCC_ClockConfig+0x150>)
 800245c:	6893      	ldr	r3, [r2, #8]
 800245e:	f443 4360 	orr.w	r3, r3, #57344	@ 0xe000
 8002462:	6093      	str	r3, [r2, #8]
    MODIFY_REG(RCC->CFGR, RCC_CFGR_HPRE, RCC_ClkInitStruct->AHBCLKDivider);
 8002464:	4a3e      	ldr	r2, [pc, #248]	@ (8002560 <HAL_RCC_ClockConfig+0x150>)
 8002466:	6893      	ldr	r3, [r2, #8]
 8002468:	f023 03f0 	bic.w	r3, r3, #240	@ 0xf0
 800246c:	68a1      	ldr	r1, [r4, #8]
 800246e:	430b      	orrs	r3, r1
 8002470:	6093      	str	r3, [r2, #8]
  if (((RCC_ClkInitStruct->ClockType) & RCC_CLOCKTYPE_SYSCLK) == RCC_CLOCKTYPE_SYSCLK)
 8002472:	6823      	ldr	r3, [r4, #0]
 8002474:	f013 0f01 	tst.w	r3, #1
 8002478:	d032      	beq.n	80024e0 <HAL_RCC_ClockConfig+0xd0>
    if (RCC_ClkInitStruct->SYSCLKSource == RCC_SYSCLKSOURCE_HSE)
 800247a:	6863      	ldr	r3, [r4, #4]
 800247c:	2b01      	cmp	r3, #1
 800247e:	d021      	beq.n	80024c4 <HAL_RCC_ClockConfig+0xb4>
    else if ((RCC_ClkInitStruct->SYSCLKSource == RCC_SYSCLKSOURCE_PLLCLK)   ||
 8002480:	1e9a      	subs	r2, r3, #2
 8002482:	2a01      	cmp	r2, #1
 8002484:	d925      	bls.n	80024d2 <HAL_RCC_ClockConfig+0xc2>
      if (__HAL_RCC_GET_FLAG(RCC_FLAG_HSIRDY) == RESET)
 8002486:	4a36      	ldr	r2, [pc, #216]	@ (8002560 <HAL_RCC_ClockConfig+0x150>)
 8002488:	6812      	ldr	r2, [r2, #0]
 800248a:	f012 0f02 	tst.w	r2, #2
 800248e:	d061      	beq.n	8002554 <HAL_RCC_ClockConfig+0x144>
    __HAL_RCC_SYSCLK_CONFIG(RCC_ClkInitStruct->SYSCLKSource);
 8002490:	4933      	ldr	r1, [pc, #204]	@ (8002560 <HAL_RCC_ClockConfig+0x150>)
 8002492:	688a      	ldr	r2, [r1, #8]
 8002494:	f022 0203 	bic.w	r2, r2, #3
 8002498:	4313      	orrs	r3, r2
 800249a:	608b      	str	r3, [r1, #8]
    tickstart = HAL_GetTick();
 800249c:	f7ff fa00 	bl	80018a0 <HAL_GetTick>
 80024a0:	4606      	mov	r6, r0
    while (__HAL_RCC_GET_SYSCLK_SOURCE() != (RCC_ClkInitStruct->SYSCLKSource << RCC_CFGR_SWS_Pos))
 80024a2:	4b2f      	ldr	r3, [pc, #188]	@ (8002560 <HAL_RCC_ClockConfig+0x150>)
 80024a4:	689b      	ldr	r3, [r3, #8]
 80024a6:	f003 030c 	and.w	r3, r3, #12
 80024aa:	6862      	ldr	r2, [r4, #4]
 80024ac:	ebb3 0f82 	cmp.w	r3, r2, lsl #2
 80024b0:	d016      	beq.n	80024e0 <HAL_RCC_ClockConfig+0xd0>
      if ((HAL_GetTick() - tickstart) > CLOCKSWITCH_TIMEOUT_VALUE)
 80024b2:	f7ff f9f5 	bl	80018a0 <HAL_GetTick>
 80024b6:	1b80      	subs	r0, r0, r6
 80024b8:	f241 3388 	movw	r3, #5000	@ 0x1388
 80024bc:	4298      	cmp	r0, r3
 80024be:	d9f0      	bls.n	80024a2 <HAL_RCC_ClockConfig+0x92>
        return HAL_TIMEOUT;
 80024c0:	2003      	movs	r0, #3
 80024c2:	e042      	b.n	800254a <HAL_RCC_ClockConfig+0x13a>
      if (__HAL_RCC_GET_FLAG(RCC_FLAG_HSERDY) == RESET)
 80024c4:	4a26      	ldr	r2, [pc, #152]	@ (8002560 <HAL_RCC_ClockConfig+0x150>)
 80024c6:	6812      	ldr	r2, [r2, #0]
 80024c8:	f412 3f00 	tst.w	r2, #131072	@ 0x20000
 80024cc:	d1e0      	bne.n	8002490 <HAL_RCC_ClockConfig+0x80>
        return HAL_ERROR;
 80024ce:	2001      	movs	r0, #1
 80024d0:	e03b      	b.n	800254a <HAL_RCC_ClockConfig+0x13a>
      if (__HAL_RCC_GET_FLAG(RCC_FLAG_PLLRDY) == RESET)
 80024d2:	4a23      	ldr	r2, [pc, #140]	@ (8002560 <HAL_RCC_ClockConfig+0x150>)
 80024d4:	6812      	ldr	r2, [r2, #0]
 80024d6:	f012 7f00 	tst.w	r2, #33554432	@ 0x2000000
 80024da:	d1d9      	bne.n	8002490 <HAL_RCC_ClockConfig+0x80>
        return HAL_ERROR;
 80024dc:	2001      	movs	r0, #1
 80024de:	e034      	b.n	800254a <HAL_RCC_ClockConfig+0x13a>
  if (FLatency < __HAL_FLASH_GET_LATENCY())
 80024e0:	4b1e      	ldr	r3, [pc, #120]	@ (800255c <HAL_RCC_ClockConfig+0x14c>)
 80024e2:	681b      	ldr	r3, [r3, #0]
 80024e4:	f003 0307 	and.w	r3, r3, #7
 80024e8:	42ab      	cmp	r3, r5
 80024ea:	d907      	bls.n	80024fc <HAL_RCC_ClockConfig+0xec>
    __HAL_FLASH_SET_LATENCY(FLatency);
 80024ec:	b2ea      	uxtb	r2, r5
 80024ee:	4b1b      	ldr	r3, [pc, #108]	@ (800255c <HAL_RCC_ClockConfig+0x14c>)
 80024f0:	701a      	strb	r2, [r3, #0]
    if (__HAL_FLASH_GET_LATENCY() != FLatency)
 80024f2:	681b      	ldr	r3, [r3, #0]
 80024f4:	f003 0307 	and.w	r3, r3, #7
 80024f8:	42ab      	cmp	r3, r5
 80024fa:	d12d      	bne.n	8002558 <HAL_RCC_ClockConfig+0x148>
  if (((RCC_ClkInitStruct->ClockType) & RCC_CLOCKTYPE_PCLK1) == RCC_CLOCKTYPE_PCLK1)
 80024fc:	6823      	ldr	r3, [r4, #0]
 80024fe:	f013 0f04 	tst.w	r3, #4
 8002502:	d006      	beq.n	8002512 <HAL_RCC_ClockConfig+0x102>
    MODIFY_REG(RCC->CFGR, RCC_CFGR_PPRE1, RCC_ClkInitStruct->APB1CLKDivider);
 8002504:	4a16      	ldr	r2, [pc, #88]	@ (8002560 <HAL_RCC_ClockConfig+0x150>)
 8002506:	6893      	ldr	r3, [r2, #8]
 8002508:	f423 53e0 	bic.w	r3, r3, #7168	@ 0x1c00
 800250c:	68e1      	ldr	r1, [r4, #12]
 800250e:	430b      	orrs	r3, r1
 8002510:	6093      	str	r3, [r2, #8]
  if (((RCC_ClkInitStruct->ClockType) & RCC_CLOCKTYPE_PCLK2) == RCC_CLOCKTYPE_PCLK2)
 8002512:	6823      	ldr	r3, [r4, #0]
 8002514:	f013 0f08 	tst.w	r3, #8
 8002518:	d007      	beq.n	800252a <HAL_RCC_ClockConfig+0x11a>
    MODIFY_REG(RCC->CFGR, RCC_CFGR_PPRE2, ((RCC_ClkInitStruct->APB2CLKDivider) << 3U));
 800251a:	4a11      	ldr	r2, [pc, #68]	@ (8002560 <HAL_RCC_ClockConfig+0x150>)
 800251c:	6893      	ldr	r3, [r2, #8]
 800251e:	f423 4360 	bic.w	r3, r3, #57344	@ 0xe000
 8002522:	6921      	ldr	r1, [r4, #16]
 8002524:	ea43 03c1 	orr.w	r3, r3, r1, lsl #3
 8002528:	6093      	str	r3, [r2, #8]
  SystemCoreClock = HAL_RCC_GetSysClockFreq() >> AHBPrescTable[(RCC->CFGR & RCC_CFGR_HPRE) >> RCC_CFGR_HPRE_Pos];
 800252a:	f7ff ff1d 	bl	8002368 <HAL_RCC_GetSysClockFreq>
 800252e:	4b0c      	ldr	r3, [pc, #48]	@ (8002560 <HAL_RCC_ClockConfig+0x150>)
 8002530:	689b      	ldr	r3, [r3, #8]
 8002532:	f3c3 1303 	ubfx	r3, r3, #4, #4
 8002536:	4a0b      	ldr	r2, [pc, #44]	@ (8002564 <HAL_RCC_ClockConfig+0x154>)
 8002538:	5cd3      	ldrb	r3, [r2, r3]
 800253a:	40d8      	lsrs	r0, r3
 800253c:	4b0a      	ldr	r3, [pc, #40]	@ (8002568 <HAL_RCC_ClockConfig+0x158>)
 800253e:	6018      	str	r0, [r3, #0]
  HAL_InitTick(uwTickPrio);
 8002540:	4b0a      	ldr	r3, [pc, #40]	@ (800256c <HAL_RCC_ClockConfig+0x15c>)
 8002542:	6818      	ldr	r0, [r3, #0]
 8002544:	f7ff f960 	bl	8001808 <HAL_InitTick>
  return HAL_OK;
 8002548:	2000      	movs	r0, #0
}
 800254a:	bd70      	pop	{r4, r5, r6, pc}
    return HAL_ERROR;
 800254c:	2001      	movs	r0, #1
}
 800254e:	4770      	bx	lr
      return HAL_ERROR;
 8002550:	2001      	movs	r0, #1
 8002552:	e7fa      	b.n	800254a <HAL_RCC_ClockConfig+0x13a>
        return HAL_ERROR;
 8002554:	2001      	movs	r0, #1
 8002556:	e7f8      	b.n	800254a <HAL_RCC_ClockConfig+0x13a>
      return HAL_ERROR;
 8002558:	2001      	movs	r0, #1
 800255a:	e7f6      	b.n	800254a <HAL_RCC_ClockConfig+0x13a>
 800255c:	40023c00 	.word	0x40023c00
 8002560:	40023800 	.word	0x40023800
 8002564:	08006c64 	.word	0x08006c64
 8002568:	20000020 	.word	0x20000020
 800256c:	20000030 	.word	0x20000030

08002570 <HAL_RCCEx_PeriphCLKConfig>:
  *        domain (RTC and RCC_BDCR register expect BKPSRAM) will be reset
  *
  * @retval HAL status
  */
HAL_StatusTypeDef HAL_RCCEx_PeriphCLKConfig(RCC_PeriphCLKInitTypeDef  *PeriphClkInit)
{
 8002570:	b530      	push	{r4, r5, lr}
 8002572:	b083      	sub	sp, #12
 8002574:	4604      	mov	r4, r0

  /* Check the parameters */
  assert_param(IS_RCC_PERIPHCLOCK(PeriphClkInit->PeriphClockSelection));

  /*---------------------------- I2S configuration ---------------------------*/
  if ((((PeriphClkInit->PeriphClockSelection) & RCC_PERIPHCLK_I2S) == RCC_PERIPHCLK_I2S) ||
 8002576:	6803      	ldr	r3, [r0, #0]
 8002578:	f013 0f05 	tst.w	r3, #5
 800257c:	d106      	bne.n	800258c <HAL_RCCEx_PeriphCLKConfig+0x1c>
      }
    }
  }

  /*---------------------------- RTC configuration ---------------------------*/
  if (((PeriphClkInit->PeriphClockSelection) & RCC_PERIPHCLK_RTC) == (RCC_PERIPHCLK_RTC))
 800257e:	6823      	ldr	r3, [r4, #0]
 8002580:	f013 0f02 	tst.w	r3, #2
 8002584:	d12e      	bne.n	80025e4 <HAL_RCCEx_PeriphCLKConfig+0x74>
  if (((PeriphClkInit->PeriphClockSelection) & RCC_PERIPHCLK_TIM) == (RCC_PERIPHCLK_TIM))
  {
    __HAL_RCC_TIMCLKPRESCALER(PeriphClkInit->TIMPresSelection);
  }
#endif /* STM32F401xC || STM32F401xE || STM32F411xE */
  return HAL_OK;
 8002586:	2000      	movs	r0, #0
}
 8002588:	b003      	add	sp, #12
 800258a:	bd30      	pop	{r4, r5, pc}
    __HAL_RCC_PLLI2S_DISABLE();
 800258c:	4b4a      	ldr	r3, [pc, #296]	@ (80026b8 <HAL_RCCEx_PeriphCLKConfig+0x148>)
 800258e:	2200      	movs	r2, #0
 8002590:	669a      	str	r2, [r3, #104]	@ 0x68
    tickstart = HAL_GetTick();
 8002592:	f7ff f985 	bl	80018a0 <HAL_GetTick>
 8002596:	4605      	mov	r5, r0
    while (__HAL_RCC_GET_FLAG(RCC_FLAG_PLLI2SRDY)  != RESET)
 8002598:	4b48      	ldr	r3, [pc, #288]	@ (80026bc <HAL_RCCEx_PeriphCLKConfig+0x14c>)
 800259a:	681b      	ldr	r3, [r3, #0]
 800259c:	f013 6f00 	tst.w	r3, #134217728	@ 0x8000000
 80025a0:	d006      	beq.n	80025b0 <HAL_RCCEx_PeriphCLKConfig+0x40>
      if ((HAL_GetTick() - tickstart) > PLLI2S_TIMEOUT_VALUE)
 80025a2:	f7ff f97d 	bl	80018a0 <HAL_GetTick>
 80025a6:	1b43      	subs	r3, r0, r5
 80025a8:	2b02      	cmp	r3, #2
 80025aa:	d9f5      	bls.n	8002598 <HAL_RCCEx_PeriphCLKConfig+0x28>
        return HAL_TIMEOUT;
 80025ac:	2003      	movs	r0, #3
 80025ae:	e7eb      	b.n	8002588 <HAL_RCCEx_PeriphCLKConfig+0x18>
    __HAL_RCC_PLLI2S_CONFIG(PeriphClkInit->PLLI2S.PLLI2SN, PeriphClkInit->PLLI2S.PLLI2SR);
 80025b0:	6862      	ldr	r2, [r4, #4]
 80025b2:	68a3      	ldr	r3, [r4, #8]
 80025b4:	071b      	lsls	r3, r3, #28
 80025b6:	ea43 1382 	orr.w	r3, r3, r2, lsl #6
 80025ba:	4a40      	ldr	r2, [pc, #256]	@ (80026bc <HAL_RCCEx_PeriphCLKConfig+0x14c>)
 80025bc:	f8c2 3084 	str.w	r3, [r2, #132]	@ 0x84
    __HAL_RCC_PLLI2S_ENABLE();
 80025c0:	4b3d      	ldr	r3, [pc, #244]	@ (80026b8 <HAL_RCCEx_PeriphCLKConfig+0x148>)
 80025c2:	2201      	movs	r2, #1
 80025c4:	669a      	str	r2, [r3, #104]	@ 0x68
    tickstart = HAL_GetTick();
 80025c6:	f7ff f96b 	bl	80018a0 <HAL_GetTick>
 80025ca:	4605      	mov	r5, r0
    while (__HAL_RCC_GET_FLAG(RCC_FLAG_PLLI2SRDY)  == RESET)
 80025cc:	4b3b      	ldr	r3, [pc, #236]	@ (80026bc <HAL_RCCEx_PeriphCLKConfig+0x14c>)
 80025ce:	681b      	ldr	r3, [r3, #0]
 80025d0:	f013 6f00 	tst.w	r3, #134217728	@ 0x8000000
 80025d4:	d1d3      	bne.n	800257e <HAL_RCCEx_PeriphCLKConfig+0xe>
      if ((HAL_GetTick() - tickstart) > PLLI2S_TIMEOUT_VALUE)
 80025d6:	f7ff f963 	bl	80018a0 <HAL_GetTick>
 80025da:	1b43      	subs	r3, r0, r5
 80025dc:	2b02      	cmp	r3, #2
 80025de:	d9f5      	bls.n	80025cc <HAL_RCCEx_PeriphCLKConfig+0x5c>
        return HAL_TIMEOUT;
 80025e0:	2003      	movs	r0, #3
 80025e2:	e7d1      	b.n	8002588 <HAL_RCCEx_PeriphCLKConfig+0x18>
    __HAL_RCC_PWR_CLK_ENABLE();
 80025e4:	2300      	movs	r3, #0
 80025e6:	9301      	str	r3, [sp, #4]
 80025e8:	4b34      	ldr	r3, [pc, #208]	@ (80026bc <HAL_RCCEx_PeriphCLKConfig+0x14c>)
 80025ea:	6c1a      	ldr	r2, [r3, #64]	@ 0x40
 80025ec:	f042 5280 	orr.w	r2, r2, #268435456	@ 0x10000000
 80025f0:	641a      	str	r2, [r3, #64]	@ 0x40
 80025f2:	6c1b      	ldr	r3, [r3, #64]	@ 0x40
 80025f4:	f003 5380 	and.w	r3, r3, #268435456	@ 0x10000000
 80025f8:	9301      	str	r3, [sp, #4]
 80025fa:	9b01      	ldr	r3, [sp, #4]
    PWR->CR |= PWR_CR_DBP;
 80025fc:	4a30      	ldr	r2, [pc, #192]	@ (80026c0 <HAL_RCCEx_PeriphCLKConfig+0x150>)
 80025fe:	6813      	ldr	r3, [r2, #0]
 8002600:	f443 7380 	orr.w	r3, r3, #256	@ 0x100
 8002604:	6013      	str	r3, [r2, #0]
    tickstart = HAL_GetTick();
 8002606:	f7ff f94b 	bl	80018a0 <HAL_GetTick>
 800260a:	4605      	mov	r5, r0
    while ((PWR->CR & PWR_CR_DBP) == RESET)
 800260c:	4b2c      	ldr	r3, [pc, #176]	@ (80026c0 <HAL_RCCEx_PeriphCLKConfig+0x150>)
 800260e:	681b      	ldr	r3, [r3, #0]
 8002610:	f413 7f80 	tst.w	r3, #256	@ 0x100
 8002614:	d106      	bne.n	8002624 <HAL_RCCEx_PeriphCLKConfig+0xb4>
      if ((HAL_GetTick() - tickstart) > RCC_DBP_TIMEOUT_VALUE)
 8002616:	f7ff f943 	bl	80018a0 <HAL_GetTick>
 800261a:	1b43      	subs	r3, r0, r5
 800261c:	2b02      	cmp	r3, #2
 800261e:	d9f5      	bls.n	800260c <HAL_RCCEx_PeriphCLKConfig+0x9c>
        return HAL_TIMEOUT;
 8002620:	2003      	movs	r0, #3
 8002622:	e7b1      	b.n	8002588 <HAL_RCCEx_PeriphCLKConfig+0x18>
    tmpreg1 = (RCC->BDCR & RCC_BDCR_RTCSEL);
 8002624:	4b25      	ldr	r3, [pc, #148]	@ (80026bc <HAL_RCCEx_PeriphCLKConfig+0x14c>)
 8002626:	6f1b      	ldr	r3, [r3, #112]	@ 0x70
    if ((tmpreg1 != 0x00000000U) && ((tmpreg1) != (PeriphClkInit->RTCClockSelection & RCC_BDCR_RTCSEL)))
 8002628:	f413 7340 	ands.w	r3, r3, #768	@ 0x300
 800262c:	d014      	beq.n	8002658 <HAL_RCCEx_PeriphCLKConfig+0xe8>
 800262e:	68e2      	ldr	r2, [r4, #12]
 8002630:	f402 7240 	and.w	r2, r2, #768	@ 0x300
 8002634:	429a      	cmp	r2, r3
 8002636:	d00f      	beq.n	8002658 <HAL_RCCEx_PeriphCLKConfig+0xe8>
      tmpreg1 = (RCC->BDCR & ~(RCC_BDCR_RTCSEL));
 8002638:	4b20      	ldr	r3, [pc, #128]	@ (80026bc <HAL_RCCEx_PeriphCLKConfig+0x14c>)
 800263a:	6f1a      	ldr	r2, [r3, #112]	@ 0x70
 800263c:	f422 7240 	bic.w	r2, r2, #768	@ 0x300
      __HAL_RCC_BACKUPRESET_FORCE();
 8002640:	491d      	ldr	r1, [pc, #116]	@ (80026b8 <HAL_RCCEx_PeriphCLKConfig+0x148>)
 8002642:	2001      	movs	r0, #1
 8002644:	f8c1 0e40 	str.w	r0, [r1, #3648]	@ 0xe40
      __HAL_RCC_BACKUPRESET_RELEASE();
 8002648:	2000      	movs	r0, #0
 800264a:	f8c1 0e40 	str.w	r0, [r1, #3648]	@ 0xe40
      RCC->BDCR = tmpreg1;
 800264e:	671a      	str	r2, [r3, #112]	@ 0x70
      if (HAL_IS_BIT_SET(RCC->BDCR, RCC_BDCR_LSEON))
 8002650:	6f1b      	ldr	r3, [r3, #112]	@ 0x70
 8002652:	f013 0f01 	tst.w	r3, #1
 8002656:	d113      	bne.n	8002680 <HAL_RCCEx_PeriphCLKConfig+0x110>
    __HAL_RCC_RTC_CONFIG(PeriphClkInit->RTCClockSelection);
 8002658:	68e3      	ldr	r3, [r4, #12]
 800265a:	f403 7240 	and.w	r2, r3, #768	@ 0x300
 800265e:	f5b2 7f40 	cmp.w	r2, #768	@ 0x300
 8002662:	d01e      	beq.n	80026a2 <HAL_RCCEx_PeriphCLKConfig+0x132>
 8002664:	4a15      	ldr	r2, [pc, #84]	@ (80026bc <HAL_RCCEx_PeriphCLKConfig+0x14c>)
 8002666:	6893      	ldr	r3, [r2, #8]
 8002668:	f423 13f8 	bic.w	r3, r3, #2031616	@ 0x1f0000
 800266c:	6093      	str	r3, [r2, #8]
 800266e:	4913      	ldr	r1, [pc, #76]	@ (80026bc <HAL_RCCEx_PeriphCLKConfig+0x14c>)
 8002670:	6f0b      	ldr	r3, [r1, #112]	@ 0x70
 8002672:	68e2      	ldr	r2, [r4, #12]
 8002674:	f3c2 020b 	ubfx	r2, r2, #0, #12
 8002678:	4313      	orrs	r3, r2
 800267a:	670b      	str	r3, [r1, #112]	@ 0x70
  return HAL_OK;
 800267c:	2000      	movs	r0, #0
 800267e:	e783      	b.n	8002588 <HAL_RCCEx_PeriphCLKConfig+0x18>
        tickstart = HAL_GetTick();
 8002680:	f7ff f90e 	bl	80018a0 <HAL_GetTick>
 8002684:	4605      	mov	r5, r0
        while (__HAL_RCC_GET_FLAG(RCC_FLAG_LSERDY) == RESET)
 8002686:	4b0d      	ldr	r3, [pc, #52]	@ (80026bc <HAL_RCCEx_PeriphCLKConfig+0x14c>)
 8002688:	6f1b      	ldr	r3, [r3, #112]	@ 0x70
 800268a:	f013 0f02 	tst.w	r3, #2
 800268e:	d1e3      	bne.n	8002658 <HAL_RCCEx_PeriphCLKConfig+0xe8>
          if ((HAL_GetTick() - tickstart) > RCC_LSE_TIMEOUT_VALUE)
 8002690:	f7ff f906 	bl	80018a0 <HAL_GetTick>
 8002694:	1b40      	subs	r0, r0, r5
 8002696:	f241 3388 	movw	r3, #5000	@ 0x1388
 800269a:	4298      	cmp	r0, r3
 800269c:	d9f3      	bls.n	8002686 <HAL_RCCEx_PeriphCLKConfig+0x116>
            return HAL_TIMEOUT;
 800269e:	2003      	movs	r0, #3
 80026a0:	e772      	b.n	8002588 <HAL_RCCEx_PeriphCLKConfig+0x18>
    __HAL_RCC_RTC_CONFIG(PeriphClkInit->RTCClockSelection);
 80026a2:	4906      	ldr	r1, [pc, #24]	@ (80026bc <HAL_RCCEx_PeriphCLKConfig+0x14c>)
 80026a4:	688a      	ldr	r2, [r1, #8]
 80026a6:	f422 12f8 	bic.w	r2, r2, #2031616	@ 0x1f0000
 80026aa:	f023 4370 	bic.w	r3, r3, #4026531840	@ 0xf0000000
 80026ae:	f423 7340 	bic.w	r3, r3, #768	@ 0x300
 80026b2:	4313      	orrs	r3, r2
 80026b4:	608b      	str	r3, [r1, #8]
 80026b6:	e7da      	b.n	800266e <HAL_RCCEx_PeriphCLKConfig+0xfe>
 80026b8:	42470000 	.word	0x42470000
 80026bc:	40023800 	.word	0x40023800
 80026c0:	40007000 	.word	0x40007000

080026c4 <HAL_RTC_AlarmIRQHandler>:
  * @param  hrtc pointer to a RTC_HandleTypeDef structure that contains
  *                the configuration information for RTC.
  * @retval None
  */
void HAL_RTC_AlarmIRQHandler(RTC_HandleTypeDef *hrtc)
{
 80026c4:	b510      	push	{r4, lr}
 80026c6:	4604      	mov	r4, r0
  /* Clear the EXTI's line Flag for RTC Alarm */
  __HAL_RTC_ALARM_EXTI_CLEAR_FLAG();
 80026c8:	4b14      	ldr	r3, [pc, #80]	@ (800271c <HAL_RTC_AlarmIRQHandler+0x58>)
 80026ca:	f44f 3200 	mov.w	r2, #131072	@ 0x20000
 80026ce:	615a      	str	r2, [r3, #20]

  /* Get the Alarm A interrupt source enable status */
  if (__HAL_RTC_ALARM_GET_IT_SOURCE(hrtc, RTC_IT_ALRA) != 0U)
 80026d0:	6803      	ldr	r3, [r0, #0]
 80026d2:	689a      	ldr	r2, [r3, #8]
 80026d4:	f412 5f80 	tst.w	r2, #4096	@ 0x1000
 80026d8:	d003      	beq.n	80026e2 <HAL_RTC_AlarmIRQHandler+0x1e>
  {
    /* Get the pending status of the Alarm A Interrupt */
    if (__HAL_RTC_ALARM_GET_FLAG(hrtc, RTC_FLAG_ALRAF) != 0U)
 80026da:	68da      	ldr	r2, [r3, #12]
 80026dc:	f412 7f80 	tst.w	r2, #256	@ 0x100
 80026e0:	d10b      	bne.n	80026fa <HAL_RTC_AlarmIRQHandler+0x36>
#endif /* USE_HAL_RTC_REGISTER_CALLBACKS */
    }
  }

  /* Get the Alarm B interrupt source enable status */
  if (__HAL_RTC_ALARM_GET_IT_SOURCE(hrtc, RTC_IT_ALRB) != 0U)
 80026e2:	6823      	ldr	r3, [r4, #0]
 80026e4:	689a      	ldr	r2, [r3, #8]
 80026e6:	f412 5f00 	tst.w	r2, #8192	@ 0x2000
 80026ea:	d003      	beq.n	80026f4 <HAL_RTC_AlarmIRQHandler+0x30>
  {
    /* Get the pending status of the Alarm B Interrupt */
    if (__HAL_RTC_ALARM_GET_FLAG(hrtc, RTC_FLAG_ALRBF) != 0U)
 80026ec:	68da      	ldr	r2, [r3, #12]
 80026ee:	f412 7f00 	tst.w	r2, #512	@ 0x200
 80026f2:	d10a      	bne.n	800270a <HAL_RTC_AlarmIRQHandler+0x46>
#endif /* USE_HAL_RTC_REGISTER_CALLBACKS */
    }
  }

  /* Change RTC state */
  hrtc->State = HAL_RTC_STATE_READY;
 80026f4:	2301      	movs	r3, #1
 80026f6:	7763      	strb	r3, [r4, #29]
}
 80026f8:	bd10      	pop	{r4, pc}
      __HAL_RTC_ALARM_CLEAR_FLAG(hrtc, RTC_FLAG_ALRAF);
 80026fa:	68da      	ldr	r2, [r3, #12]
 80026fc:	b2d2      	uxtb	r2, r2
 80026fe:	f462 72c0 	orn	r2, r2, #384	@ 0x180
 8002702:	60da      	str	r2, [r3, #12]
      HAL_RTC_AlarmAEventCallback(hrtc);
 8002704:	f7fd fe78 	bl	80003f8 <HAL_RTC_AlarmAEventCallback>
 8002708:	e7eb      	b.n	80026e2 <HAL_RTC_AlarmIRQHandler+0x1e>
      __HAL_RTC_ALARM_CLEAR_FLAG(hrtc, RTC_FLAG_ALRBF);
 800270a:	68da      	ldr	r2, [r3, #12]
 800270c:	b2d2      	uxtb	r2, r2
 800270e:	f462 7220 	orn	r2, r2, #640	@ 0x280
 8002712:	60da      	str	r2, [r3, #12]
      HAL_RTCEx_AlarmBEventCallback(hrtc);
 8002714:	4620      	mov	r0, r4
 8002716:	f000 fa76 	bl	8002c06 <HAL_RTCEx_AlarmBEventCallback>
 800271a:	e7eb      	b.n	80026f4 <HAL_RTC_AlarmIRQHandler+0x30>
 800271c:	40013c00 	.word	0x40013c00

08002720 <HAL_RTC_WaitForSynchro>:
  * @param  hrtc pointer to a RTC_HandleTypeDef structure that contains
  *                the configuration information for RTC.
  * @retval HAL status
  */
HAL_StatusTypeDef HAL_RTC_WaitForSynchro(RTC_HandleTypeDef *hrtc)
{
 8002720:	b538      	push	{r3, r4, r5, lr}
 8002722:	4604      	mov	r4, r0
  uint32_t tickstart = 0U;

  /* Clear RSF flag, keep reserved bits at reset values (setting other flags has no effect) */
  hrtc->Instance->ISR = ((uint32_t)(RTC_RSF_MASK & RTC_ISR_RESERVED_MASK));
 8002724:	6803      	ldr	r3, [r0, #0]
 8002726:	4a0a      	ldr	r2, [pc, #40]	@ (8002750 <HAL_RTC_WaitForSynchro+0x30>)
 8002728:	60da      	str	r2, [r3, #12]

  /* Get tick */
  tickstart = HAL_GetTick();
 800272a:	f7ff f8b9 	bl	80018a0 <HAL_GetTick>
 800272e:	4605      	mov	r5, r0

  /* Wait the registers to be synchronised */
  while ((hrtc->Instance->ISR & RTC_ISR_RSF) == 0U)
 8002730:	6823      	ldr	r3, [r4, #0]
 8002732:	68db      	ldr	r3, [r3, #12]
 8002734:	f013 0f20 	tst.w	r3, #32
 8002738:	d107      	bne.n	800274a <HAL_RTC_WaitForSynchro+0x2a>
  {
    if ((HAL_GetTick() - tickstart) > RTC_TIMEOUT_VALUE)
 800273a:	f7ff f8b1 	bl	80018a0 <HAL_GetTick>
 800273e:	1b40      	subs	r0, r0, r5
 8002740:	f5b0 7f7a 	cmp.w	r0, #1000	@ 0x3e8
 8002744:	d9f4      	bls.n	8002730 <HAL_RTC_WaitForSynchro+0x10>
    {
      return HAL_TIMEOUT;
 8002746:	2003      	movs	r0, #3
 8002748:	e000      	b.n	800274c <HAL_RTC_WaitForSynchro+0x2c>
    }
  }

  return HAL_OK;
 800274a:	2000      	movs	r0, #0
}
 800274c:	bd38      	pop	{r3, r4, r5, pc}
 800274e:	bf00      	nop
 8002750:	00017f5f 	.word	0x00017f5f

08002754 <RTC_EnterInitMode>:
  * @param  hrtc pointer to a RTC_HandleTypeDef structure that contains
  *                the configuration information for RTC.
  * @retval HAL status
  */
HAL_StatusTypeDef RTC_EnterInitMode(RTC_HandleTypeDef *hrtc)
{
 8002754:	b570      	push	{r4, r5, r6, lr}
  uint32_t tickstart = 0U;
  HAL_StatusTypeDef status = HAL_OK;

  /* Check that Initialization mode is not already set */
  if (READ_BIT(hrtc->Instance->ISR, RTC_ISR_INITF) == 0U)
 8002756:	6803      	ldr	r3, [r0, #0]
 8002758:	68da      	ldr	r2, [r3, #12]
 800275a:	f012 0f40 	tst.w	r2, #64	@ 0x40
 800275e:	d002      	beq.n	8002766 <RTC_EnterInitMode+0x12>
  HAL_StatusTypeDef status = HAL_OK;
 8002760:	2500      	movs	r5, #0
      }
    }
  }

  return status;
}
 8002762:	4628      	mov	r0, r5
 8002764:	bd70      	pop	{r4, r5, r6, pc}
 8002766:	4604      	mov	r4, r0
    SET_BIT(hrtc->Instance->ISR, RTC_ISR_INIT);
 8002768:	68da      	ldr	r2, [r3, #12]
 800276a:	f042 0280 	orr.w	r2, r2, #128	@ 0x80
 800276e:	60da      	str	r2, [r3, #12]
    tickstart = HAL_GetTick();
 8002770:	f7ff f896 	bl	80018a0 <HAL_GetTick>
 8002774:	4606      	mov	r6, r0
  HAL_StatusTypeDef status = HAL_OK;
 8002776:	2500      	movs	r5, #0
    while ((READ_BIT(hrtc->Instance->ISR, RTC_ISR_INITF) == 0U) && (status != HAL_ERROR))
 8002778:	6823      	ldr	r3, [r4, #0]
 800277a:	68db      	ldr	r3, [r3, #12]
 800277c:	f013 0f40 	tst.w	r3, #64	@ 0x40
 8002780:	d1ef      	bne.n	8002762 <RTC_EnterInitMode+0xe>
 8002782:	2d00      	cmp	r5, #0
 8002784:	d1ed      	bne.n	8002762 <RTC_EnterInitMode+0xe>
      if ((HAL_GetTick() - tickstart) > RTC_TIMEOUT_VALUE)
 8002786:	f7ff f88b 	bl	80018a0 <HAL_GetTick>
 800278a:	1b83      	subs	r3, r0, r6
 800278c:	f5b3 7f7a 	cmp.w	r3, #1000	@ 0x3e8
 8002790:	d9f2      	bls.n	8002778 <RTC_EnterInitMode+0x24>
        hrtc->State = HAL_RTC_STATE_ERROR;
 8002792:	2304      	movs	r3, #4
 8002794:	7763      	strb	r3, [r4, #29]
        status = HAL_ERROR;
 8002796:	2501      	movs	r5, #1
 8002798:	e7ee      	b.n	8002778 <RTC_EnterInitMode+0x24>

0800279a <RTC_ExitInitMode>:
HAL_StatusTypeDef RTC_ExitInitMode(RTC_HandleTypeDef *hrtc)
{
  HAL_StatusTypeDef status = HAL_OK;

  /* Clear INIT bit to exit Initialization mode */
  CLEAR_BIT(hrtc->Instance->ISR, RTC_ISR_INIT);
 800279a:	6802      	ldr	r2, [r0, #0]
 800279c:	68d3      	ldr	r3, [r2, #12]
 800279e:	f023 0380 	bic.w	r3, r3, #128	@ 0x80
 80027a2:	60d3      	str	r3, [r2, #12]

  /* If CR_BYPSHAD bit = 0, wait for synchro */
  if (READ_BIT(hrtc->Instance->CR, RTC_CR_BYPSHAD) == 0U)
 80027a4:	6803      	ldr	r3, [r0, #0]
 80027a6:	689b      	ldr	r3, [r3, #8]
 80027a8:	f013 0f20 	tst.w	r3, #32
 80027ac:	d001      	beq.n	80027b2 <RTC_ExitInitMode+0x18>
  HAL_StatusTypeDef status = HAL_OK;
 80027ae:	2000      	movs	r0, #0
      status = HAL_ERROR;
    }
  }

  return status;
}
 80027b0:	4770      	bx	lr
{
 80027b2:	b510      	push	{r4, lr}
 80027b4:	4604      	mov	r4, r0
    if (HAL_RTC_WaitForSynchro(hrtc) != HAL_OK)
 80027b6:	f7ff ffb3 	bl	8002720 <HAL_RTC_WaitForSynchro>
 80027ba:	b110      	cbz	r0, 80027c2 <RTC_ExitInitMode+0x28>
      hrtc->State = HAL_RTC_STATE_ERROR;
 80027bc:	2304      	movs	r3, #4
 80027be:	7763      	strb	r3, [r4, #29]
      status = HAL_ERROR;
 80027c0:	2001      	movs	r0, #1
}
 80027c2:	bd10      	pop	{r4, pc}

080027c4 <HAL_RTC_Init>:
  if (hrtc == NULL)
 80027c4:	2800      	cmp	r0, #0
 80027c6:	d04a      	beq.n	800285e <HAL_RTC_Init+0x9a>
{
 80027c8:	b510      	push	{r4, lr}
 80027ca:	4604      	mov	r4, r0
  if (hrtc->State == HAL_RTC_STATE_RESET)
 80027cc:	7f43      	ldrb	r3, [r0, #29]
 80027ce:	b153      	cbz	r3, 80027e6 <HAL_RTC_Init+0x22>
  hrtc->State = HAL_RTC_STATE_BUSY;
 80027d0:	2302      	movs	r3, #2
 80027d2:	7763      	strb	r3, [r4, #29]
  if (__HAL_RTC_IS_CALENDAR_INITIALIZED(hrtc) == 0U)
 80027d4:	6823      	ldr	r3, [r4, #0]
 80027d6:	68da      	ldr	r2, [r3, #12]
 80027d8:	f012 0f10 	tst.w	r2, #16
 80027dc:	d007      	beq.n	80027ee <HAL_RTC_Init+0x2a>
    status = HAL_OK;
 80027de:	2000      	movs	r0, #0
    hrtc->State = HAL_RTC_STATE_READY;
 80027e0:	2301      	movs	r3, #1
 80027e2:	7763      	strb	r3, [r4, #29]
}
 80027e4:	bd10      	pop	{r4, pc}
    hrtc->Lock = HAL_UNLOCKED;
 80027e6:	7703      	strb	r3, [r0, #28]
    HAL_RTC_MspInit(hrtc);
 80027e8:	f7fe fb2e 	bl	8000e48 <HAL_RTC_MspInit>
 80027ec:	e7f0      	b.n	80027d0 <HAL_RTC_Init+0xc>
    __HAL_RTC_WRITEPROTECTION_DISABLE(hrtc);
 80027ee:	22ca      	movs	r2, #202	@ 0xca
 80027f0:	625a      	str	r2, [r3, #36]	@ 0x24
 80027f2:	6823      	ldr	r3, [r4, #0]
 80027f4:	2253      	movs	r2, #83	@ 0x53
 80027f6:	625a      	str	r2, [r3, #36]	@ 0x24
    status = RTC_EnterInitMode(hrtc);
 80027f8:	4620      	mov	r0, r4
 80027fa:	f7ff ffab 	bl	8002754 <RTC_EnterInitMode>
    if (status == HAL_OK)
 80027fe:	b128      	cbz	r0, 800280c <HAL_RTC_Init+0x48>
    __HAL_RTC_WRITEPROTECTION_ENABLE(hrtc);
 8002800:	6823      	ldr	r3, [r4, #0]
 8002802:	22ff      	movs	r2, #255	@ 0xff
 8002804:	625a      	str	r2, [r3, #36]	@ 0x24
  if (status == HAL_OK)
 8002806:	2800      	cmp	r0, #0
 8002808:	d1ec      	bne.n	80027e4 <HAL_RTC_Init+0x20>
 800280a:	e7e9      	b.n	80027e0 <HAL_RTC_Init+0x1c>
      hrtc->Instance->CR &= ((uint32_t)~(RTC_CR_FMT | RTC_CR_OSEL | RTC_CR_POL));
 800280c:	6822      	ldr	r2, [r4, #0]
 800280e:	6893      	ldr	r3, [r2, #8]
 8002810:	f423 03e0 	bic.w	r3, r3, #7340032	@ 0x700000
 8002814:	f023 0340 	bic.w	r3, r3, #64	@ 0x40
 8002818:	6093      	str	r3, [r2, #8]
      hrtc->Instance->CR |= (uint32_t)(hrtc->Init.HourFormat | hrtc->Init.OutPut | hrtc->Init.OutPutPolarity);
 800281a:	6821      	ldr	r1, [r4, #0]
 800281c:	688a      	ldr	r2, [r1, #8]
 800281e:	6863      	ldr	r3, [r4, #4]
 8002820:	6920      	ldr	r0, [r4, #16]
 8002822:	4303      	orrs	r3, r0
 8002824:	6960      	ldr	r0, [r4, #20]
 8002826:	4303      	orrs	r3, r0
 8002828:	4313      	orrs	r3, r2
 800282a:	608b      	str	r3, [r1, #8]
      hrtc->Instance->PRER = (uint32_t)(hrtc->Init.SynchPrediv);
 800282c:	6823      	ldr	r3, [r4, #0]
 800282e:	68e2      	ldr	r2, [r4, #12]
 8002830:	611a      	str	r2, [r3, #16]
      hrtc->Instance->PRER |= (uint32_t)(hrtc->Init.AsynchPrediv << RTC_PRER_PREDIV_A_Pos);
 8002832:	6822      	ldr	r2, [r4, #0]
 8002834:	6913      	ldr	r3, [r2, #16]
 8002836:	68a1      	ldr	r1, [r4, #8]
 8002838:	ea43 4301 	orr.w	r3, r3, r1, lsl #16
 800283c:	6113      	str	r3, [r2, #16]
      status = RTC_ExitInitMode(hrtc);
 800283e:	4620      	mov	r0, r4
 8002840:	f7ff ffab 	bl	800279a <RTC_ExitInitMode>
    if (status == HAL_OK)
 8002844:	2800      	cmp	r0, #0
 8002846:	d1db      	bne.n	8002800 <HAL_RTC_Init+0x3c>
      hrtc->Instance->TAFCR &= (uint32_t)~RTC_OUTPUT_TYPE_PUSHPULL;
 8002848:	6822      	ldr	r2, [r4, #0]
 800284a:	6c13      	ldr	r3, [r2, #64]	@ 0x40
 800284c:	f423 2380 	bic.w	r3, r3, #262144	@ 0x40000
 8002850:	6413      	str	r3, [r2, #64]	@ 0x40
      hrtc->Instance->TAFCR |= (uint32_t)(hrtc->Init.OutPutType);
 8002852:	6822      	ldr	r2, [r4, #0]
 8002854:	6c13      	ldr	r3, [r2, #64]	@ 0x40
 8002856:	69a1      	ldr	r1, [r4, #24]
 8002858:	430b      	orrs	r3, r1
 800285a:	6413      	str	r3, [r2, #64]	@ 0x40
 800285c:	e7d0      	b.n	8002800 <HAL_RTC_Init+0x3c>
    return HAL_ERROR;
 800285e:	2001      	movs	r0, #1
}
 8002860:	4770      	bx	lr

08002862 <RTC_ByteToBcd2>:
  * @param  number decimal-formatted number (from 0 to 99) to be converted
  * @retval Converted byte
  */
uint8_t RTC_ByteToBcd2(uint8_t number)
{
  uint32_t bcdhigh = 0U;
 8002862:	2300      	movs	r3, #0

  while (number >= 10U)
 8002864:	e002      	b.n	800286c <RTC_ByteToBcd2+0xa>
  {
    bcdhigh++;
 8002866:	3301      	adds	r3, #1
    number -= 10U;
 8002868:	380a      	subs	r0, #10
 800286a:	b2c0      	uxtb	r0, r0
  while (number >= 10U)
 800286c:	2809      	cmp	r0, #9
 800286e:	d8fa      	bhi.n	8002866 <RTC_ByteToBcd2+0x4>
  }

  return ((uint8_t)(bcdhigh << 4U) | number);
 8002870:	011b      	lsls	r3, r3, #4
 8002872:	b2db      	uxtb	r3, r3
}
 8002874:	4318      	orrs	r0, r3
 8002876:	4770      	bx	lr

08002878 <HAL_RTC_SetTime>:
  __HAL_LOCK(hrtc);
 8002878:	7f03      	ldrb	r3, [r0, #28]
 800287a:	2b01      	cmp	r3, #1
 800287c:	d05a      	beq.n	8002934 <HAL_RTC_SetTime+0xbc>
{
 800287e:	b570      	push	{r4, r5, r6, lr}
 8002880:	4604      	mov	r4, r0
 8002882:	460e      	mov	r6, r1
  __HAL_LOCK(hrtc);
 8002884:	2301      	movs	r3, #1
 8002886:	7703      	strb	r3, [r0, #28]
  hrtc->State = HAL_RTC_STATE_BUSY;
 8002888:	2302      	movs	r3, #2
 800288a:	7743      	strb	r3, [r0, #29]
  if (Format == RTC_FORMAT_BIN)
 800288c:	bb32      	cbnz	r2, 80028dc <HAL_RTC_SetTime+0x64>
    if ((hrtc->Instance->CR & RTC_CR_FMT) != 0U)
 800288e:	6803      	ldr	r3, [r0, #0]
 8002890:	689b      	ldr	r3, [r3, #8]
 8002892:	f013 0f40 	tst.w	r3, #64	@ 0x40
 8002896:	d101      	bne.n	800289c <HAL_RTC_SetTime+0x24>
      sTime->TimeFormat = 0x00U;
 8002898:	2300      	movs	r3, #0
 800289a:	70cb      	strb	r3, [r1, #3]
    tmpreg = (uint32_t)(( (uint32_t)RTC_ByteToBcd2(sTime->Hours)   << RTC_TR_HU_Pos)  | \
 800289c:	7830      	ldrb	r0, [r6, #0]
 800289e:	f7ff ffe0 	bl	8002862 <RTC_ByteToBcd2>
 80028a2:	0405      	lsls	r5, r0, #16
                        ( (uint32_t)RTC_ByteToBcd2(sTime->Minutes) << RTC_TR_MNU_Pos) | \
 80028a4:	7870      	ldrb	r0, [r6, #1]
 80028a6:	f7ff ffdc 	bl	8002862 <RTC_ByteToBcd2>
    tmpreg = (uint32_t)(( (uint32_t)RTC_ByteToBcd2(sTime->Hours)   << RTC_TR_HU_Pos)  | \
 80028aa:	ea45 2500 	orr.w	r5, r5, r0, lsl #8
                        ( (uint32_t)RTC_ByteToBcd2(sTime->Seconds))                   | \
 80028ae:	78b0      	ldrb	r0, [r6, #2]
 80028b0:	f7ff ffd7 	bl	8002862 <RTC_ByteToBcd2>
                        ( (uint32_t)RTC_ByteToBcd2(sTime->Minutes) << RTC_TR_MNU_Pos) | \
 80028b4:	4305      	orrs	r5, r0
                        (((uint32_t)sTime->TimeFormat)             << RTC_TR_PM_Pos));
 80028b6:	78f3      	ldrb	r3, [r6, #3]
    tmpreg = (uint32_t)(( (uint32_t)RTC_ByteToBcd2(sTime->Hours)   << RTC_TR_HU_Pos)  | \
 80028b8:	ea45 5583 	orr.w	r5, r5, r3, lsl #22
  __HAL_RTC_WRITEPROTECTION_DISABLE(hrtc);
 80028bc:	6823      	ldr	r3, [r4, #0]
 80028be:	22ca      	movs	r2, #202	@ 0xca
 80028c0:	625a      	str	r2, [r3, #36]	@ 0x24
 80028c2:	6823      	ldr	r3, [r4, #0]
 80028c4:	2253      	movs	r2, #83	@ 0x53
 80028c6:	625a      	str	r2, [r3, #36]	@ 0x24
  status = RTC_EnterInitMode(hrtc);
 80028c8:	4620      	mov	r0, r4
 80028ca:	f7ff ff43 	bl	8002754 <RTC_EnterInitMode>
  if (status == HAL_OK)
 80028ce:	b1b8      	cbz	r0, 8002900 <HAL_RTC_SetTime+0x88>
  __HAL_RTC_WRITEPROTECTION_ENABLE(hrtc);
 80028d0:	6823      	ldr	r3, [r4, #0]
 80028d2:	22ff      	movs	r2, #255	@ 0xff
 80028d4:	625a      	str	r2, [r3, #36]	@ 0x24
  __HAL_UNLOCK(hrtc);
 80028d6:	2300      	movs	r3, #0
 80028d8:	7723      	strb	r3, [r4, #28]
}
 80028da:	bd70      	pop	{r4, r5, r6, pc}
    if ((hrtc->Instance->CR & RTC_CR_FMT) != 0U)
 80028dc:	6803      	ldr	r3, [r0, #0]
 80028de:	689b      	ldr	r3, [r3, #8]
 80028e0:	f013 0f40 	tst.w	r3, #64	@ 0x40
 80028e4:	d101      	bne.n	80028ea <HAL_RTC_SetTime+0x72>
      sTime->TimeFormat = 0x00U;
 80028e6:	2300      	movs	r3, #0
 80028e8:	70cb      	strb	r3, [r1, #3]
    tmpreg = (((uint32_t)(sTime->Hours)      << RTC_TR_HU_Pos)  | \
 80028ea:	7833      	ldrb	r3, [r6, #0]
              ((uint32_t)(sTime->Minutes)    << RTC_TR_MNU_Pos) | \
 80028ec:	7875      	ldrb	r5, [r6, #1]
 80028ee:	022d      	lsls	r5, r5, #8
    tmpreg = (((uint32_t)(sTime->Hours)      << RTC_TR_HU_Pos)  | \
 80028f0:	ea45 4503 	orr.w	r5, r5, r3, lsl #16
              ((uint32_t) sTime->Seconds)                       | \
 80028f4:	78b3      	ldrb	r3, [r6, #2]
              ((uint32_t)(sTime->Minutes)    << RTC_TR_MNU_Pos) | \
 80028f6:	431d      	orrs	r5, r3
              ((uint32_t)(sTime->TimeFormat) << RTC_TR_PM_Pos));
 80028f8:	78f3      	ldrb	r3, [r6, #3]
    tmpreg = (((uint32_t)(sTime->Hours)      << RTC_TR_HU_Pos)  | \
 80028fa:	ea45 5583 	orr.w	r5, r5, r3, lsl #22
 80028fe:	e7dd      	b.n	80028bc <HAL_RTC_SetTime+0x44>
    hrtc->Instance->TR = (uint32_t)(tmpreg & RTC_TR_RESERVED_MASK);
 8002900:	6823      	ldr	r3, [r4, #0]
 8002902:	f005 357f 	and.w	r5, r5, #2139062143	@ 0x7f7f7f7f
 8002906:	f025 45fe 	bic.w	r5, r5, #2130706432	@ 0x7f000000
 800290a:	601d      	str	r5, [r3, #0]
    hrtc->Instance->CR &= (uint32_t)~RTC_CR_BKP;
 800290c:	6822      	ldr	r2, [r4, #0]
 800290e:	6893      	ldr	r3, [r2, #8]
 8002910:	f423 2380 	bic.w	r3, r3, #262144	@ 0x40000
 8002914:	6093      	str	r3, [r2, #8]
    hrtc->Instance->CR |= (uint32_t)(sTime->DayLightSaving | sTime->StoreOperation);
 8002916:	6821      	ldr	r1, [r4, #0]
 8002918:	688b      	ldr	r3, [r1, #8]
 800291a:	68f2      	ldr	r2, [r6, #12]
 800291c:	6930      	ldr	r0, [r6, #16]
 800291e:	4302      	orrs	r2, r0
 8002920:	4313      	orrs	r3, r2
 8002922:	608b      	str	r3, [r1, #8]
    status = RTC_ExitInitMode(hrtc);
 8002924:	4620      	mov	r0, r4
 8002926:	f7ff ff38 	bl	800279a <RTC_ExitInitMode>
  if (status == HAL_OK)
 800292a:	2800      	cmp	r0, #0
 800292c:	d1d0      	bne.n	80028d0 <HAL_RTC_SetTime+0x58>
    hrtc->State = HAL_RTC_STATE_READY;
 800292e:	2301      	movs	r3, #1
 8002930:	7763      	strb	r3, [r4, #29]
 8002932:	e7cd      	b.n	80028d0 <HAL_RTC_SetTime+0x58>
  __HAL_LOCK(hrtc);
 8002934:	2002      	movs	r0, #2
}
 8002936:	4770      	bx	lr

08002938 <HAL_RTC_SetAlarm_IT>:
{
 8002938:	b570      	push	{r4, r5, r6, lr}
 800293a:	b082      	sub	sp, #8
 800293c:	460d      	mov	r5, r1
  __IO uint32_t count  = RTC_TIMEOUT_VALUE * (SystemCoreClock / 32U / 1000U);
 800293e:	4b69      	ldr	r3, [pc, #420]	@ (8002ae4 <HAL_RTC_SetAlarm_IT+0x1ac>)
 8002940:	681b      	ldr	r3, [r3, #0]
 8002942:	4969      	ldr	r1, [pc, #420]	@ (8002ae8 <HAL_RTC_SetAlarm_IT+0x1b0>)
 8002944:	fba1 1303 	umull	r1, r3, r1, r3
 8002948:	0adb      	lsrs	r3, r3, #11
 800294a:	f44f 717a 	mov.w	r1, #1000	@ 0x3e8
 800294e:	fb01 f303 	mul.w	r3, r1, r3
 8002952:	9301      	str	r3, [sp, #4]
  __HAL_LOCK(hrtc);
 8002954:	7f03      	ldrb	r3, [r0, #28]
 8002956:	2b01      	cmp	r3, #1
 8002958:	f000 80c2 	beq.w	8002ae0 <HAL_RTC_SetAlarm_IT+0x1a8>
 800295c:	4604      	mov	r4, r0
 800295e:	2301      	movs	r3, #1
 8002960:	7703      	strb	r3, [r0, #28]
  hrtc->State = HAL_RTC_STATE_BUSY;
 8002962:	2302      	movs	r3, #2
 8002964:	7743      	strb	r3, [r0, #29]
  if (Format == RTC_FORMAT_BIN)
 8002966:	2a00      	cmp	r2, #0
 8002968:	d16d      	bne.n	8002a46 <HAL_RTC_SetAlarm_IT+0x10e>
    if ((hrtc->Instance->CR & RTC_CR_FMT) != 0U)
 800296a:	6803      	ldr	r3, [r0, #0]
 800296c:	689b      	ldr	r3, [r3, #8]
 800296e:	f013 0f40 	tst.w	r3, #64	@ 0x40
 8002972:	d101      	bne.n	8002978 <HAL_RTC_SetAlarm_IT+0x40>
      sAlarm->AlarmTime.TimeFormat = 0x00U;
 8002974:	2300      	movs	r3, #0
 8002976:	70eb      	strb	r3, [r5, #3]
    tmpreg = (((uint32_t)RTC_ByteToBcd2(sAlarm->AlarmTime.Hours)   << RTC_ALRMAR_HU_Pos)  | \
 8002978:	7828      	ldrb	r0, [r5, #0]
 800297a:	f7ff ff72 	bl	8002862 <RTC_ByteToBcd2>
 800297e:	0406      	lsls	r6, r0, #16
              ((uint32_t)RTC_ByteToBcd2(sAlarm->AlarmTime.Minutes) << RTC_ALRMAR_MNU_Pos) | \
 8002980:	7868      	ldrb	r0, [r5, #1]
 8002982:	f7ff ff6e 	bl	8002862 <RTC_ByteToBcd2>
    tmpreg = (((uint32_t)RTC_ByteToBcd2(sAlarm->AlarmTime.Hours)   << RTC_ALRMAR_HU_Pos)  | \
 8002986:	ea46 2600 	orr.w	r6, r6, r0, lsl #8
              ((uint32_t)RTC_ByteToBcd2(sAlarm->AlarmTime.Seconds))                       | \
 800298a:	78a8      	ldrb	r0, [r5, #2]
 800298c:	f7ff ff69 	bl	8002862 <RTC_ByteToBcd2>
              ((uint32_t)RTC_ByteToBcd2(sAlarm->AlarmTime.Minutes) << RTC_ALRMAR_MNU_Pos) | \
 8002990:	4306      	orrs	r6, r0
              ((uint32_t)(sAlarm->AlarmTime.TimeFormat)            << RTC_TR_PM_Pos)      | \
 8002992:	78eb      	ldrb	r3, [r5, #3]
              ((uint32_t)RTC_ByteToBcd2(sAlarm->AlarmTime.Seconds))                       | \
 8002994:	ea46 5683 	orr.w	r6, r6, r3, lsl #22
              ((uint32_t)RTC_ByteToBcd2(sAlarm->AlarmDateWeekDay)  << RTC_ALRMAR_DU_Pos)  | \
 8002998:	f895 0020 	ldrb.w	r0, [r5, #32]
 800299c:	f7ff ff61 	bl	8002862 <RTC_ByteToBcd2>
              ((uint32_t)(sAlarm->AlarmTime.TimeFormat)            << RTC_TR_PM_Pos)      | \
 80029a0:	ea46 6200 	orr.w	r2, r6, r0, lsl #24
              ((uint32_t)sAlarm->AlarmDateWeekDaySel)                                     | \
 80029a4:	69eb      	ldr	r3, [r5, #28]
              ((uint32_t)RTC_ByteToBcd2(sAlarm->AlarmDateWeekDay)  << RTC_ALRMAR_DU_Pos)  | \
 80029a6:	431a      	orrs	r2, r3
              ((uint32_t)sAlarm->AlarmMask));
 80029a8:	696b      	ldr	r3, [r5, #20]
    tmpreg = (((uint32_t)RTC_ByteToBcd2(sAlarm->AlarmTime.Hours)   << RTC_ALRMAR_HU_Pos)  | \
 80029aa:	431a      	orrs	r2, r3
  subsecondtmpreg = (uint32_t)((uint32_t)(sAlarm->AlarmTime.SubSeconds) | \
 80029ac:	6868      	ldr	r0, [r5, #4]
                               (uint32_t)(sAlarm->AlarmSubSecondMask));
 80029ae:	69ab      	ldr	r3, [r5, #24]
  subsecondtmpreg = (uint32_t)((uint32_t)(sAlarm->AlarmTime.SubSeconds) | \
 80029b0:	4318      	orrs	r0, r3
  __HAL_RTC_WRITEPROTECTION_DISABLE(hrtc);
 80029b2:	6823      	ldr	r3, [r4, #0]
 80029b4:	21ca      	movs	r1, #202	@ 0xca
 80029b6:	6259      	str	r1, [r3, #36]	@ 0x24
 80029b8:	6823      	ldr	r3, [r4, #0]
 80029ba:	2153      	movs	r1, #83	@ 0x53
 80029bc:	6259      	str	r1, [r3, #36]	@ 0x24
  if (sAlarm->Alarm == RTC_ALARM_A)
 80029be:	6a6b      	ldr	r3, [r5, #36]	@ 0x24
 80029c0:	f5b3 7f80 	cmp.w	r3, #256	@ 0x100
 80029c4:	d059      	beq.n	8002a7a <HAL_RTC_SetAlarm_IT+0x142>
    __HAL_RTC_ALARMB_DISABLE(hrtc);
 80029c6:	6821      	ldr	r1, [r4, #0]
 80029c8:	688b      	ldr	r3, [r1, #8]
 80029ca:	f423 7300 	bic.w	r3, r3, #512	@ 0x200
 80029ce:	608b      	str	r3, [r1, #8]
    __HAL_RTC_ALARM_CLEAR_FLAG(hrtc, RTC_FLAG_ALRBF);
 80029d0:	6821      	ldr	r1, [r4, #0]
 80029d2:	68cb      	ldr	r3, [r1, #12]
 80029d4:	b2db      	uxtb	r3, r3
 80029d6:	f463 7320 	orn	r3, r3, #640	@ 0x280
 80029da:	60cb      	str	r3, [r1, #12]
    count = RTC_TIMEOUT_VALUE * (SystemCoreClock / 32U / 1000U);
 80029dc:	4b41      	ldr	r3, [pc, #260]	@ (8002ae4 <HAL_RTC_SetAlarm_IT+0x1ac>)
 80029de:	681b      	ldr	r3, [r3, #0]
 80029e0:	4941      	ldr	r1, [pc, #260]	@ (8002ae8 <HAL_RTC_SetAlarm_IT+0x1b0>)
 80029e2:	fba1 1303 	umull	r1, r3, r1, r3
 80029e6:	0adb      	lsrs	r3, r3, #11
 80029e8:	f44f 717a 	mov.w	r1, #1000	@ 0x3e8
 80029ec:	fb01 f303 	mul.w	r3, r1, r3
 80029f0:	9301      	str	r3, [sp, #4]
      count = count - 1U;
 80029f2:	9b01      	ldr	r3, [sp, #4]
 80029f4:	3b01      	subs	r3, #1
 80029f6:	9301      	str	r3, [sp, #4]
      if (count == 0U)
 80029f8:	9b01      	ldr	r3, [sp, #4]
 80029fa:	2b00      	cmp	r3, #0
 80029fc:	d068      	beq.n	8002ad0 <HAL_RTC_SetAlarm_IT+0x198>
    } while (__HAL_RTC_ALARM_GET_FLAG(hrtc, RTC_FLAG_ALRBWF) == 0U);
 80029fe:	6823      	ldr	r3, [r4, #0]
 8002a00:	68d9      	ldr	r1, [r3, #12]
 8002a02:	f011 0f02 	tst.w	r1, #2
 8002a06:	d0f4      	beq.n	80029f2 <HAL_RTC_SetAlarm_IT+0xba>
    hrtc->Instance->ALRMBR = (uint32_t)tmpreg;
 8002a08:	621a      	str	r2, [r3, #32]
    hrtc->Instance->ALRMBSSR = subsecondtmpreg;
 8002a0a:	6823      	ldr	r3, [r4, #0]
 8002a0c:	6498      	str	r0, [r3, #72]	@ 0x48
    __HAL_RTC_ALARMB_ENABLE(hrtc);
 8002a0e:	6822      	ldr	r2, [r4, #0]
 8002a10:	6893      	ldr	r3, [r2, #8]
 8002a12:	f443 7300 	orr.w	r3, r3, #512	@ 0x200
 8002a16:	6093      	str	r3, [r2, #8]
    __HAL_RTC_ALARM_ENABLE_IT(hrtc, RTC_IT_ALRB);
 8002a18:	6822      	ldr	r2, [r4, #0]
 8002a1a:	6893      	ldr	r3, [r2, #8]
 8002a1c:	f443 5300 	orr.w	r3, r3, #8192	@ 0x2000
 8002a20:	6093      	str	r3, [r2, #8]
  __HAL_RTC_ALARM_EXTI_ENABLE_IT();
 8002a22:	4b32      	ldr	r3, [pc, #200]	@ (8002aec <HAL_RTC_SetAlarm_IT+0x1b4>)
 8002a24:	681a      	ldr	r2, [r3, #0]
 8002a26:	f442 3200 	orr.w	r2, r2, #131072	@ 0x20000
 8002a2a:	601a      	str	r2, [r3, #0]
  __HAL_RTC_ALARM_EXTI_ENABLE_RISING_EDGE();
 8002a2c:	689a      	ldr	r2, [r3, #8]
 8002a2e:	f442 3200 	orr.w	r2, r2, #131072	@ 0x20000
 8002a32:	609a      	str	r2, [r3, #8]
  __HAL_RTC_WRITEPROTECTION_ENABLE(hrtc);
 8002a34:	6823      	ldr	r3, [r4, #0]
 8002a36:	22ff      	movs	r2, #255	@ 0xff
 8002a38:	625a      	str	r2, [r3, #36]	@ 0x24
  hrtc->State = HAL_RTC_STATE_READY;
 8002a3a:	2301      	movs	r3, #1
 8002a3c:	7763      	strb	r3, [r4, #29]
  __HAL_UNLOCK(hrtc);
 8002a3e:	2000      	movs	r0, #0
 8002a40:	7720      	strb	r0, [r4, #28]
}
 8002a42:	b002      	add	sp, #8
 8002a44:	bd70      	pop	{r4, r5, r6, pc}
    if ((hrtc->Instance->CR & RTC_CR_FMT) != 0U)
 8002a46:	6803      	ldr	r3, [r0, #0]
 8002a48:	689b      	ldr	r3, [r3, #8]
 8002a4a:	f013 0f40 	tst.w	r3, #64	@ 0x40
 8002a4e:	d101      	bne.n	8002a54 <HAL_RTC_SetAlarm_IT+0x11c>
      sAlarm->AlarmTime.TimeFormat = 0x00U;
 8002a50:	2300      	movs	r3, #0
 8002a52:	70eb      	strb	r3, [r5, #3]
    tmpreg = (((uint32_t)(sAlarm->AlarmTime.Hours)      << RTC_ALRMAR_HU_Pos)  | \
 8002a54:	782b      	ldrb	r3, [r5, #0]
              ((uint32_t)(sAlarm->AlarmTime.Minutes)    << RTC_ALRMAR_MNU_Pos) | \
 8002a56:	786a      	ldrb	r2, [r5, #1]
 8002a58:	0212      	lsls	r2, r2, #8
    tmpreg = (((uint32_t)(sAlarm->AlarmTime.Hours)      << RTC_ALRMAR_HU_Pos)  | \
 8002a5a:	ea42 4203 	orr.w	r2, r2, r3, lsl #16
              ((uint32_t) sAlarm->AlarmTime.Seconds)                           | \
 8002a5e:	78ab      	ldrb	r3, [r5, #2]
              ((uint32_t)(sAlarm->AlarmTime.Minutes)    << RTC_ALRMAR_MNU_Pos) | \
 8002a60:	431a      	orrs	r2, r3
              ((uint32_t)(sAlarm->AlarmTime.TimeFormat) << RTC_TR_PM_Pos)      | \
 8002a62:	78eb      	ldrb	r3, [r5, #3]
              ((uint32_t) sAlarm->AlarmTime.Seconds)                           | \
 8002a64:	ea42 5283 	orr.w	r2, r2, r3, lsl #22
              ((uint32_t)(sAlarm->AlarmDateWeekDay)     << RTC_ALRMAR_DU_Pos)  | \
 8002a68:	f895 3020 	ldrb.w	r3, [r5, #32]
              ((uint32_t)(sAlarm->AlarmTime.TimeFormat) << RTC_TR_PM_Pos)      | \
 8002a6c:	ea42 6203 	orr.w	r2, r2, r3, lsl #24
              ((uint32_t) sAlarm->AlarmDateWeekDaySel)                         | \
 8002a70:	69eb      	ldr	r3, [r5, #28]
              ((uint32_t)(sAlarm->AlarmDateWeekDay)     << RTC_ALRMAR_DU_Pos)  | \
 8002a72:	431a      	orrs	r2, r3
              ((uint32_t) sAlarm->AlarmMask));
 8002a74:	696b      	ldr	r3, [r5, #20]
    tmpreg = (((uint32_t)(sAlarm->AlarmTime.Hours)      << RTC_ALRMAR_HU_Pos)  | \
 8002a76:	431a      	orrs	r2, r3
 8002a78:	e798      	b.n	80029ac <HAL_RTC_SetAlarm_IT+0x74>
    __HAL_RTC_ALARMA_DISABLE(hrtc);
 8002a7a:	6821      	ldr	r1, [r4, #0]
 8002a7c:	688b      	ldr	r3, [r1, #8]
 8002a7e:	f423 7380 	bic.w	r3, r3, #256	@ 0x100
 8002a82:	608b      	str	r3, [r1, #8]
    __HAL_RTC_ALARM_CLEAR_FLAG(hrtc, RTC_FLAG_ALRAF);
 8002a84:	6821      	ldr	r1, [r4, #0]
 8002a86:	68cb      	ldr	r3, [r1, #12]
 8002a88:	b2db      	uxtb	r3, r3
 8002a8a:	f463 73c0 	orn	r3, r3, #384	@ 0x180
 8002a8e:	60cb      	str	r3, [r1, #12]
      count = count - 1U;
 8002a90:	9b01      	ldr	r3, [sp, #4]
 8002a92:	3b01      	subs	r3, #1
 8002a94:	9301      	str	r3, [sp, #4]
      if (count == 0U)
 8002a96:	9b01      	ldr	r3, [sp, #4]
 8002a98:	b193      	cbz	r3, 8002ac0 <HAL_RTC_SetAlarm_IT+0x188>
    } while (__HAL_RTC_ALARM_GET_FLAG(hrtc, RTC_FLAG_ALRAWF) == 0U);
 8002a9a:	6823      	ldr	r3, [r4, #0]
 8002a9c:	68d9      	ldr	r1, [r3, #12]
 8002a9e:	f011 0f01 	tst.w	r1, #1
 8002aa2:	d0f5      	beq.n	8002a90 <HAL_RTC_SetAlarm_IT+0x158>
    hrtc->Instance->ALRMAR = (uint32_t)tmpreg;
 8002aa4:	61da      	str	r2, [r3, #28]
    hrtc->Instance->ALRMASSR = subsecondtmpreg;
 8002aa6:	6823      	ldr	r3, [r4, #0]
 8002aa8:	6458      	str	r0, [r3, #68]	@ 0x44
    __HAL_RTC_ALARMA_ENABLE(hrtc);
 8002aaa:	6822      	ldr	r2, [r4, #0]
 8002aac:	6893      	ldr	r3, [r2, #8]
 8002aae:	f443 7380 	orr.w	r3, r3, #256	@ 0x100
 8002ab2:	6093      	str	r3, [r2, #8]
    __HAL_RTC_ALARM_ENABLE_IT(hrtc, RTC_IT_ALRA);
 8002ab4:	6822      	ldr	r2, [r4, #0]
 8002ab6:	6893      	ldr	r3, [r2, #8]
 8002ab8:	f443 5380 	orr.w	r3, r3, #4096	@ 0x1000
 8002abc:	6093      	str	r3, [r2, #8]
 8002abe:	e7b0      	b.n	8002a22 <HAL_RTC_SetAlarm_IT+0xea>
        __HAL_RTC_WRITEPROTECTION_ENABLE(hrtc);
 8002ac0:	6823      	ldr	r3, [r4, #0]
 8002ac2:	22ff      	movs	r2, #255	@ 0xff
 8002ac4:	625a      	str	r2, [r3, #36]	@ 0x24
        hrtc->State = HAL_RTC_STATE_TIMEOUT;
 8002ac6:	2003      	movs	r0, #3
 8002ac8:	7760      	strb	r0, [r4, #29]
        __HAL_UNLOCK(hrtc);
 8002aca:	2300      	movs	r3, #0
 8002acc:	7723      	strb	r3, [r4, #28]
        return HAL_TIMEOUT;
 8002ace:	e7b8      	b.n	8002a42 <HAL_RTC_SetAlarm_IT+0x10a>
        __HAL_RTC_WRITEPROTECTION_ENABLE(hrtc);
 8002ad0:	6823      	ldr	r3, [r4, #0]
 8002ad2:	22ff      	movs	r2, #255	@ 0xff
 8002ad4:	625a      	str	r2, [r3, #36]	@ 0x24
        hrtc->State = HAL_RTC_STATE_TIMEOUT;
 8002ad6:	2003      	movs	r0, #3
 8002ad8:	7760      	strb	r0, [r4, #29]
        __HAL_UNLOCK(hrtc);
 8002ada:	2300      	movs	r3, #0
 8002adc:	7723      	strb	r3, [r4, #28]
        return HAL_TIMEOUT;
 8002ade:	e7b0      	b.n	8002a42 <HAL_RTC_SetAlarm_IT+0x10a>
  __HAL_LOCK(hrtc);
 8002ae0:	2002      	movs	r0, #2
 8002ae2:	e7ae      	b.n	8002a42 <HAL_RTC_SetAlarm_IT+0x10a>
 8002ae4:	20000020 	.word	0x20000020
 8002ae8:	10624dd3 	.word	0x10624dd3
 8002aec:	40013c00 	.word	0x40013c00

08002af0 <RTC_Bcd2ToByte>:
  * @retval Converted word
  */
uint8_t RTC_Bcd2ToByte(uint8_t number)
{
  uint32_t tens = 0U;
  tens = (((uint32_t)number & 0xF0U) >> 4U) * 10U;
 8002af0:	0903      	lsrs	r3, r0, #4
 8002af2:	eb03 0383 	add.w	r3, r3, r3, lsl #2
  return (uint8_t)(tens + ((uint32_t)number & 0x0FU));
 8002af6:	f000 000f 	and.w	r0, r0, #15
 8002afa:	eb00 0043 	add.w	r0, r0, r3, lsl #1
}
 8002afe:	b2c0      	uxtb	r0, r0
 8002b00:	4770      	bx	lr

08002b02 <HAL_RTC_GetTime>:
{
 8002b02:	b570      	push	{r4, r5, r6, lr}
  sTime->SubSeconds = (uint32_t)(hrtc->Instance->SSR);
 8002b04:	6803      	ldr	r3, [r0, #0]
 8002b06:	6a9b      	ldr	r3, [r3, #40]	@ 0x28
 8002b08:	604b      	str	r3, [r1, #4]
  sTime->SecondFraction = (uint32_t)(hrtc->Instance->PRER & RTC_PRER_PREDIV_S);
 8002b0a:	6803      	ldr	r3, [r0, #0]
 8002b0c:	691b      	ldr	r3, [r3, #16]
 8002b0e:	f3c3 030e 	ubfx	r3, r3, #0, #15
 8002b12:	608b      	str	r3, [r1, #8]
  tmpreg = (uint32_t)(hrtc->Instance->TR & RTC_TR_RESERVED_MASK);
 8002b14:	6803      	ldr	r3, [r0, #0]
 8002b16:	681b      	ldr	r3, [r3, #0]
  sTime->Hours      = (uint8_t)((tmpreg & (RTC_TR_HT  | RTC_TR_HU))  >> RTC_TR_HU_Pos);
 8002b18:	f3c3 4005 	ubfx	r0, r3, #16, #6
 8002b1c:	7008      	strb	r0, [r1, #0]
  sTime->Minutes    = (uint8_t)((tmpreg & (RTC_TR_MNT | RTC_TR_MNU)) >> RTC_TR_MNU_Pos);
 8002b1e:	f3c3 2606 	ubfx	r6, r3, #8, #7
 8002b22:	704e      	strb	r6, [r1, #1]
  sTime->Seconds    = (uint8_t)( tmpreg & (RTC_TR_ST  | RTC_TR_SU));
 8002b24:	f003 057f 	and.w	r5, r3, #127	@ 0x7f
 8002b28:	708d      	strb	r5, [r1, #2]
  sTime->TimeFormat = (uint8_t)((tmpreg & (RTC_TR_PM))               >> RTC_TR_PM_Pos);
 8002b2a:	f3c3 5380 	ubfx	r3, r3, #22, #1
 8002b2e:	70cb      	strb	r3, [r1, #3]
  if (Format == RTC_FORMAT_BIN)
 8002b30:	b95a      	cbnz	r2, 8002b4a <HAL_RTC_GetTime+0x48>
 8002b32:	460c      	mov	r4, r1
    sTime->Hours = (uint8_t)RTC_Bcd2ToByte(sTime->Hours);
 8002b34:	f7ff ffdc 	bl	8002af0 <RTC_Bcd2ToByte>
 8002b38:	7020      	strb	r0, [r4, #0]
    sTime->Minutes = (uint8_t)RTC_Bcd2ToByte(sTime->Minutes);
 8002b3a:	4630      	mov	r0, r6
 8002b3c:	f7ff ffd8 	bl	8002af0 <RTC_Bcd2ToByte>
 8002b40:	7060      	strb	r0, [r4, #1]
    sTime->Seconds = (uint8_t)RTC_Bcd2ToByte(sTime->Seconds);
 8002b42:	4628      	mov	r0, r5
 8002b44:	f7ff ffd4 	bl	8002af0 <RTC_Bcd2ToByte>
 8002b48:	70a0      	strb	r0, [r4, #2]
}
 8002b4a:	2000      	movs	r0, #0
 8002b4c:	bd70      	pop	{r4, r5, r6, pc}

08002b4e <HAL_RTC_GetDate>:
{
 8002b4e:	b570      	push	{r4, r5, r6, lr}
  datetmpreg = (uint32_t)(hrtc->Instance->DR & RTC_DR_RESERVED_MASK);
 8002b50:	6803      	ldr	r3, [r0, #0]
 8002b52:	685b      	ldr	r3, [r3, #4]
  sDate->Year    = (uint8_t)((datetmpreg & (RTC_DR_YT | RTC_DR_YU)) >> RTC_DR_YU_Pos);
 8002b54:	f3c3 4007 	ubfx	r0, r3, #16, #8
 8002b58:	70c8      	strb	r0, [r1, #3]
  sDate->Month   = (uint8_t)((datetmpreg & (RTC_DR_MT | RTC_DR_MU)) >> RTC_DR_MU_Pos);
 8002b5a:	f3c3 2604 	ubfx	r6, r3, #8, #5
 8002b5e:	704e      	strb	r6, [r1, #1]
  sDate->Date    = (uint8_t) (datetmpreg & (RTC_DR_DT | RTC_DR_DU));
 8002b60:	f003 053f 	and.w	r5, r3, #63	@ 0x3f
 8002b64:	708d      	strb	r5, [r1, #2]
  sDate->WeekDay = (uint8_t)((datetmpreg & (RTC_DR_WDU))            >> RTC_DR_WDU_Pos);
 8002b66:	f3c3 3342 	ubfx	r3, r3, #13, #3
 8002b6a:	700b      	strb	r3, [r1, #0]
  if (Format == RTC_FORMAT_BIN)
 8002b6c:	b95a      	cbnz	r2, 8002b86 <HAL_RTC_GetDate+0x38>
 8002b6e:	460c      	mov	r4, r1
    sDate->Year  = (uint8_t)RTC_Bcd2ToByte(sDate->Year);
 8002b70:	f7ff ffbe 	bl	8002af0 <RTC_Bcd2ToByte>
 8002b74:	70e0      	strb	r0, [r4, #3]
    sDate->Month = (uint8_t)RTC_Bcd2ToByte(sDate->Month);
 8002b76:	4630      	mov	r0, r6
 8002b78:	f7ff ffba 	bl	8002af0 <RTC_Bcd2ToByte>
 8002b7c:	7060      	strb	r0, [r4, #1]
    sDate->Date  = (uint8_t)RTC_Bcd2ToByte(sDate->Date);
 8002b7e:	4628      	mov	r0, r5
 8002b80:	f7ff ffb6 	bl	8002af0 <RTC_Bcd2ToByte>
 8002b84:	70a0      	strb	r0, [r4, #2]
}
 8002b86:	2000      	movs	r0, #0
 8002b88:	bd70      	pop	{r4, r5, r6, pc}

08002b8a <HAL_RTC_GetAlarm>:
{
 8002b8a:	b5f8      	push	{r3, r4, r5, r6, r7, lr}
 8002b8c:	460c      	mov	r4, r1
  if (Alarm == RTC_ALARM_A)
 8002b8e:	f5b2 7f80 	cmp.w	r2, #256	@ 0x100
 8002b92:	d031      	beq.n	8002bf8 <HAL_RTC_GetAlarm+0x6e>
    sAlarm->Alarm = RTC_ALARM_B;
 8002b94:	f44f 7200 	mov.w	r2, #512	@ 0x200
 8002b98:	624a      	str	r2, [r1, #36]	@ 0x24
    tmpreg = (uint32_t)(hrtc->Instance->ALRMBR);
 8002b9a:	6801      	ldr	r1, [r0, #0]
 8002b9c:	6a0a      	ldr	r2, [r1, #32]
    subsecondtmpreg = (uint32_t)((hrtc->Instance->ALRMBSSR) & RTC_ALRMBSSR_SS);
 8002b9e:	6c89      	ldr	r1, [r1, #72]	@ 0x48
 8002ba0:	f3c1 010e 	ubfx	r1, r1, #0, #15
  sAlarm->AlarmTime.Hours      = (uint8_t) ((tmpreg & (RTC_ALRMAR_HT  | RTC_ALRMAR_HU))  >> RTC_ALRMAR_HU_Pos);
 8002ba4:	f3c2 4005 	ubfx	r0, r2, #16, #6
 8002ba8:	7020      	strb	r0, [r4, #0]
  sAlarm->AlarmTime.Minutes    = (uint8_t) ((tmpreg & (RTC_ALRMAR_MNT | RTC_ALRMAR_MNU)) >> RTC_ALRMAR_MNU_Pos);
 8002baa:	f3c2 2706 	ubfx	r7, r2, #8, #7
 8002bae:	7067      	strb	r7, [r4, #1]
  sAlarm->AlarmTime.Seconds    = (uint8_t) ( tmpreg & (RTC_ALRMAR_ST  | RTC_ALRMAR_SU));
 8002bb0:	f002 067f 	and.w	r6, r2, #127	@ 0x7f
 8002bb4:	70a6      	strb	r6, [r4, #2]
  sAlarm->AlarmTime.TimeFormat = (uint8_t) ((tmpreg & RTC_ALRMAR_PM)                     >> RTC_TR_PM_Pos);
 8002bb6:	f3c2 5580 	ubfx	r5, r2, #22, #1
 8002bba:	70e5      	strb	r5, [r4, #3]
  sAlarm->AlarmTime.SubSeconds = (uint32_t) subsecondtmpreg;
 8002bbc:	6061      	str	r1, [r4, #4]
  sAlarm->AlarmDateWeekDay     = (uint8_t) ((tmpreg & (RTC_ALRMAR_DT  | RTC_ALRMAR_DU))  >> RTC_ALRMAR_DU_Pos);
 8002bbe:	f3c2 6505 	ubfx	r5, r2, #24, #6
 8002bc2:	f884 5020 	strb.w	r5, [r4, #32]
  sAlarm->AlarmDateWeekDaySel  = (uint32_t) (tmpreg & RTC_ALRMAR_WDSEL);
 8002bc6:	f002 4180 	and.w	r1, r2, #1073741824	@ 0x40000000
 8002bca:	61e1      	str	r1, [r4, #28]
  sAlarm->AlarmMask            = (uint32_t) (tmpreg & RTC_ALARMMASK_ALL);
 8002bcc:	f002 3280 	and.w	r2, r2, #2155905152	@ 0x80808080
 8002bd0:	6162      	str	r2, [r4, #20]
  if (Format == RTC_FORMAT_BIN)
 8002bd2:	b97b      	cbnz	r3, 8002bf4 <HAL_RTC_GetAlarm+0x6a>
    sAlarm->AlarmTime.Hours   = RTC_Bcd2ToByte(sAlarm->AlarmTime.Hours);
 8002bd4:	f7ff ff8c 	bl	8002af0 <RTC_Bcd2ToByte>
 8002bd8:	7020      	strb	r0, [r4, #0]
    sAlarm->AlarmTime.Minutes = RTC_Bcd2ToByte(sAlarm->AlarmTime.Minutes);
 8002bda:	4638      	mov	r0, r7
 8002bdc:	f7ff ff88 	bl	8002af0 <RTC_Bcd2ToByte>
 8002be0:	7060      	strb	r0, [r4, #1]
    sAlarm->AlarmTime.Seconds = RTC_Bcd2ToByte(sAlarm->AlarmTime.Seconds);
 8002be2:	4630      	mov	r0, r6
 8002be4:	f7ff ff84 	bl	8002af0 <RTC_Bcd2ToByte>
 8002be8:	70a0      	strb	r0, [r4, #2]
    sAlarm->AlarmDateWeekDay  = RTC_Bcd2ToByte(sAlarm->AlarmDateWeekDay);
 8002bea:	4628      	mov	r0, r5
 8002bec:	f7ff ff80 	bl	8002af0 <RTC_Bcd2ToByte>
 8002bf0:	f884 0020 	strb.w	r0, [r4, #32]
}
 8002bf4:	2000      	movs	r0, #0
 8002bf6:	bdf8      	pop	{r3, r4, r5, r6, r7, pc}
    sAlarm->Alarm = RTC_ALARM_A;
 8002bf8:	624a      	str	r2, [r1, #36]	@ 0x24
    tmpreg = (uint32_t)(hrtc->Instance->ALRMAR);
 8002bfa:	6801      	ldr	r1, [r0, #0]
 8002bfc:	69ca      	ldr	r2, [r1, #28]
    subsecondtmpreg = (uint32_t)((hrtc->Instance->ALRMASSR) & RTC_ALRMASSR_SS);
 8002bfe:	6c49      	ldr	r1, [r1, #68]	@ 0x44
 8002c00:	f3c1 010e 	ubfx	r1, r1, #0, #15
 8002c04:	e7ce      	b.n	8002ba4 <HAL_RTC_GetAlarm+0x1a>

08002c06 <HAL_RTCEx_AlarmBEventCallback>:
  UNUSED(hrtc);

  /* NOTE: This function should not be modified, when the callback is needed,
           the HAL_RTCEx_AlarmBEventCallback could be implemented in the user file
   */
}
 8002c06:	4770      	bx	lr

08002c08 <SPI_WaitFlagStateUntilTimeout>:
  * @param  Tickstart tick start value
  * @retval HAL status
  */
static HAL_StatusTypeDef SPI_WaitFlagStateUntilTimeout(SPI_HandleTypeDef *hspi, uint32_t Flag, FlagStatus State,
                                                       uint32_t Timeout, uint32_t Tickstart)
{
 8002c08:	e92d 47f0 	stmdb	sp!, {r4, r5, r6, r7, r8, r9, sl, lr}
 8002c0c:	b082      	sub	sp, #8
 8002c0e:	4605      	mov	r5, r0
 8002c10:	4688      	mov	r8, r1
 8002c12:	4617      	mov	r7, r2
 8002c14:	461e      	mov	r6, r3
  __IO uint32_t count;
  uint32_t tmp_timeout;
  uint32_t tmp_tickstart;

  /* Adjust Timeout value  in case of end of transfer */
  tmp_timeout   = Timeout - (HAL_GetTick() - Tickstart);
 8002c16:	f7fe fe43 	bl	80018a0 <HAL_GetTick>
 8002c1a:	9b0a      	ldr	r3, [sp, #40]	@ 0x28
 8002c1c:	1a1b      	subs	r3, r3, r0
 8002c1e:	eb03 0906 	add.w	r9, r3, r6
  tmp_tickstart = HAL_GetTick();
 8002c22:	f7fe fe3d 	bl	80018a0 <HAL_GetTick>
 8002c26:	4682      	mov	sl, r0

  /* Calculate Timeout based on a software loop to avoid blocking issue if Systick is disabled */
  count = tmp_timeout * ((SystemCoreClock * 32U) >> 20U);
 8002c28:	4b28      	ldr	r3, [pc, #160]	@ (8002ccc <SPI_WaitFlagStateUntilTimeout+0xc4>)
 8002c2a:	681b      	ldr	r3, [r3, #0]
 8002c2c:	f3c3 33cb 	ubfx	r3, r3, #15, #12
 8002c30:	fb09 f303 	mul.w	r3, r9, r3
 8002c34:	9301      	str	r3, [sp, #4]

  while ((__HAL_SPI_GET_FLAG(hspi, Flag) ? SET : RESET) != State)
 8002c36:	682b      	ldr	r3, [r5, #0]
 8002c38:	689c      	ldr	r4, [r3, #8]
 8002c3a:	ea38 0404 	bics.w	r4, r8, r4
 8002c3e:	bf0c      	ite	eq
 8002c40:	2301      	moveq	r3, #1
 8002c42:	2300      	movne	r3, #0
 8002c44:	42bb      	cmp	r3, r7
 8002c46:	d03d      	beq.n	8002cc4 <SPI_WaitFlagStateUntilTimeout+0xbc>
  {
    if (Timeout != HAL_MAX_DELAY)
 8002c48:	f1b6 3fff 	cmp.w	r6, #4294967295
 8002c4c:	d0f3      	beq.n	8002c36 <SPI_WaitFlagStateUntilTimeout+0x2e>
    {
      if (((HAL_GetTick() - tmp_tickstart) >= tmp_timeout) || (tmp_timeout == 0U))
 8002c4e:	f7fe fe27 	bl	80018a0 <HAL_GetTick>
 8002c52:	eba0 000a 	sub.w	r0, r0, sl
 8002c56:	4548      	cmp	r0, r9
 8002c58:	d207      	bcs.n	8002c6a <SPI_WaitFlagStateUntilTimeout+0x62>
        __HAL_UNLOCK(hspi);

        return HAL_TIMEOUT;
      }
      /* If Systick is disabled or not incremented, deactivate timeout to go in disable loop procedure */
      if (count == 0U)
 8002c5a:	9a01      	ldr	r2, [sp, #4]
 8002c5c:	b102      	cbz	r2, 8002c60 <SPI_WaitFlagStateUntilTimeout+0x58>
 8002c5e:	464a      	mov	r2, r9
      {
        tmp_timeout = 0U;
      }
      count--;
 8002c60:	9b01      	ldr	r3, [sp, #4]
 8002c62:	3b01      	subs	r3, #1
 8002c64:	9301      	str	r3, [sp, #4]
 8002c66:	4691      	mov	r9, r2
 8002c68:	e7e5      	b.n	8002c36 <SPI_WaitFlagStateUntilTimeout+0x2e>
        __HAL_SPI_DISABLE_IT(hspi, (SPI_IT_TXE | SPI_IT_RXNE | SPI_IT_ERR));
 8002c6a:	682a      	ldr	r2, [r5, #0]
 8002c6c:	6853      	ldr	r3, [r2, #4]
 8002c6e:	f023 03e0 	bic.w	r3, r3, #224	@ 0xe0
 8002c72:	6053      	str	r3, [r2, #4]
        if ((hspi->Init.Mode == SPI_MODE_MASTER) && ((hspi->Init.Direction == SPI_DIRECTION_1LINE)
 8002c74:	686b      	ldr	r3, [r5, #4]
 8002c76:	f5b3 7f82 	cmp.w	r3, #260	@ 0x104
 8002c7a:	d00b      	beq.n	8002c94 <SPI_WaitFlagStateUntilTimeout+0x8c>
        if (hspi->Init.CRCCalculation == SPI_CRCCALCULATION_ENABLE)
 8002c7c:	6aab      	ldr	r3, [r5, #40]	@ 0x28
 8002c7e:	f5b3 5f00 	cmp.w	r3, #8192	@ 0x2000
 8002c82:	d014      	beq.n	8002cae <SPI_WaitFlagStateUntilTimeout+0xa6>
        hspi->State = HAL_SPI_STATE_READY;
 8002c84:	2301      	movs	r3, #1
 8002c86:	f885 3051 	strb.w	r3, [r5, #81]	@ 0x51
        __HAL_UNLOCK(hspi);
 8002c8a:	2300      	movs	r3, #0
 8002c8c:	f885 3050 	strb.w	r3, [r5, #80]	@ 0x50
        return HAL_TIMEOUT;
 8002c90:	2003      	movs	r0, #3
 8002c92:	e018      	b.n	8002cc6 <SPI_WaitFlagStateUntilTimeout+0xbe>
        if ((hspi->Init.Mode == SPI_MODE_MASTER) && ((hspi->Init.Direction == SPI_DIRECTION_1LINE)
 8002c94:	68ab      	ldr	r3, [r5, #8]
 8002c96:	f5b3 4f00 	cmp.w	r3, #32768	@ 0x8000
 8002c9a:	d002      	beq.n	8002ca2 <SPI_WaitFlagStateUntilTimeout+0x9a>
                                                     || (hspi->Init.Direction == SPI_DIRECTION_2LINES_RXONLY)))
 8002c9c:	f5b3 6f80 	cmp.w	r3, #1024	@ 0x400
 8002ca0:	d1ec      	bne.n	8002c7c <SPI_WaitFlagStateUntilTimeout+0x74>
          __HAL_SPI_DISABLE(hspi);
 8002ca2:	682a      	ldr	r2, [r5, #0]
 8002ca4:	6813      	ldr	r3, [r2, #0]
 8002ca6:	f023 0340 	bic.w	r3, r3, #64	@ 0x40
 8002caa:	6013      	str	r3, [r2, #0]
 8002cac:	e7e6      	b.n	8002c7c <SPI_WaitFlagStateUntilTimeout+0x74>
          SPI_RESET_CRC(hspi);
 8002cae:	682a      	ldr	r2, [r5, #0]
 8002cb0:	6813      	ldr	r3, [r2, #0]
 8002cb2:	f423 5300 	bic.w	r3, r3, #8192	@ 0x2000
 8002cb6:	6013      	str	r3, [r2, #0]
 8002cb8:	682a      	ldr	r2, [r5, #0]
 8002cba:	6813      	ldr	r3, [r2, #0]
 8002cbc:	f443 5300 	orr.w	r3, r3, #8192	@ 0x2000
 8002cc0:	6013      	str	r3, [r2, #0]
 8002cc2:	e7df      	b.n	8002c84 <SPI_WaitFlagStateUntilTimeout+0x7c>
    }
  }

  return HAL_OK;
 8002cc4:	2000      	movs	r0, #0
}
 8002cc6:	b002      	add	sp, #8
 8002cc8:	e8bd 87f0 	ldmia.w	sp!, {r4, r5, r6, r7, r8, r9, sl, pc}
 8002ccc:	20000020 	.word	0x20000020

08002cd0 <SPI_EndRxTxTransaction>:
  * @param  Timeout Timeout duration
  * @param  Tickstart tick start value
  * @retval HAL status
  */
static HAL_StatusTypeDef SPI_EndRxTxTransaction(SPI_HandleTypeDef *hspi, uint32_t Timeout, uint32_t Tickstart)
{
 8002cd0:	b570      	push	{r4, r5, r6, lr}
 8002cd2:	b084      	sub	sp, #16
 8002cd4:	4604      	mov	r4, r0
 8002cd6:	460d      	mov	r5, r1
 8002cd8:	4616      	mov	r6, r2
  /* Wait until TXE flag */
  if(SPI_WaitFlagStateUntilTimeout(hspi, SPI_FLAG_TXE, SET, Timeout, Tickstart) != HAL_OK)
 8002cda:	9200      	str	r2, [sp, #0]
 8002cdc:	460b      	mov	r3, r1
 8002cde:	2201      	movs	r2, #1
 8002ce0:	2102      	movs	r1, #2
 8002ce2:	f7ff ff91 	bl	8002c08 <SPI_WaitFlagStateUntilTimeout>
 8002ce6:	b9d0      	cbnz	r0, 8002d1e <SPI_EndRxTxTransaction+0x4e>
    SET_BIT(hspi->ErrorCode, HAL_SPI_ERROR_FLAG);
    return HAL_TIMEOUT;
  }

  /* Timeout in µs */
  __IO uint32_t count = SPI_BSY_FLAG_WORKAROUND_TIMEOUT * (SystemCoreClock / 24U / 1000000U);
 8002ce8:	4b17      	ldr	r3, [pc, #92]	@ (8002d48 <SPI_EndRxTxTransaction+0x78>)
 8002cea:	681b      	ldr	r3, [r3, #0]
 8002cec:	4a17      	ldr	r2, [pc, #92]	@ (8002d4c <SPI_EndRxTxTransaction+0x7c>)
 8002cee:	fba2 2303 	umull	r2, r3, r2, r3
 8002cf2:	0d5b      	lsrs	r3, r3, #21
 8002cf4:	f44f 727a 	mov.w	r2, #1000	@ 0x3e8
 8002cf8:	fb02 f303 	mul.w	r3, r2, r3
 8002cfc:	9303      	str	r3, [sp, #12]
  /* Erratasheet: BSY bit may stay high at the end of a data transfer in Slave mode */
  if (hspi->Init.Mode == SPI_MODE_MASTER)
 8002cfe:	6863      	ldr	r3, [r4, #4]
 8002d00:	f5b3 7f82 	cmp.w	r3, #260	@ 0x104
 8002d04:	d011      	beq.n	8002d2a <SPI_EndRxTxTransaction+0x5a>
    * User have to calculate the timeout value to fit with the time of 1 byte transfer.
    * This time is directly link with the SPI clock from Master device.
    */
    do
    {
      if (count == 0U)
 8002d06:	9b03      	ldr	r3, [sp, #12]
 8002d08:	b13b      	cbz	r3, 8002d1a <SPI_EndRxTxTransaction+0x4a>
      {
        break;
      }
      count--;
 8002d0a:	9b03      	ldr	r3, [sp, #12]
 8002d0c:	3b01      	subs	r3, #1
 8002d0e:	9303      	str	r3, [sp, #12]
    } while (__HAL_SPI_GET_FLAG(hspi, SPI_FLAG_BSY) != RESET);
 8002d10:	6823      	ldr	r3, [r4, #0]
 8002d12:	689b      	ldr	r3, [r3, #8]
 8002d14:	f013 0f80 	tst.w	r3, #128	@ 0x80
 8002d18:	d1f5      	bne.n	8002d06 <SPI_EndRxTxTransaction+0x36>
  }

  return HAL_OK;
}
 8002d1a:	b004      	add	sp, #16
 8002d1c:	bd70      	pop	{r4, r5, r6, pc}
    SET_BIT(hspi->ErrorCode, HAL_SPI_ERROR_FLAG);
 8002d1e:	6d63      	ldr	r3, [r4, #84]	@ 0x54
 8002d20:	f043 0320 	orr.w	r3, r3, #32
 8002d24:	6563      	str	r3, [r4, #84]	@ 0x54
    return HAL_TIMEOUT;
 8002d26:	2003      	movs	r0, #3
 8002d28:	e7f7      	b.n	8002d1a <SPI_EndRxTxTransaction+0x4a>
    if (SPI_WaitFlagStateUntilTimeout(hspi, SPI_FLAG_BSY, RESET, Timeout, Tickstart) != HAL_OK)
 8002d2a:	9600      	str	r6, [sp, #0]
 8002d2c:	462b      	mov	r3, r5
 8002d2e:	2200      	movs	r2, #0
 8002d30:	2180      	movs	r1, #128	@ 0x80
 8002d32:	4620      	mov	r0, r4
 8002d34:	f7ff ff68 	bl	8002c08 <SPI_WaitFlagStateUntilTimeout>
 8002d38:	2800      	cmp	r0, #0
 8002d3a:	d0ee      	beq.n	8002d1a <SPI_EndRxTxTransaction+0x4a>
      SET_BIT(hspi->ErrorCode, HAL_SPI_ERROR_FLAG);
 8002d3c:	6d63      	ldr	r3, [r4, #84]	@ 0x54
 8002d3e:	f043 0320 	orr.w	r3, r3, #32
 8002d42:	6563      	str	r3, [r4, #84]	@ 0x54
      return HAL_TIMEOUT;
 8002d44:	2003      	movs	r0, #3
 8002d46:	e7e8      	b.n	8002d1a <SPI_EndRxTxTransaction+0x4a>
 8002d48:	20000020 	.word	0x20000020
 8002d4c:	165e9f81 	.word	0x165e9f81

08002d50 <HAL_SPI_Init>:
  if (hspi == NULL)
 8002d50:	2800      	cmp	r0, #0
 8002d52:	d05a      	beq.n	8002e0a <HAL_SPI_Init+0xba>
{
 8002d54:	b510      	push	{r4, lr}
 8002d56:	4604      	mov	r4, r0
  if (hspi->Init.TIMode == SPI_TIMODE_DISABLE)
 8002d58:	6a43      	ldr	r3, [r0, #36]	@ 0x24
 8002d5a:	b933      	cbnz	r3, 8002d6a <HAL_SPI_Init+0x1a>
    if (hspi->Init.Mode == SPI_MODE_MASTER)
 8002d5c:	6843      	ldr	r3, [r0, #4]
 8002d5e:	f5b3 7f82 	cmp.w	r3, #260	@ 0x104
 8002d62:	d005      	beq.n	8002d70 <HAL_SPI_Init+0x20>
      hspi->Init.BaudRatePrescaler = SPI_BAUDRATEPRESCALER_2;
 8002d64:	2300      	movs	r3, #0
 8002d66:	61c3      	str	r3, [r0, #28]
 8002d68:	e002      	b.n	8002d70 <HAL_SPI_Init+0x20>
    hspi->Init.CLKPolarity = SPI_POLARITY_LOW;
 8002d6a:	2300      	movs	r3, #0
 8002d6c:	6103      	str	r3, [r0, #16]
    hspi->Init.CLKPhase    = SPI_PHASE_1EDGE;
 8002d6e:	6143      	str	r3, [r0, #20]
  hspi->Init.CRCCalculation = SPI_CRCCALCULATION_DISABLE;
 8002d70:	2300      	movs	r3, #0
 8002d72:	62a3      	str	r3, [r4, #40]	@ 0x28
  if (hspi->State == HAL_SPI_STATE_RESET)
 8002d74:	f894 3051 	ldrb.w	r3, [r4, #81]	@ 0x51
 8002d78:	2b00      	cmp	r3, #0
 8002d7a:	d040      	beq.n	8002dfe <HAL_SPI_Init+0xae>
  hspi->State = HAL_SPI_STATE_BUSY;
 8002d7c:	2302      	movs	r3, #2
 8002d7e:	f884 3051 	strb.w	r3, [r4, #81]	@ 0x51
  __HAL_SPI_DISABLE(hspi);
 8002d82:	6822      	ldr	r2, [r4, #0]
 8002d84:	6813      	ldr	r3, [r2, #0]
 8002d86:	f023 0340 	bic.w	r3, r3, #64	@ 0x40
 8002d8a:	6013      	str	r3, [r2, #0]
  WRITE_REG(hspi->Instance->CR1, ((hspi->Init.Mode & (SPI_CR1_MSTR | SPI_CR1_SSI)) |
 8002d8c:	6863      	ldr	r3, [r4, #4]
 8002d8e:	f403 7382 	and.w	r3, r3, #260	@ 0x104
 8002d92:	68a2      	ldr	r2, [r4, #8]
 8002d94:	f402 4204 	and.w	r2, r2, #33792	@ 0x8400
 8002d98:	4313      	orrs	r3, r2
 8002d9a:	68e2      	ldr	r2, [r4, #12]
 8002d9c:	f402 6200 	and.w	r2, r2, #2048	@ 0x800
 8002da0:	4313      	orrs	r3, r2
 8002da2:	6922      	ldr	r2, [r4, #16]
 8002da4:	f002 0202 	and.w	r2, r2, #2
 8002da8:	4313      	orrs	r3, r2
 8002daa:	6962      	ldr	r2, [r4, #20]
 8002dac:	f002 0201 	and.w	r2, r2, #1
 8002db0:	4313      	orrs	r3, r2
 8002db2:	69a2      	ldr	r2, [r4, #24]
 8002db4:	f402 7200 	and.w	r2, r2, #512	@ 0x200
 8002db8:	4313      	orrs	r3, r2
 8002dba:	69e2      	ldr	r2, [r4, #28]
 8002dbc:	f002 0238 	and.w	r2, r2, #56	@ 0x38
 8002dc0:	4313      	orrs	r3, r2
 8002dc2:	6a22      	ldr	r2, [r4, #32]
 8002dc4:	f002 0280 	and.w	r2, r2, #128	@ 0x80
 8002dc8:	4313      	orrs	r3, r2
 8002dca:	6aa2      	ldr	r2, [r4, #40]	@ 0x28
 8002dcc:	f402 5200 	and.w	r2, r2, #8192	@ 0x2000
 8002dd0:	6821      	ldr	r1, [r4, #0]
 8002dd2:	4313      	orrs	r3, r2
 8002dd4:	600b      	str	r3, [r1, #0]
  WRITE_REG(hspi->Instance->CR2, (((hspi->Init.NSS >> 16U) & SPI_CR2_SSOE) | (hspi->Init.TIMode & SPI_CR2_FRF)));
 8002dd6:	8b63      	ldrh	r3, [r4, #26]
 8002dd8:	f003 0304 	and.w	r3, r3, #4
 8002ddc:	6a62      	ldr	r2, [r4, #36]	@ 0x24
 8002dde:	f002 0210 	and.w	r2, r2, #16
 8002de2:	6821      	ldr	r1, [r4, #0]
 8002de4:	4313      	orrs	r3, r2
 8002de6:	604b      	str	r3, [r1, #4]
  CLEAR_BIT(hspi->Instance->I2SCFGR, SPI_I2SCFGR_I2SMOD);
 8002de8:	6822      	ldr	r2, [r4, #0]
 8002dea:	69d3      	ldr	r3, [r2, #28]
 8002dec:	f423 6300 	bic.w	r3, r3, #2048	@ 0x800
 8002df0:	61d3      	str	r3, [r2, #28]
  hspi->ErrorCode = HAL_SPI_ERROR_NONE;
 8002df2:	2000      	movs	r0, #0
 8002df4:	6560      	str	r0, [r4, #84]	@ 0x54
  hspi->State     = HAL_SPI_STATE_READY;
 8002df6:	2301      	movs	r3, #1
 8002df8:	f884 3051 	strb.w	r3, [r4, #81]	@ 0x51
}
 8002dfc:	bd10      	pop	{r4, pc}
    hspi->Lock = HAL_UNLOCKED;
 8002dfe:	f884 3050 	strb.w	r3, [r4, #80]	@ 0x50
    HAL_SPI_MspInit(hspi);
 8002e02:	4620      	mov	r0, r4
 8002e04:	f7fe f870 	bl	8000ee8 <HAL_SPI_MspInit>
 8002e08:	e7b8      	b.n	8002d7c <HAL_SPI_Init+0x2c>
    return HAL_ERROR;
 8002e0a:	2001      	movs	r0, #1
}
 8002e0c:	4770      	bx	lr
	...

08002e10 <HAL_SPI_Transmit_IT>:
  if ((pData == NULL) || (Size == 0U))
 8002e10:	2900      	cmp	r1, #0
 8002e12:	d045      	beq.n	8002ea0 <HAL_SPI_Transmit_IT+0x90>
{
 8002e14:	b410      	push	{r4}
  if ((pData == NULL) || (Size == 0U))
 8002e16:	2a00      	cmp	r2, #0
 8002e18:	d044      	beq.n	8002ea4 <HAL_SPI_Transmit_IT+0x94>
  if (hspi->State != HAL_SPI_STATE_READY)
 8002e1a:	f890 3051 	ldrb.w	r3, [r0, #81]	@ 0x51
 8002e1e:	b2db      	uxtb	r3, r3
 8002e20:	2b01      	cmp	r3, #1
 8002e22:	d141      	bne.n	8002ea8 <HAL_SPI_Transmit_IT+0x98>
  __HAL_LOCK(hspi);
 8002e24:	f890 3050 	ldrb.w	r3, [r0, #80]	@ 0x50
 8002e28:	2b01      	cmp	r3, #1
 8002e2a:	d03f      	beq.n	8002eac <HAL_SPI_Transmit_IT+0x9c>
 8002e2c:	2301      	movs	r3, #1
 8002e2e:	f880 3050 	strb.w	r3, [r0, #80]	@ 0x50
  hspi->State       = HAL_SPI_STATE_BUSY_TX;
 8002e32:	2303      	movs	r3, #3
 8002e34:	f880 3051 	strb.w	r3, [r0, #81]	@ 0x51
  hspi->ErrorCode   = HAL_SPI_ERROR_NONE;
 8002e38:	2300      	movs	r3, #0
 8002e3a:	6543      	str	r3, [r0, #84]	@ 0x54
  hspi->pTxBuffPtr  = (const uint8_t *)pData;
 8002e3c:	6301      	str	r1, [r0, #48]	@ 0x30
  hspi->TxXferSize  = Size;
 8002e3e:	8682      	strh	r2, [r0, #52]	@ 0x34
  hspi->TxXferCount = Size;
 8002e40:	86c2      	strh	r2, [r0, #54]	@ 0x36
  hspi->pRxBuffPtr  = (uint8_t *)NULL;
 8002e42:	6383      	str	r3, [r0, #56]	@ 0x38
  hspi->RxXferSize  = 0U;
 8002e44:	8783      	strh	r3, [r0, #60]	@ 0x3c
  hspi->RxXferCount = 0U;
 8002e46:	87c3      	strh	r3, [r0, #62]	@ 0x3e
  hspi->RxISR       = NULL;
 8002e48:	6403      	str	r3, [r0, #64]	@ 0x40
  if (hspi->Init.DataSize > SPI_DATASIZE_8BIT)
 8002e4a:	68c3      	ldr	r3, [r0, #12]
 8002e4c:	b1d3      	cbz	r3, 8002e84 <HAL_SPI_Transmit_IT+0x74>
    hspi->TxISR = SPI_TxISR_16BIT;
 8002e4e:	4b18      	ldr	r3, [pc, #96]	@ (8002eb0 <HAL_SPI_Transmit_IT+0xa0>)
 8002e50:	6443      	str	r3, [r0, #68]	@ 0x44
  if (hspi->Init.Direction == SPI_DIRECTION_1LINE)
 8002e52:	6883      	ldr	r3, [r0, #8]
 8002e54:	f5b3 4f00 	cmp.w	r3, #32768	@ 0x8000
 8002e58:	d017      	beq.n	8002e8a <HAL_SPI_Transmit_IT+0x7a>
  if ((hspi->Instance->CR1 & SPI_CR1_SPE) != SPI_CR1_SPE)
 8002e5a:	6803      	ldr	r3, [r0, #0]
 8002e5c:	681a      	ldr	r2, [r3, #0]
 8002e5e:	f012 0f40 	tst.w	r2, #64	@ 0x40
 8002e62:	d103      	bne.n	8002e6c <HAL_SPI_Transmit_IT+0x5c>
    __HAL_SPI_ENABLE(hspi);
 8002e64:	681a      	ldr	r2, [r3, #0]
 8002e66:	f042 0240 	orr.w	r2, r2, #64	@ 0x40
 8002e6a:	601a      	str	r2, [r3, #0]
  __HAL_UNLOCK(hspi);
 8002e6c:	2300      	movs	r3, #0
 8002e6e:	f880 3050 	strb.w	r3, [r0, #80]	@ 0x50
  __HAL_SPI_ENABLE_IT(hspi, (SPI_IT_TXE | SPI_IT_ERR));
 8002e72:	6801      	ldr	r1, [r0, #0]
 8002e74:	684a      	ldr	r2, [r1, #4]
 8002e76:	f042 02a0 	orr.w	r2, r2, #160	@ 0xa0
 8002e7a:	604a      	str	r2, [r1, #4]
  return HAL_OK;
 8002e7c:	4618      	mov	r0, r3
}
 8002e7e:	f85d 4b04 	ldr.w	r4, [sp], #4
 8002e82:	4770      	bx	lr
    hspi->TxISR = SPI_TxISR_8BIT;
 8002e84:	4b0b      	ldr	r3, [pc, #44]	@ (8002eb4 <HAL_SPI_Transmit_IT+0xa4>)
 8002e86:	6443      	str	r3, [r0, #68]	@ 0x44
 8002e88:	e7e3      	b.n	8002e52 <HAL_SPI_Transmit_IT+0x42>
    __HAL_SPI_DISABLE(hspi);
 8002e8a:	6802      	ldr	r2, [r0, #0]
 8002e8c:	6813      	ldr	r3, [r2, #0]
 8002e8e:	f023 0340 	bic.w	r3, r3, #64	@ 0x40
 8002e92:	6013      	str	r3, [r2, #0]
    SPI_1LINE_TX(hspi);
 8002e94:	6802      	ldr	r2, [r0, #0]
 8002e96:	6813      	ldr	r3, [r2, #0]
 8002e98:	f443 4380 	orr.w	r3, r3, #16384	@ 0x4000
 8002e9c:	6013      	str	r3, [r2, #0]
 8002e9e:	e7dc      	b.n	8002e5a <HAL_SPI_Transmit_IT+0x4a>
    return HAL_ERROR;
 8002ea0:	2001      	movs	r0, #1
}
 8002ea2:	4770      	bx	lr
    return HAL_ERROR;
 8002ea4:	2001      	movs	r0, #1
 8002ea6:	e7ea      	b.n	8002e7e <HAL_SPI_Transmit_IT+0x6e>
    return HAL_BUSY;
 8002ea8:	2002      	movs	r0, #2
 8002eaa:	e7e8      	b.n	8002e7e <HAL_SPI_Transmit_IT+0x6e>
  __HAL_LOCK(hspi);
 8002eac:	2002      	movs	r0, #2
 8002eae:	e7e6      	b.n	8002e7e <HAL_SPI_Transmit_IT+0x6e>
 8002eb0:	08002f71 	.word	0x08002f71
 8002eb4:	08002f49 	.word	0x08002f49

08002eb8 <SPI_CloseTx_ISR>:
  * @param  hspi pointer to a SPI_HandleTypeDef structure that contains
  *               the configuration information for SPI module.
  * @retval None
  */
static void SPI_CloseTx_ISR(SPI_HandleTypeDef *hspi)
{
 8002eb8:	b510      	push	{r4, lr}
 8002eba:	b082      	sub	sp, #8
 8002ebc:	4604      	mov	r4, r0
  uint32_t tickstart;
  __IO uint32_t count = SPI_DEFAULT_TIMEOUT * (SystemCoreClock / 24U / 1000U);
 8002ebe:	4b20      	ldr	r3, [pc, #128]	@ (8002f40 <SPI_CloseTx_ISR+0x88>)
 8002ec0:	681b      	ldr	r3, [r3, #0]
 8002ec2:	4a20      	ldr	r2, [pc, #128]	@ (8002f44 <SPI_CloseTx_ISR+0x8c>)
 8002ec4:	fba2 2303 	umull	r2, r3, r2, r3
 8002ec8:	0a5b      	lsrs	r3, r3, #9
 8002eca:	2264      	movs	r2, #100	@ 0x64
 8002ecc:	fb02 f303 	mul.w	r3, r2, r3
 8002ed0:	9301      	str	r3, [sp, #4]

  /* Init tickstart for timeout management*/
  tickstart = HAL_GetTick();
 8002ed2:	f7fe fce5 	bl	80018a0 <HAL_GetTick>
 8002ed6:	4602      	mov	r2, r0

  /* Wait until TXE flag is set */
  do
  {
    if (count == 0U)
 8002ed8:	9b01      	ldr	r3, [sp, #4]
 8002eda:	b143      	cbz	r3, 8002eee <SPI_CloseTx_ISR+0x36>
    {
      SET_BIT(hspi->ErrorCode, HAL_SPI_ERROR_FLAG);
      break;
    }
    count--;
 8002edc:	9b01      	ldr	r3, [sp, #4]
 8002ede:	3b01      	subs	r3, #1
 8002ee0:	9301      	str	r3, [sp, #4]
  } while ((hspi->Instance->SR & SPI_FLAG_TXE) == RESET);
 8002ee2:	6823      	ldr	r3, [r4, #0]
 8002ee4:	689b      	ldr	r3, [r3, #8]
 8002ee6:	f013 0f02 	tst.w	r3, #2
 8002eea:	d0f5      	beq.n	8002ed8 <SPI_CloseTx_ISR+0x20>
 8002eec:	e003      	b.n	8002ef6 <SPI_CloseTx_ISR+0x3e>
      SET_BIT(hspi->ErrorCode, HAL_SPI_ERROR_FLAG);
 8002eee:	6d63      	ldr	r3, [r4, #84]	@ 0x54
 8002ef0:	f043 0320 	orr.w	r3, r3, #32
 8002ef4:	6563      	str	r3, [r4, #84]	@ 0x54

  /* Disable TXE and ERR interrupt */
  __HAL_SPI_DISABLE_IT(hspi, (SPI_IT_TXE | SPI_IT_ERR));
 8002ef6:	6821      	ldr	r1, [r4, #0]
 8002ef8:	684b      	ldr	r3, [r1, #4]
 8002efa:	f023 03a0 	bic.w	r3, r3, #160	@ 0xa0
 8002efe:	604b      	str	r3, [r1, #4]

  /* Check the end of the transaction */
  if (SPI_EndRxTxTransaction(hspi, SPI_DEFAULT_TIMEOUT, tickstart) != HAL_OK)
 8002f00:	2164      	movs	r1, #100	@ 0x64
 8002f02:	4620      	mov	r0, r4
 8002f04:	f7ff fee4 	bl	8002cd0 <SPI_EndRxTxTransaction>
 8002f08:	b118      	cbz	r0, 8002f12 <SPI_CloseTx_ISR+0x5a>
  {
    SET_BIT(hspi->ErrorCode, HAL_SPI_ERROR_FLAG);
 8002f0a:	6d63      	ldr	r3, [r4, #84]	@ 0x54
 8002f0c:	f043 0320 	orr.w	r3, r3, #32
 8002f10:	6563      	str	r3, [r4, #84]	@ 0x54
  }

  /* Clear overrun flag in 2 Lines communication mode because received is not read */
  if (hspi->Init.Direction == SPI_DIRECTION_2LINES)
 8002f12:	68a3      	ldr	r3, [r4, #8]
 8002f14:	b933      	cbnz	r3, 8002f24 <SPI_CloseTx_ISR+0x6c>
  {
    __HAL_SPI_CLEAR_OVRFLAG(hspi);
 8002f16:	9300      	str	r3, [sp, #0]
 8002f18:	6823      	ldr	r3, [r4, #0]
 8002f1a:	68da      	ldr	r2, [r3, #12]
 8002f1c:	9200      	str	r2, [sp, #0]
 8002f1e:	689b      	ldr	r3, [r3, #8]
 8002f20:	9300      	str	r3, [sp, #0]
 8002f22:	9b00      	ldr	r3, [sp, #0]
  }

  hspi->State = HAL_SPI_STATE_READY;
 8002f24:	2301      	movs	r3, #1
 8002f26:	f884 3051 	strb.w	r3, [r4, #81]	@ 0x51
  if (hspi->ErrorCode != HAL_SPI_ERROR_NONE)
 8002f2a:	6d63      	ldr	r3, [r4, #84]	@ 0x54
 8002f2c:	b123      	cbz	r3, 8002f38 <SPI_CloseTx_ISR+0x80>
  {
    /* Call user error callback */
#if (USE_HAL_SPI_REGISTER_CALLBACKS == 1U)
    hspi->ErrorCallback(hspi);
#else
    HAL_SPI_ErrorCallback(hspi);
 8002f2e:	4620      	mov	r0, r4
 8002f30:	f7fe fc34 	bl	800179c <HAL_SPI_ErrorCallback>
    hspi->TxCpltCallback(hspi);
#else
    HAL_SPI_TxCpltCallback(hspi);
#endif /* USE_HAL_SPI_REGISTER_CALLBACKS */
  }
}
 8002f34:	b002      	add	sp, #8
 8002f36:	bd10      	pop	{r4, pc}
    HAL_SPI_TxCpltCallback(hspi);
 8002f38:	4620      	mov	r0, r4
 8002f3a:	f7fe fc3d 	bl	80017b8 <HAL_SPI_TxCpltCallback>
}
 8002f3e:	e7f9      	b.n	8002f34 <SPI_CloseTx_ISR+0x7c>
 8002f40:	20000020 	.word	0x20000020
 8002f44:	057619f1 	.word	0x057619f1

08002f48 <SPI_TxISR_8BIT>:
{
 8002f48:	b508      	push	{r3, lr}
  *(__IO uint8_t *)&hspi->Instance->DR = *((const uint8_t *)hspi->pTxBuffPtr);
 8002f4a:	6b02      	ldr	r2, [r0, #48]	@ 0x30
 8002f4c:	6803      	ldr	r3, [r0, #0]
 8002f4e:	7812      	ldrb	r2, [r2, #0]
 8002f50:	731a      	strb	r2, [r3, #12]
  hspi->pTxBuffPtr++;
 8002f52:	6b03      	ldr	r3, [r0, #48]	@ 0x30
 8002f54:	3301      	adds	r3, #1
 8002f56:	6303      	str	r3, [r0, #48]	@ 0x30
  hspi->TxXferCount--;
 8002f58:	8ec3      	ldrh	r3, [r0, #54]	@ 0x36
 8002f5a:	b29b      	uxth	r3, r3
 8002f5c:	3b01      	subs	r3, #1
 8002f5e:	b29b      	uxth	r3, r3
 8002f60:	86c3      	strh	r3, [r0, #54]	@ 0x36
  if (hspi->TxXferCount == 0U)
 8002f62:	8ec3      	ldrh	r3, [r0, #54]	@ 0x36
 8002f64:	b29b      	uxth	r3, r3
 8002f66:	b103      	cbz	r3, 8002f6a <SPI_TxISR_8BIT+0x22>
}
 8002f68:	bd08      	pop	{r3, pc}
    SPI_CloseTx_ISR(hspi);
 8002f6a:	f7ff ffa5 	bl	8002eb8 <SPI_CloseTx_ISR>
}
 8002f6e:	e7fb      	b.n	8002f68 <SPI_TxISR_8BIT+0x20>

08002f70 <SPI_TxISR_16BIT>:
{
 8002f70:	b508      	push	{r3, lr}
  hspi->Instance->DR = *((const uint16_t *)hspi->pTxBuffPtr);
 8002f72:	6b02      	ldr	r2, [r0, #48]	@ 0x30
 8002f74:	6803      	ldr	r3, [r0, #0]
 8002f76:	8812      	ldrh	r2, [r2, #0]
 8002f78:	60da      	str	r2, [r3, #12]
  hspi->pTxBuffPtr += sizeof(uint16_t);
 8002f7a:	6b03      	ldr	r3, [r0, #48]	@ 0x30
 8002f7c:	3302      	adds	r3, #2
 8002f7e:	6303      	str	r3, [r0, #48]	@ 0x30
  hspi->TxXferCount--;
 8002f80:	8ec3      	ldrh	r3, [r0, #54]	@ 0x36
 8002f82:	b29b      	uxth	r3, r3
 8002f84:	3b01      	subs	r3, #1
 8002f86:	b29b      	uxth	r3, r3
 8002f88:	86c3      	strh	r3, [r0, #54]	@ 0x36
  if (hspi->TxXferCount == 0U)
 8002f8a:	8ec3      	ldrh	r3, [r0, #54]	@ 0x36
 8002f8c:	b29b      	uxth	r3, r3
 8002f8e:	b103      	cbz	r3, 8002f92 <SPI_TxISR_16BIT+0x22>
}
 8002f90:	bd08      	pop	{r3, pc}
    SPI_CloseTx_ISR(hspi);
 8002f92:	f7ff ff91 	bl	8002eb8 <SPI_CloseTx_ISR>
}
 8002f96:	e7fb      	b.n	8002f90 <SPI_TxISR_16BIT+0x20>

08002f98 <HAL_SPI_IRQHandler>:
{
 8002f98:	b530      	push	{r4, r5, lr}
 8002f9a:	b085      	sub	sp, #20
 8002f9c:	4604      	mov	r4, r0
  uint32_t itsource = hspi->Instance->CR2;
 8002f9e:	6802      	ldr	r2, [r0, #0]
 8002fa0:	6851      	ldr	r1, [r2, #4]
  uint32_t itflag   = hspi->Instance->SR;
 8002fa2:	6893      	ldr	r3, [r2, #8]
  if ((SPI_CHECK_FLAG(itflag, SPI_FLAG_OVR) == RESET) &&
 8002fa4:	f3c3 1080 	ubfx	r0, r3, #6, #1
 8002fa8:	f013 0f40 	tst.w	r3, #64	@ 0x40
 8002fac:	d105      	bne.n	8002fba <HAL_SPI_IRQHandler+0x22>
 8002fae:	f013 0f01 	tst.w	r3, #1
 8002fb2:	d002      	beq.n	8002fba <HAL_SPI_IRQHandler+0x22>
      (SPI_CHECK_FLAG(itflag, SPI_FLAG_RXNE) != RESET) && (SPI_CHECK_IT_SOURCE(itsource, SPI_IT_RXNE) != RESET))
 8002fb4:	f011 0f40 	tst.w	r1, #64	@ 0x40
 8002fb8:	d169      	bne.n	800308e <HAL_SPI_IRQHandler+0xf6>
  if ((SPI_CHECK_FLAG(itflag, SPI_FLAG_TXE) != RESET) && (SPI_CHECK_IT_SOURCE(itsource, SPI_IT_TXE) != RESET))
 8002fba:	f013 0f02 	tst.w	r3, #2
 8002fbe:	d002      	beq.n	8002fc6 <HAL_SPI_IRQHandler+0x2e>
 8002fc0:	f011 0f80 	tst.w	r1, #128	@ 0x80
 8002fc4:	d167      	bne.n	8003096 <HAL_SPI_IRQHandler+0xfe>
  if (((SPI_CHECK_FLAG(itflag, SPI_FLAG_MODF) != RESET) || (SPI_CHECK_FLAG(itflag, SPI_FLAG_OVR) != RESET)
 8002fc6:	f3c3 1540 	ubfx	r5, r3, #5, #1
 8002fca:	f013 0f20 	tst.w	r3, #32
 8002fce:	d103      	bne.n	8002fd8 <HAL_SPI_IRQHandler+0x40>
 8002fd0:	b910      	cbnz	r0, 8002fd8 <HAL_SPI_IRQHandler+0x40>
       || (SPI_CHECK_FLAG(itflag, SPI_FLAG_FRE) != RESET)) && (SPI_CHECK_IT_SOURCE(itsource, SPI_IT_ERR) != RESET))
 8002fd2:	f413 7f80 	tst.w	r3, #256	@ 0x100
 8002fd6:	d061      	beq.n	800309c <HAL_SPI_IRQHandler+0x104>
 8002fd8:	f011 0f20 	tst.w	r1, #32
 8002fdc:	d05e      	beq.n	800309c <HAL_SPI_IRQHandler+0x104>
    if (SPI_CHECK_FLAG(itflag, SPI_FLAG_OVR) != RESET)
 8002fde:	b178      	cbz	r0, 8003000 <HAL_SPI_IRQHandler+0x68>
      if (hspi->State != HAL_SPI_STATE_BUSY_TX)
 8002fe0:	f894 0051 	ldrb.w	r0, [r4, #81]	@ 0x51
 8002fe4:	b2c0      	uxtb	r0, r0
 8002fe6:	2803      	cmp	r0, #3
 8002fe8:	d05a      	beq.n	80030a0 <HAL_SPI_IRQHandler+0x108>
        SET_BIT(hspi->ErrorCode, HAL_SPI_ERROR_OVR);
 8002fea:	6d60      	ldr	r0, [r4, #84]	@ 0x54
 8002fec:	f040 0004 	orr.w	r0, r0, #4
 8002ff0:	6560      	str	r0, [r4, #84]	@ 0x54
        __HAL_SPI_CLEAR_OVRFLAG(hspi);
 8002ff2:	2000      	movs	r0, #0
 8002ff4:	9000      	str	r0, [sp, #0]
 8002ff6:	68d0      	ldr	r0, [r2, #12]
 8002ff8:	9000      	str	r0, [sp, #0]
 8002ffa:	6890      	ldr	r0, [r2, #8]
 8002ffc:	9000      	str	r0, [sp, #0]
 8002ffe:	9800      	ldr	r0, [sp, #0]
    if (SPI_CHECK_FLAG(itflag, SPI_FLAG_MODF) != RESET)
 8003000:	b165      	cbz	r5, 800301c <HAL_SPI_IRQHandler+0x84>
      SET_BIT(hspi->ErrorCode, HAL_SPI_ERROR_MODF);
 8003002:	6d60      	ldr	r0, [r4, #84]	@ 0x54
 8003004:	f040 0001 	orr.w	r0, r0, #1
 8003008:	6560      	str	r0, [r4, #84]	@ 0x54
      __HAL_SPI_CLEAR_MODFFLAG(hspi);
 800300a:	2000      	movs	r0, #0
 800300c:	9002      	str	r0, [sp, #8]
 800300e:	6890      	ldr	r0, [r2, #8]
 8003010:	9002      	str	r0, [sp, #8]
 8003012:	6810      	ldr	r0, [r2, #0]
 8003014:	f020 0040 	bic.w	r0, r0, #64	@ 0x40
 8003018:	6010      	str	r0, [r2, #0]
 800301a:	9a02      	ldr	r2, [sp, #8]
    if (SPI_CHECK_FLAG(itflag, SPI_FLAG_FRE) != RESET)
 800301c:	f413 7f80 	tst.w	r3, #256	@ 0x100
 8003020:	d009      	beq.n	8003036 <HAL_SPI_IRQHandler+0x9e>
      SET_BIT(hspi->ErrorCode, HAL_SPI_ERROR_FRE);
 8003022:	6d63      	ldr	r3, [r4, #84]	@ 0x54
 8003024:	f043 0308 	orr.w	r3, r3, #8
 8003028:	6563      	str	r3, [r4, #84]	@ 0x54
      __HAL_SPI_CLEAR_FREFLAG(hspi);
 800302a:	2300      	movs	r3, #0
 800302c:	9303      	str	r3, [sp, #12]
 800302e:	6823      	ldr	r3, [r4, #0]
 8003030:	689b      	ldr	r3, [r3, #8]
 8003032:	9303      	str	r3, [sp, #12]
 8003034:	9b03      	ldr	r3, [sp, #12]
    if (hspi->ErrorCode != HAL_SPI_ERROR_NONE)
 8003036:	6d63      	ldr	r3, [r4, #84]	@ 0x54
 8003038:	2b00      	cmp	r3, #0
 800303a:	d02f      	beq.n	800309c <HAL_SPI_IRQHandler+0x104>
      __HAL_SPI_DISABLE_IT(hspi, SPI_IT_RXNE | SPI_IT_TXE | SPI_IT_ERR);
 800303c:	6822      	ldr	r2, [r4, #0]
 800303e:	6853      	ldr	r3, [r2, #4]
 8003040:	f023 03e0 	bic.w	r3, r3, #224	@ 0xe0
 8003044:	6053      	str	r3, [r2, #4]
      hspi->State = HAL_SPI_STATE_READY;
 8003046:	2301      	movs	r3, #1
 8003048:	f884 3051 	strb.w	r3, [r4, #81]	@ 0x51
      if ((HAL_IS_BIT_SET(itsource, SPI_CR2_TXDMAEN)) || (HAL_IS_BIT_SET(itsource, SPI_CR2_RXDMAEN)))
 800304c:	f011 0f03 	tst.w	r1, #3
 8003050:	d02e      	beq.n	80030b0 <HAL_SPI_IRQHandler+0x118>
        CLEAR_BIT(hspi->Instance->CR2, (SPI_CR2_TXDMAEN | SPI_CR2_RXDMAEN));
 8003052:	6822      	ldr	r2, [r4, #0]
 8003054:	6853      	ldr	r3, [r2, #4]
 8003056:	f023 0303 	bic.w	r3, r3, #3
 800305a:	6053      	str	r3, [r2, #4]
        if (hspi->hdmarx != NULL)
 800305c:	6ce3      	ldr	r3, [r4, #76]	@ 0x4c
 800305e:	b14b      	cbz	r3, 8003074 <HAL_SPI_IRQHandler+0xdc>
          hspi->hdmarx->XferAbortCallback = SPI_DMAAbortOnError;
 8003060:	4a15      	ldr	r2, [pc, #84]	@ (80030b8 <HAL_SPI_IRQHandler+0x120>)
 8003062:	651a      	str	r2, [r3, #80]	@ 0x50
          if (HAL_OK != HAL_DMA_Abort_IT(hspi->hdmarx))
 8003064:	6ce0      	ldr	r0, [r4, #76]	@ 0x4c
 8003066:	f7fe fd7d 	bl	8001b64 <HAL_DMA_Abort_IT>
 800306a:	b118      	cbz	r0, 8003074 <HAL_SPI_IRQHandler+0xdc>
            SET_BIT(hspi->ErrorCode, HAL_SPI_ERROR_ABORT);
 800306c:	6d63      	ldr	r3, [r4, #84]	@ 0x54
 800306e:	f043 0340 	orr.w	r3, r3, #64	@ 0x40
 8003072:	6563      	str	r3, [r4, #84]	@ 0x54
        if (hspi->hdmatx != NULL)
 8003074:	6ca3      	ldr	r3, [r4, #72]	@ 0x48
 8003076:	b18b      	cbz	r3, 800309c <HAL_SPI_IRQHandler+0x104>
          hspi->hdmatx->XferAbortCallback = SPI_DMAAbortOnError;
 8003078:	4a0f      	ldr	r2, [pc, #60]	@ (80030b8 <HAL_SPI_IRQHandler+0x120>)
 800307a:	651a      	str	r2, [r3, #80]	@ 0x50
          if (HAL_OK != HAL_DMA_Abort_IT(hspi->hdmatx))
 800307c:	6ca0      	ldr	r0, [r4, #72]	@ 0x48
 800307e:	f7fe fd71 	bl	8001b64 <HAL_DMA_Abort_IT>
 8003082:	b158      	cbz	r0, 800309c <HAL_SPI_IRQHandler+0x104>
            SET_BIT(hspi->ErrorCode, HAL_SPI_ERROR_ABORT);
 8003084:	6d63      	ldr	r3, [r4, #84]	@ 0x54
 8003086:	f043 0340 	orr.w	r3, r3, #64	@ 0x40
 800308a:	6563      	str	r3, [r4, #84]	@ 0x54
 800308c:	e006      	b.n	800309c <HAL_SPI_IRQHandler+0x104>
    hspi->RxISR(hspi);
 800308e:	6c23      	ldr	r3, [r4, #64]	@ 0x40
 8003090:	4620      	mov	r0, r4
 8003092:	4798      	blx	r3
    return;
 8003094:	e002      	b.n	800309c <HAL_SPI_IRQHandler+0x104>
    hspi->TxISR(hspi);
 8003096:	6c63      	ldr	r3, [r4, #68]	@ 0x44
 8003098:	4620      	mov	r0, r4
 800309a:	4798      	blx	r3
}
 800309c:	b005      	add	sp, #20
 800309e:	bd30      	pop	{r4, r5, pc}
        __HAL_SPI_CLEAR_OVRFLAG(hspi);
 80030a0:	2300      	movs	r3, #0
 80030a2:	9301      	str	r3, [sp, #4]
 80030a4:	68d3      	ldr	r3, [r2, #12]
 80030a6:	9301      	str	r3, [sp, #4]
 80030a8:	6893      	ldr	r3, [r2, #8]
 80030aa:	9301      	str	r3, [sp, #4]
 80030ac:	9b01      	ldr	r3, [sp, #4]
        return;
 80030ae:	e7f5      	b.n	800309c <HAL_SPI_IRQHandler+0x104>
        HAL_SPI_ErrorCallback(hspi);
 80030b0:	4620      	mov	r0, r4
 80030b2:	f7fe fb73 	bl	800179c <HAL_SPI_ErrorCallback>
    return;
 80030b6:	e7f1      	b.n	800309c <HAL_SPI_IRQHandler+0x104>
 80030b8:	080030bd 	.word	0x080030bd

080030bc <SPI_DMAAbortOnError>:
{
 80030bc:	b508      	push	{r3, lr}
  SPI_HandleTypeDef *hspi = (SPI_HandleTypeDef *)(((DMA_HandleTypeDef *)hdma)->Parent); /* Derogation MISRAC2012-Rule-11.5 */
 80030be:	6b80      	ldr	r0, [r0, #56]	@ 0x38
  hspi->RxXferCount = 0U;
 80030c0:	2300      	movs	r3, #0
 80030c2:	87c3      	strh	r3, [r0, #62]	@ 0x3e
  hspi->TxXferCount = 0U;
 80030c4:	86c3      	strh	r3, [r0, #54]	@ 0x36
  HAL_SPI_ErrorCallback(hspi);
 80030c6:	f7fe fb69 	bl	800179c <HAL_SPI_ErrorCallback>
}
 80030ca:	bd08      	pop	{r3, pc}

080030cc <TIM_OC1_SetConfig>:
  * @param  TIMx to select the TIM peripheral
  * @param  OC_Config The output configuration structure
  * @retval None
  */
static void TIM_OC1_SetConfig(TIM_TypeDef *TIMx, const TIM_OC_InitTypeDef *OC_Config)
{
 80030cc:	b430      	push	{r4, r5}
  uint32_t tmpccmrx;
  uint32_t tmpccer;
  uint32_t tmpcr2;

  /* Get the TIMx CCER register value */
  tmpccer = TIMx->CCER;
 80030ce:	6a03      	ldr	r3, [r0, #32]

  /* Disable the Channel 1: Reset the CC1E Bit */
  TIMx->CCER &= ~TIM_CCER_CC1E;
 80030d0:	6a02      	ldr	r2, [r0, #32]
 80030d2:	f022 0201 	bic.w	r2, r2, #1
 80030d6:	6202      	str	r2, [r0, #32]

  /* Get the TIMx CR2 register value */
  tmpcr2 =  TIMx->CR2;
 80030d8:	6842      	ldr	r2, [r0, #4]

  /* Get the TIMx CCMR1 register value */
  tmpccmrx = TIMx->CCMR1;
 80030da:	6984      	ldr	r4, [r0, #24]

  /* Reset the Output Compare Mode Bits */
  tmpccmrx &= ~TIM_CCMR1_OC1M;
  tmpccmrx &= ~TIM_CCMR1_CC1S;
 80030dc:	f024 0c73 	bic.w	ip, r4, #115	@ 0x73
  /* Select the Output Compare Mode */
  tmpccmrx |= OC_Config->OCMode;
 80030e0:	680c      	ldr	r4, [r1, #0]
 80030e2:	ea44 040c 	orr.w	r4, r4, ip

  /* Reset the Output Polarity level */
  tmpccer &= ~TIM_CCER_CC1P;
 80030e6:	f023 0c02 	bic.w	ip, r3, #2
  /* Set the Output Compare Polarity */
  tmpccer |= OC_Config->OCPolarity;
 80030ea:	688b      	ldr	r3, [r1, #8]
 80030ec:	ea43 030c 	orr.w	r3, r3, ip

  if (IS_TIM_CCXN_INSTANCE(TIMx, TIM_CHANNEL_1))
 80030f0:	4d11      	ldr	r5, [pc, #68]	@ (8003138 <TIM_OC1_SetConfig+0x6c>)
 80030f2:	42a8      	cmp	r0, r5
 80030f4:	d003      	beq.n	80030fe <TIM_OC1_SetConfig+0x32>
 80030f6:	f505 6580 	add.w	r5, r5, #1024	@ 0x400
 80030fa:	42a8      	cmp	r0, r5
 80030fc:	d105      	bne.n	800310a <TIM_OC1_SetConfig+0x3e>
  {
    /* Check parameters */
    assert_param(IS_TIM_OCN_POLARITY(OC_Config->OCNPolarity));

    /* Reset the Output N Polarity level */
    tmpccer &= ~TIM_CCER_CC1NP;
 80030fe:	f023 0308 	bic.w	r3, r3, #8
    /* Set the Output N Polarity */
    tmpccer |= OC_Config->OCNPolarity;
 8003102:	68cd      	ldr	r5, [r1, #12]
 8003104:	432b      	orrs	r3, r5
    /* Reset the Output N State */
    tmpccer &= ~TIM_CCER_CC1NE;
 8003106:	f023 0304 	bic.w	r3, r3, #4
  }

  if (IS_TIM_BREAK_INSTANCE(TIMx))
 800310a:	4d0b      	ldr	r5, [pc, #44]	@ (8003138 <TIM_OC1_SetConfig+0x6c>)
 800310c:	42a8      	cmp	r0, r5
 800310e:	d003      	beq.n	8003118 <TIM_OC1_SetConfig+0x4c>
 8003110:	f505 6580 	add.w	r5, r5, #1024	@ 0x400
 8003114:	42a8      	cmp	r0, r5
 8003116:	d107      	bne.n	8003128 <TIM_OC1_SetConfig+0x5c>
    assert_param(IS_TIM_OCNIDLE_STATE(OC_Config->OCNIdleState));
    assert_param(IS_TIM_OCIDLE_STATE(OC_Config->OCIdleState));

    /* Reset the Output Compare and Output Compare N IDLE State */
    tmpcr2 &= ~TIM_CR2_OIS1;
    tmpcr2 &= ~TIM_CR2_OIS1N;
 8003118:	f422 7240 	bic.w	r2, r2, #768	@ 0x300
    /* Set the Output Idle state */
    tmpcr2 |= OC_Config->OCIdleState;
 800311c:	694d      	ldr	r5, [r1, #20]
 800311e:	ea45 0c02 	orr.w	ip, r5, r2
    /* Set the Output N Idle state */
    tmpcr2 |= OC_Config->OCNIdleState;
 8003122:	698a      	ldr	r2, [r1, #24]
 8003124:	ea42 020c 	orr.w	r2, r2, ip
  }

  /* Write to TIMx CR2 */
  TIMx->CR2 = tmpcr2;
 8003128:	6042      	str	r2, [r0, #4]

  /* Write to TIMx CCMR1 */
  TIMx->CCMR1 = tmpccmrx;
 800312a:	6184      	str	r4, [r0, #24]

  /* Set the Capture Compare Register value */
  TIMx->CCR1 = OC_Config->Pulse;
 800312c:	684a      	ldr	r2, [r1, #4]
 800312e:	6342      	str	r2, [r0, #52]	@ 0x34

  /* Write to TIMx CCER */
  TIMx->CCER = tmpccer;
 8003130:	6203      	str	r3, [r0, #32]
}
 8003132:	bc30      	pop	{r4, r5}
 8003134:	4770      	bx	lr
 8003136:	bf00      	nop
 8003138:	40010000 	.word	0x40010000

0800313c <TIM_OC3_SetConfig>:
  * @param  TIMx to select the TIM peripheral
  * @param  OC_Config The output configuration structure
  * @retval None
  */
static void TIM_OC3_SetConfig(TIM_TypeDef *TIMx, const TIM_OC_InitTypeDef *OC_Config)
{
 800313c:	b430      	push	{r4, r5}
  uint32_t tmpccmrx;
  uint32_t tmpccer;
  uint32_t tmpcr2;

  /* Get the TIMx CCER register value */
  tmpccer = TIMx->CCER;
 800313e:	6a03      	ldr	r3, [r0, #32]

  /* Disable the Channel 3: Reset the CC2E Bit */
  TIMx->CCER &= ~TIM_CCER_CC3E;
 8003140:	6a02      	ldr	r2, [r0, #32]
 8003142:	f422 7280 	bic.w	r2, r2, #256	@ 0x100
 8003146:	6202      	str	r2, [r0, #32]

  /* Get the TIMx CR2 register value */
  tmpcr2 =  TIMx->CR2;
 8003148:	6842      	ldr	r2, [r0, #4]

  /* Get the TIMx CCMR2 register value */
  tmpccmrx = TIMx->CCMR2;
 800314a:	69c4      	ldr	r4, [r0, #28]

  /* Reset the Output Compare mode and Capture/Compare selection Bits */
  tmpccmrx &= ~TIM_CCMR2_OC3M;
  tmpccmrx &= ~TIM_CCMR2_CC3S;
 800314c:	f024 0c73 	bic.w	ip, r4, #115	@ 0x73
  /* Select the Output Compare Mode */
  tmpccmrx |= OC_Config->OCMode;
 8003150:	680c      	ldr	r4, [r1, #0]
 8003152:	ea44 050c 	orr.w	r5, r4, ip

  /* Reset the Output Polarity level */
  tmpccer &= ~TIM_CCER_CC3P;
 8003156:	f423 7300 	bic.w	r3, r3, #512	@ 0x200
  /* Set the Output Compare Polarity */
  tmpccer |= (OC_Config->OCPolarity << 8U);
 800315a:	688c      	ldr	r4, [r1, #8]
 800315c:	ea43 2304 	orr.w	r3, r3, r4, lsl #8

  if (IS_TIM_CCXN_INSTANCE(TIMx, TIM_CHANNEL_3))
 8003160:	4c11      	ldr	r4, [pc, #68]	@ (80031a8 <TIM_OC3_SetConfig+0x6c>)
 8003162:	42a0      	cmp	r0, r4
 8003164:	d003      	beq.n	800316e <TIM_OC3_SetConfig+0x32>
 8003166:	f504 6480 	add.w	r4, r4, #1024	@ 0x400
 800316a:	42a0      	cmp	r0, r4
 800316c:	d106      	bne.n	800317c <TIM_OC3_SetConfig+0x40>
  {
    assert_param(IS_TIM_OCN_POLARITY(OC_Config->OCNPolarity));

    /* Reset the Output N Polarity level */
    tmpccer &= ~TIM_CCER_CC3NP;
 800316e:	f423 6300 	bic.w	r3, r3, #2048	@ 0x800
    /* Set the Output N Polarity */
    tmpccer |= (OC_Config->OCNPolarity << 8U);
 8003172:	68cc      	ldr	r4, [r1, #12]
 8003174:	ea43 2304 	orr.w	r3, r3, r4, lsl #8
    /* Reset the Output N State */
    tmpccer &= ~TIM_CCER_CC3NE;
 8003178:	f423 6380 	bic.w	r3, r3, #1024	@ 0x400
  }

  if (IS_TIM_BREAK_INSTANCE(TIMx))
 800317c:	4c0a      	ldr	r4, [pc, #40]	@ (80031a8 <TIM_OC3_SetConfig+0x6c>)
 800317e:	42a0      	cmp	r0, r4
 8003180:	d003      	beq.n	800318a <TIM_OC3_SetConfig+0x4e>
 8003182:	f504 6480 	add.w	r4, r4, #1024	@ 0x400
 8003186:	42a0      	cmp	r0, r4
 8003188:	d107      	bne.n	800319a <TIM_OC3_SetConfig+0x5e>
    assert_param(IS_TIM_OCNIDLE_STATE(OC_Config->OCNIdleState));
    assert_param(IS_TIM_OCIDLE_STATE(OC_Config->OCIdleState));

    /* Reset the Output Compare and Output Compare N IDLE State */
    tmpcr2 &= ~TIM_CR2_OIS3;
    tmpcr2 &= ~TIM_CR2_OIS3N;
 800318a:	f422 5240 	bic.w	r2, r2, #12288	@ 0x3000
    /* Set the Output Idle state */
    tmpcr2 |= (OC_Config->OCIdleState << 4U);
 800318e:	694c      	ldr	r4, [r1, #20]
 8003190:	ea42 1204 	orr.w	r2, r2, r4, lsl #4
    /* Set the Output N Idle state */
    tmpcr2 |= (OC_Config->OCNIdleState << 4U);
 8003194:	698c      	ldr	r4, [r1, #24]
 8003196:	ea42 1204 	orr.w	r2, r2, r4, lsl #4
  }

  /* Write to TIMx CR2 */
  TIMx->CR2 = tmpcr2;
 800319a:	6042      	str	r2, [r0, #4]

  /* Write to TIMx CCMR2 */
  TIMx->CCMR2 = tmpccmrx;
 800319c:	61c5      	str	r5, [r0, #28]

  /* Set the Capture Compare Register value */
  TIMx->CCR3 = OC_Config->Pulse;
 800319e:	684a      	ldr	r2, [r1, #4]
 80031a0:	63c2      	str	r2, [r0, #60]	@ 0x3c

  /* Write to TIMx CCER */
  TIMx->CCER = tmpccer;
 80031a2:	6203      	str	r3, [r0, #32]
}
 80031a4:	bc30      	pop	{r4, r5}
 80031a6:	4770      	bx	lr
 80031a8:	40010000 	.word	0x40010000

080031ac <TIM_OC4_SetConfig>:
  * @param  TIMx to select the TIM peripheral
  * @param  OC_Config The output configuration structure
  * @retval None
  */
static void TIM_OC4_SetConfig(TIM_TypeDef *TIMx, const TIM_OC_InitTypeDef *OC_Config)
{
 80031ac:	b430      	push	{r4, r5}
  uint32_t tmpccmrx;
  uint32_t tmpccer;
  uint32_t tmpcr2;

  /* Get the TIMx CCER register value */
  tmpccer = TIMx->CCER;
 80031ae:	6a03      	ldr	r3, [r0, #32]

  /* Disable the Channel 4: Reset the CC4E Bit */
  TIMx->CCER &= ~TIM_CCER_CC4E;
 80031b0:	6a02      	ldr	r2, [r0, #32]
 80031b2:	f422 5280 	bic.w	r2, r2, #4096	@ 0x1000
 80031b6:	6202      	str	r2, [r0, #32]

  /* Get the TIMx CR2 register value */
  tmpcr2 =  TIMx->CR2;
 80031b8:	6844      	ldr	r4, [r0, #4]

  /* Get the TIMx CCMR2 register value */
  tmpccmrx = TIMx->CCMR2;
 80031ba:	69c2      	ldr	r2, [r0, #28]

  /* Reset the Output Compare mode and Capture/Compare selection Bits */
  tmpccmrx &= ~TIM_CCMR2_OC4M;
  tmpccmrx &= ~TIM_CCMR2_CC4S;
 80031bc:	f422 42e6 	bic.w	r2, r2, #29440	@ 0x7300

  /* Select the Output Compare Mode */
  tmpccmrx |= (OC_Config->OCMode << 8U);
 80031c0:	680d      	ldr	r5, [r1, #0]
 80031c2:	ea42 2205 	orr.w	r2, r2, r5, lsl #8

  /* Reset the Output Polarity level */
  tmpccer &= ~TIM_CCER_CC4P;
 80031c6:	f423 5300 	bic.w	r3, r3, #8192	@ 0x2000
  /* Set the Output Compare Polarity */
  tmpccer |= (OC_Config->OCPolarity << 12U);
 80031ca:	688d      	ldr	r5, [r1, #8]
 80031cc:	ea43 3305 	orr.w	r3, r3, r5, lsl #12

  if (IS_TIM_BREAK_INSTANCE(TIMx))
 80031d0:	4d09      	ldr	r5, [pc, #36]	@ (80031f8 <TIM_OC4_SetConfig+0x4c>)
 80031d2:	42a8      	cmp	r0, r5
 80031d4:	d003      	beq.n	80031de <TIM_OC4_SetConfig+0x32>
 80031d6:	f505 6580 	add.w	r5, r5, #1024	@ 0x400
 80031da:	42a8      	cmp	r0, r5
 80031dc:	d104      	bne.n	80031e8 <TIM_OC4_SetConfig+0x3c>
  {
    /* Check parameters */
    assert_param(IS_TIM_OCIDLE_STATE(OC_Config->OCIdleState));

    /* Reset the Output Compare IDLE State */
    tmpcr2 &= ~TIM_CR2_OIS4;
 80031de:	f424 4480 	bic.w	r4, r4, #16384	@ 0x4000

    /* Set the Output Idle state */
    tmpcr2 |= (OC_Config->OCIdleState << 6U);
 80031e2:	694d      	ldr	r5, [r1, #20]
 80031e4:	ea44 1485 	orr.w	r4, r4, r5, lsl #6
  }

  /* Write to TIMx CR2 */
  TIMx->CR2 = tmpcr2;
 80031e8:	6044      	str	r4, [r0, #4]

  /* Write to TIMx CCMR2 */
  TIMx->CCMR2 = tmpccmrx;
 80031ea:	61c2      	str	r2, [r0, #28]

  /* Set the Capture Compare Register value */
  TIMx->CCR4 = OC_Config->Pulse;
 80031ec:	684a      	ldr	r2, [r1, #4]
 80031ee:	6402      	str	r2, [r0, #64]	@ 0x40

  /* Write to TIMx CCER */
  TIMx->CCER = tmpccer;
 80031f0:	6203      	str	r3, [r0, #32]
}
 80031f2:	bc30      	pop	{r4, r5}
 80031f4:	4770      	bx	lr
 80031f6:	bf00      	nop
 80031f8:	40010000 	.word	0x40010000

080031fc <HAL_TIM_Base_Start_IT>:
  if (htim->State != HAL_TIM_STATE_READY)
 80031fc:	f890 303d 	ldrb.w	r3, [r0, #61]	@ 0x3d
 8003200:	b2db      	uxtb	r3, r3
 8003202:	2b01      	cmp	r3, #1
 8003204:	d137      	bne.n	8003276 <HAL_TIM_Base_Start_IT+0x7a>
  htim->State = HAL_TIM_STATE_BUSY;
 8003206:	2302      	movs	r3, #2
 8003208:	f880 303d 	strb.w	r3, [r0, #61]	@ 0x3d
  __HAL_TIM_ENABLE_IT(htim, TIM_IT_UPDATE);
 800320c:	6802      	ldr	r2, [r0, #0]
 800320e:	68d3      	ldr	r3, [r2, #12]
 8003210:	f043 0301 	orr.w	r3, r3, #1
 8003214:	60d3      	str	r3, [r2, #12]
  if (IS_TIM_SLAVE_INSTANCE(htim->Instance))
 8003216:	6803      	ldr	r3, [r0, #0]
 8003218:	4a19      	ldr	r2, [pc, #100]	@ (8003280 <HAL_TIM_Base_Start_IT+0x84>)
 800321a:	4293      	cmp	r3, r2
 800321c:	d020      	beq.n	8003260 <HAL_TIM_Base_Start_IT+0x64>
 800321e:	f1b3 4f80 	cmp.w	r3, #1073741824	@ 0x40000000
 8003222:	d01d      	beq.n	8003260 <HAL_TIM_Base_Start_IT+0x64>
 8003224:	f5a2 427c 	sub.w	r2, r2, #64512	@ 0xfc00
 8003228:	4293      	cmp	r3, r2
 800322a:	d019      	beq.n	8003260 <HAL_TIM_Base_Start_IT+0x64>
 800322c:	f502 6280 	add.w	r2, r2, #1024	@ 0x400
 8003230:	4293      	cmp	r3, r2
 8003232:	d015      	beq.n	8003260 <HAL_TIM_Base_Start_IT+0x64>
 8003234:	f502 6280 	add.w	r2, r2, #1024	@ 0x400
 8003238:	4293      	cmp	r3, r2
 800323a:	d011      	beq.n	8003260 <HAL_TIM_Base_Start_IT+0x64>
 800323c:	f502 4278 	add.w	r2, r2, #63488	@ 0xf800
 8003240:	4293      	cmp	r3, r2
 8003242:	d00d      	beq.n	8003260 <HAL_TIM_Base_Start_IT+0x64>
 8003244:	f502 5270 	add.w	r2, r2, #15360	@ 0x3c00
 8003248:	4293      	cmp	r3, r2
 800324a:	d009      	beq.n	8003260 <HAL_TIM_Base_Start_IT+0x64>
 800324c:	f5a2 3294 	sub.w	r2, r2, #75776	@ 0x12800
 8003250:	4293      	cmp	r3, r2
 8003252:	d005      	beq.n	8003260 <HAL_TIM_Base_Start_IT+0x64>
    __HAL_TIM_ENABLE(htim);
 8003254:	681a      	ldr	r2, [r3, #0]
 8003256:	f042 0201 	orr.w	r2, r2, #1
 800325a:	601a      	str	r2, [r3, #0]
  return HAL_OK;
 800325c:	2000      	movs	r0, #0
 800325e:	4770      	bx	lr
    tmpsmcr = htim->Instance->SMCR & TIM_SMCR_SMS;
 8003260:	689a      	ldr	r2, [r3, #8]
 8003262:	f002 0207 	and.w	r2, r2, #7
    if (!IS_TIM_SLAVEMODE_TRIGGER_ENABLED(tmpsmcr))
 8003266:	2a06      	cmp	r2, #6
 8003268:	d007      	beq.n	800327a <HAL_TIM_Base_Start_IT+0x7e>
      __HAL_TIM_ENABLE(htim);
 800326a:	681a      	ldr	r2, [r3, #0]
 800326c:	f042 0201 	orr.w	r2, r2, #1
 8003270:	601a      	str	r2, [r3, #0]
  return HAL_OK;
 8003272:	2000      	movs	r0, #0
 8003274:	4770      	bx	lr
    return HAL_ERROR;
 8003276:	2001      	movs	r0, #1
 8003278:	4770      	bx	lr
  return HAL_OK;
 800327a:	2000      	movs	r0, #0
}
 800327c:	4770      	bx	lr
 800327e:	bf00      	nop
 8003280:	40010000 	.word	0x40010000

08003284 <HAL_TIM_OC_DelayElapsedCallback>:
}
 8003284:	4770      	bx	lr

08003286 <HAL_TIM_IC_CaptureCallback>:
}
 8003286:	4770      	bx	lr

08003288 <HAL_TIM_PWM_PulseFinishedCallback>:
}
 8003288:	4770      	bx	lr

0800328a <HAL_TIM_TriggerCallback>:
}
 800328a:	4770      	bx	lr

0800328c <HAL_TIM_IRQHandler>:
{
 800328c:	b570      	push	{r4, r5, r6, lr}
 800328e:	4604      	mov	r4, r0
  uint32_t itsource = htim->Instance->DIER;
 8003290:	6803      	ldr	r3, [r0, #0]
 8003292:	68de      	ldr	r6, [r3, #12]
  uint32_t itflag   = htim->Instance->SR;
 8003294:	691d      	ldr	r5, [r3, #16]
  if ((itflag & (TIM_FLAG_CC1)) == (TIM_FLAG_CC1))
 8003296:	f015 0f02 	tst.w	r5, #2
 800329a:	d010      	beq.n	80032be <HAL_TIM_IRQHandler+0x32>
    if ((itsource & (TIM_IT_CC1)) == (TIM_IT_CC1))
 800329c:	f016 0f02 	tst.w	r6, #2
 80032a0:	d00d      	beq.n	80032be <HAL_TIM_IRQHandler+0x32>
        __HAL_TIM_CLEAR_FLAG(htim, TIM_FLAG_CC1);
 80032a2:	f06f 0202 	mvn.w	r2, #2
 80032a6:	611a      	str	r2, [r3, #16]
        htim->Channel = HAL_TIM_ACTIVE_CHANNEL_1;
 80032a8:	2301      	movs	r3, #1
 80032aa:	7703      	strb	r3, [r0, #28]
        if ((htim->Instance->CCMR1 & TIM_CCMR1_CC1S) != 0x00U)
 80032ac:	6803      	ldr	r3, [r0, #0]
 80032ae:	699b      	ldr	r3, [r3, #24]
 80032b0:	f013 0f03 	tst.w	r3, #3
 80032b4:	d05e      	beq.n	8003374 <HAL_TIM_IRQHandler+0xe8>
          HAL_TIM_IC_CaptureCallback(htim);
 80032b6:	f7ff ffe6 	bl	8003286 <HAL_TIM_IC_CaptureCallback>
        htim->Channel = HAL_TIM_ACTIVE_CHANNEL_CLEARED;
 80032ba:	2300      	movs	r3, #0
 80032bc:	7723      	strb	r3, [r4, #28]
  if ((itflag & (TIM_FLAG_CC2)) == (TIM_FLAG_CC2))
 80032be:	f015 0f04 	tst.w	r5, #4
 80032c2:	d012      	beq.n	80032ea <HAL_TIM_IRQHandler+0x5e>
    if ((itsource & (TIM_IT_CC2)) == (TIM_IT_CC2))
 80032c4:	f016 0f04 	tst.w	r6, #4
 80032c8:	d00f      	beq.n	80032ea <HAL_TIM_IRQHandler+0x5e>
      __HAL_TIM_CLEAR_FLAG(htim, TIM_FLAG_CC2);
 80032ca:	6823      	ldr	r3, [r4, #0]
 80032cc:	f06f 0204 	mvn.w	r2, #4
 80032d0:	611a      	str	r2, [r3, #16]
      htim->Channel = HAL_TIM_ACTIVE_CHANNEL_2;
 80032d2:	2302      	movs	r3, #2
 80032d4:	7723      	strb	r3, [r4, #28]
      if ((htim->Instance->CCMR1 & TIM_CCMR1_CC2S) != 0x00U)
 80032d6:	6823      	ldr	r3, [r4, #0]
 80032d8:	699b      	ldr	r3, [r3, #24]
 80032da:	f413 7f40 	tst.w	r3, #768	@ 0x300
 80032de:	d04f      	beq.n	8003380 <HAL_TIM_IRQHandler+0xf4>
        HAL_TIM_IC_CaptureCallback(htim);
 80032e0:	4620      	mov	r0, r4
 80032e2:	f7ff ffd0 	bl	8003286 <HAL_TIM_IC_CaptureCallback>
      htim->Channel = HAL_TIM_ACTIVE_CHANNEL_CLEARED;
 80032e6:	2300      	movs	r3, #0
 80032e8:	7723      	strb	r3, [r4, #28]
  if ((itflag & (TIM_FLAG_CC3)) == (TIM_FLAG_CC3))
 80032ea:	f015 0f08 	tst.w	r5, #8
 80032ee:	d012      	beq.n	8003316 <HAL_TIM_IRQHandler+0x8a>
    if ((itsource & (TIM_IT_CC3)) == (TIM_IT_CC3))
 80032f0:	f016 0f08 	tst.w	r6, #8
 80032f4:	d00f      	beq.n	8003316 <HAL_TIM_IRQHandler+0x8a>
      __HAL_TIM_CLEAR_FLAG(htim, TIM_FLAG_CC3);
 80032f6:	6823      	ldr	r3, [r4, #0]
 80032f8:	f06f 0208 	mvn.w	r2, #8
 80032fc:	611a      	str	r2, [r3, #16]
      htim->Channel = HAL_TIM_ACTIVE_CHANNEL_3;
 80032fe:	2304      	movs	r3, #4
 8003300:	7723      	strb	r3, [r4, #28]
      if ((htim->Instance->CCMR2 & TIM_CCMR2_CC3S) != 0x00U)
 8003302:	6823      	ldr	r3, [r4, #0]
 8003304:	69db      	ldr	r3, [r3, #28]
 8003306:	f013 0f03 	tst.w	r3, #3
 800330a:	d040      	beq.n	800338e <HAL_TIM_IRQHandler+0x102>
        HAL_TIM_IC_CaptureCallback(htim);
 800330c:	4620      	mov	r0, r4
 800330e:	f7ff ffba 	bl	8003286 <HAL_TIM_IC_CaptureCallback>
      htim->Channel = HAL_TIM_ACTIVE_CHANNEL_CLEARED;
 8003312:	2300      	movs	r3, #0
 8003314:	7723      	strb	r3, [r4, #28]
  if ((itflag & (TIM_FLAG_CC4)) == (TIM_FLAG_CC4))
 8003316:	f015 0f10 	tst.w	r5, #16
 800331a:	d012      	beq.n	8003342 <HAL_TIM_IRQHandler+0xb6>
    if ((itsource & (TIM_IT_CC4)) == (TIM_IT_CC4))
 800331c:	f016 0f10 	tst.w	r6, #16
 8003320:	d00f      	beq.n	8003342 <HAL_TIM_IRQHandler+0xb6>
      __HAL_TIM_CLEAR_FLAG(htim, TIM_FLAG_CC4);
 8003322:	6823      	ldr	r3, [r4, #0]
 8003324:	f06f 0210 	mvn.w	r2, #16
 8003328:	611a      	str	r2, [r3, #16]
      htim->Channel = HAL_TIM_ACTIVE_CHANNEL_4;
 800332a:	2308      	movs	r3, #8
 800332c:	7723      	strb	r3, [r4, #28]
      if ((htim->Instance->CCMR2 & TIM_CCMR2_CC4S) != 0x00U)
 800332e:	6823      	ldr	r3, [r4, #0]
 8003330:	69db      	ldr	r3, [r3, #28]
 8003332:	f413 7f40 	tst.w	r3, #768	@ 0x300
 8003336:	d031      	beq.n	800339c <HAL_TIM_IRQHandler+0x110>
        HAL_TIM_IC_CaptureCallback(htim);
 8003338:	4620      	mov	r0, r4
 800333a:	f7ff ffa4 	bl	8003286 <HAL_TIM_IC_CaptureCallback>
      htim->Channel = HAL_TIM_ACTIVE_CHANNEL_CLEARED;
 800333e:	2300      	movs	r3, #0
 8003340:	7723      	strb	r3, [r4, #28]
  if ((itflag & (TIM_FLAG_UPDATE)) == (TIM_FLAG_UPDATE))
 8003342:	f015 0f01 	tst.w	r5, #1
 8003346:	d002      	beq.n	800334e <HAL_TIM_IRQHandler+0xc2>
    if ((itsource & (TIM_IT_UPDATE)) == (TIM_IT_UPDATE))
 8003348:	f016 0f01 	tst.w	r6, #1
 800334c:	d12d      	bne.n	80033aa <HAL_TIM_IRQHandler+0x11e>
  if ((itflag & (TIM_FLAG_BREAK)) == (TIM_FLAG_BREAK))
 800334e:	f015 0f80 	tst.w	r5, #128	@ 0x80
 8003352:	d002      	beq.n	800335a <HAL_TIM_IRQHandler+0xce>
    if ((itsource & (TIM_IT_BREAK)) == (TIM_IT_BREAK))
 8003354:	f016 0f80 	tst.w	r6, #128	@ 0x80
 8003358:	d12f      	bne.n	80033ba <HAL_TIM_IRQHandler+0x12e>
  if ((itflag & (TIM_FLAG_TRIGGER)) == (TIM_FLAG_TRIGGER))
 800335a:	f015 0f40 	tst.w	r5, #64	@ 0x40
 800335e:	d002      	beq.n	8003366 <HAL_TIM_IRQHandler+0xda>
    if ((itsource & (TIM_IT_TRIGGER)) == (TIM_IT_TRIGGER))
 8003360:	f016 0f40 	tst.w	r6, #64	@ 0x40
 8003364:	d131      	bne.n	80033ca <HAL_TIM_IRQHandler+0x13e>
  if ((itflag & (TIM_FLAG_COM)) == (TIM_FLAG_COM))
 8003366:	f015 0f20 	tst.w	r5, #32
 800336a:	d002      	beq.n	8003372 <HAL_TIM_IRQHandler+0xe6>
    if ((itsource & (TIM_IT_COM)) == (TIM_IT_COM))
 800336c:	f016 0f20 	tst.w	r6, #32
 8003370:	d133      	bne.n	80033da <HAL_TIM_IRQHandler+0x14e>
}
 8003372:	bd70      	pop	{r4, r5, r6, pc}
          HAL_TIM_OC_DelayElapsedCallback(htim);
 8003374:	f7ff ff86 	bl	8003284 <HAL_TIM_OC_DelayElapsedCallback>
          HAL_TIM_PWM_PulseFinishedCallback(htim);
 8003378:	4620      	mov	r0, r4
 800337a:	f7ff ff85 	bl	8003288 <HAL_TIM_PWM_PulseFinishedCallback>
 800337e:	e79c      	b.n	80032ba <HAL_TIM_IRQHandler+0x2e>
        HAL_TIM_OC_DelayElapsedCallback(htim);
 8003380:	4620      	mov	r0, r4
 8003382:	f7ff ff7f 	bl	8003284 <HAL_TIM_OC_DelayElapsedCallback>
        HAL_TIM_PWM_PulseFinishedCallback(htim);
 8003386:	4620      	mov	r0, r4
 8003388:	f7ff ff7e 	bl	8003288 <HAL_TIM_PWM_PulseFinishedCallback>
 800338c:	e7ab      	b.n	80032e6 <HAL_TIM_IRQHandler+0x5a>
        HAL_TIM_OC_DelayElapsedCallback(htim);
 800338e:	4620      	mov	r0, r4
 8003390:	f7ff ff78 	bl	8003284 <HAL_TIM_OC_DelayElapsedCallback>
        HAL_TIM_PWM_PulseFinishedCallback(htim);
 8003394:	4620      	mov	r0, r4
 8003396:	f7ff ff77 	bl	8003288 <HAL_TIM_PWM_PulseFinishedCallback>
 800339a:	e7ba      	b.n	8003312 <HAL_TIM_IRQHandler+0x86>
        HAL_TIM_OC_DelayElapsedCallback(htim);
 800339c:	4620      	mov	r0, r4
 800339e:	f7ff ff71 	bl	8003284 <HAL_TIM_OC_DelayElapsedCallback>
        HAL_TIM_PWM_PulseFinishedCallback(htim);
 80033a2:	4620      	mov	r0, r4
 80033a4:	f7ff ff70 	bl	8003288 <HAL_TIM_PWM_PulseFinishedCallback>
 80033a8:	e7c9      	b.n	800333e <HAL_TIM_IRQHandler+0xb2>
      __HAL_TIM_CLEAR_FLAG(htim, TIM_FLAG_UPDATE);
 80033aa:	6823      	ldr	r3, [r4, #0]
 80033ac:	f06f 0201 	mvn.w	r2, #1
 80033b0:	611a      	str	r2, [r3, #16]
      HAL_TIM_PeriodElapsedCallback(htim);
 80033b2:	4620      	mov	r0, r4
 80033b4:	f7fd fe3e 	bl	8001034 <HAL_TIM_PeriodElapsedCallback>
 80033b8:	e7c9      	b.n	800334e <HAL_TIM_IRQHandler+0xc2>
      __HAL_TIM_CLEAR_FLAG(htim, TIM_FLAG_BREAK);
 80033ba:	6823      	ldr	r3, [r4, #0]
 80033bc:	f06f 0280 	mvn.w	r2, #128	@ 0x80
 80033c0:	611a      	str	r2, [r3, #16]
      HAL_TIMEx_BreakCallback(htim);
 80033c2:	4620      	mov	r0, r4
 80033c4:	f000 fa9b 	bl	80038fe <HAL_TIMEx_BreakCallback>
 80033c8:	e7c7      	b.n	800335a <HAL_TIM_IRQHandler+0xce>
      __HAL_TIM_CLEAR_FLAG(htim, TIM_FLAG_TRIGGER);
 80033ca:	6823      	ldr	r3, [r4, #0]
 80033cc:	f06f 0240 	mvn.w	r2, #64	@ 0x40
 80033d0:	611a      	str	r2, [r3, #16]
      HAL_TIM_TriggerCallback(htim);
 80033d2:	4620      	mov	r0, r4
 80033d4:	f7ff ff59 	bl	800328a <HAL_TIM_TriggerCallback>
 80033d8:	e7c5      	b.n	8003366 <HAL_TIM_IRQHandler+0xda>
      __HAL_TIM_CLEAR_FLAG(htim, TIM_FLAG_COM);
 80033da:	6823      	ldr	r3, [r4, #0]
 80033dc:	f06f 0220 	mvn.w	r2, #32
 80033e0:	611a      	str	r2, [r3, #16]
      HAL_TIMEx_CommutCallback(htim);
 80033e2:	4620      	mov	r0, r4
 80033e4:	f000 fa8a 	bl	80038fc <HAL_TIMEx_CommutCallback>
}
 80033e8:	e7c3      	b.n	8003372 <HAL_TIM_IRQHandler+0xe6>
	...

080033ec <TIM_Base_SetConfig>:
  tmpcr1 = TIMx->CR1;
 80033ec:	6803      	ldr	r3, [r0, #0]
  if (IS_TIM_COUNTER_MODE_SELECT_INSTANCE(TIMx))
 80033ee:	4a34      	ldr	r2, [pc, #208]	@ (80034c0 <TIM_Base_SetConfig+0xd4>)
 80033f0:	4290      	cmp	r0, r2
 80033f2:	d012      	beq.n	800341a <TIM_Base_SetConfig+0x2e>
 80033f4:	f1b0 4f80 	cmp.w	r0, #1073741824	@ 0x40000000
 80033f8:	d00f      	beq.n	800341a <TIM_Base_SetConfig+0x2e>
 80033fa:	f5a2 427c 	sub.w	r2, r2, #64512	@ 0xfc00
 80033fe:	4290      	cmp	r0, r2
 8003400:	d00b      	beq.n	800341a <TIM_Base_SetConfig+0x2e>
 8003402:	f502 6280 	add.w	r2, r2, #1024	@ 0x400
 8003406:	4290      	cmp	r0, r2
 8003408:	d007      	beq.n	800341a <TIM_Base_SetConfig+0x2e>
 800340a:	f502 6280 	add.w	r2, r2, #1024	@ 0x400
 800340e:	4290      	cmp	r0, r2
 8003410:	d003      	beq.n	800341a <TIM_Base_SetConfig+0x2e>
 8003412:	f502 4278 	add.w	r2, r2, #63488	@ 0xf800
 8003416:	4290      	cmp	r0, r2
 8003418:	d103      	bne.n	8003422 <TIM_Base_SetConfig+0x36>
    tmpcr1 &= ~(TIM_CR1_DIR | TIM_CR1_CMS);
 800341a:	f023 0370 	bic.w	r3, r3, #112	@ 0x70
    tmpcr1 |= Structure->CounterMode;
 800341e:	684a      	ldr	r2, [r1, #4]
 8003420:	4313      	orrs	r3, r2
  if (IS_TIM_CLOCK_DIVISION_INSTANCE(TIMx))
 8003422:	4a27      	ldr	r2, [pc, #156]	@ (80034c0 <TIM_Base_SetConfig+0xd4>)
 8003424:	4290      	cmp	r0, r2
 8003426:	d02a      	beq.n	800347e <TIM_Base_SetConfig+0x92>
 8003428:	f1b0 4f80 	cmp.w	r0, #1073741824	@ 0x40000000
 800342c:	d027      	beq.n	800347e <TIM_Base_SetConfig+0x92>
 800342e:	f5a2 427c 	sub.w	r2, r2, #64512	@ 0xfc00
 8003432:	4290      	cmp	r0, r2
 8003434:	d023      	beq.n	800347e <TIM_Base_SetConfig+0x92>
 8003436:	f502 6280 	add.w	r2, r2, #1024	@ 0x400
 800343a:	4290      	cmp	r0, r2
 800343c:	d01f      	beq.n	800347e <TIM_Base_SetConfig+0x92>
 800343e:	f502 6280 	add.w	r2, r2, #1024	@ 0x400
 8003442:	4290      	cmp	r0, r2
 8003444:	d01b      	beq.n	800347e <TIM_Base_SetConfig+0x92>
 8003446:	f502 4278 	add.w	r2, r2, #63488	@ 0xf800
 800344a:	4290      	cmp	r0, r2
 800344c:	d017      	beq.n	800347e <TIM_Base_SetConfig+0x92>
 800344e:	f502 5270 	add.w	r2, r2, #15360	@ 0x3c00
 8003452:	4290      	cmp	r0, r2
 8003454:	d013      	beq.n	800347e <TIM_Base_SetConfig+0x92>
 8003456:	f502 6280 	add.w	r2, r2, #1024	@ 0x400
 800345a:	4290      	cmp	r0, r2
 800345c:	d00f      	beq.n	800347e <TIM_Base_SetConfig+0x92>
 800345e:	f502 6280 	add.w	r2, r2, #1024	@ 0x400
 8003462:	4290      	cmp	r0, r2
 8003464:	d00b      	beq.n	800347e <TIM_Base_SetConfig+0x92>
 8003466:	f5a2 3298 	sub.w	r2, r2, #77824	@ 0x13000
 800346a:	4290      	cmp	r0, r2
 800346c:	d007      	beq.n	800347e <TIM_Base_SetConfig+0x92>
 800346e:	f502 6280 	add.w	r2, r2, #1024	@ 0x400
 8003472:	4290      	cmp	r0, r2
 8003474:	d003      	beq.n	800347e <TIM_Base_SetConfig+0x92>
 8003476:	f502 6280 	add.w	r2, r2, #1024	@ 0x400
 800347a:	4290      	cmp	r0, r2
 800347c:	d103      	bne.n	8003486 <TIM_Base_SetConfig+0x9a>
    tmpcr1 &= ~TIM_CR1_CKD;
 800347e:	f423 7340 	bic.w	r3, r3, #768	@ 0x300
    tmpcr1 |= (uint32_t)Structure->ClockDivision;
 8003482:	68ca      	ldr	r2, [r1, #12]
 8003484:	4313      	orrs	r3, r2
  MODIFY_REG(tmpcr1, TIM_CR1_ARPE, Structure->AutoReloadPreload);
 8003486:	f023 0380 	bic.w	r3, r3, #128	@ 0x80
 800348a:	694a      	ldr	r2, [r1, #20]
 800348c:	4313      	orrs	r3, r2
  TIMx->CR1 = tmpcr1;
 800348e:	6003      	str	r3, [r0, #0]
  TIMx->ARR = (uint32_t)Structure->Period ;
 8003490:	688b      	ldr	r3, [r1, #8]
 8003492:	62c3      	str	r3, [r0, #44]	@ 0x2c
  TIMx->PSC = Structure->Prescaler;
 8003494:	680b      	ldr	r3, [r1, #0]
 8003496:	6283      	str	r3, [r0, #40]	@ 0x28
  if (IS_TIM_REPETITION_COUNTER_INSTANCE(TIMx))
 8003498:	4b09      	ldr	r3, [pc, #36]	@ (80034c0 <TIM_Base_SetConfig+0xd4>)
 800349a:	4298      	cmp	r0, r3
 800349c:	d003      	beq.n	80034a6 <TIM_Base_SetConfig+0xba>
 800349e:	f503 6380 	add.w	r3, r3, #1024	@ 0x400
 80034a2:	4298      	cmp	r0, r3
 80034a4:	d101      	bne.n	80034aa <TIM_Base_SetConfig+0xbe>
    TIMx->RCR = Structure->RepetitionCounter;
 80034a6:	690b      	ldr	r3, [r1, #16]
 80034a8:	6303      	str	r3, [r0, #48]	@ 0x30
  TIMx->EGR = TIM_EGR_UG;
 80034aa:	2301      	movs	r3, #1
 80034ac:	6143      	str	r3, [r0, #20]
  if (HAL_IS_BIT_SET(TIMx->SR, TIM_FLAG_UPDATE))
 80034ae:	6903      	ldr	r3, [r0, #16]
 80034b0:	f013 0f01 	tst.w	r3, #1
 80034b4:	d003      	beq.n	80034be <TIM_Base_SetConfig+0xd2>
    CLEAR_BIT(TIMx->SR, TIM_FLAG_UPDATE);
 80034b6:	6903      	ldr	r3, [r0, #16]
 80034b8:	f023 0301 	bic.w	r3, r3, #1
 80034bc:	6103      	str	r3, [r0, #16]
}
 80034be:	4770      	bx	lr
 80034c0:	40010000 	.word	0x40010000

080034c4 <HAL_TIM_Base_Init>:
  if (htim == NULL)
 80034c4:	b340      	cbz	r0, 8003518 <HAL_TIM_Base_Init+0x54>
{
 80034c6:	b510      	push	{r4, lr}
 80034c8:	4604      	mov	r4, r0
  if (htim->State == HAL_TIM_STATE_RESET)
 80034ca:	f890 303d 	ldrb.w	r3, [r0, #61]	@ 0x3d
 80034ce:	b1f3      	cbz	r3, 800350e <HAL_TIM_Base_Init+0x4a>
  htim->State = HAL_TIM_STATE_BUSY;
 80034d0:	2302      	movs	r3, #2
 80034d2:	f884 303d 	strb.w	r3, [r4, #61]	@ 0x3d
  TIM_Base_SetConfig(htim->Instance, &htim->Init);
 80034d6:	4621      	mov	r1, r4
 80034d8:	f851 0b04 	ldr.w	r0, [r1], #4
 80034dc:	f7ff ff86 	bl	80033ec <TIM_Base_SetConfig>
  htim->DMABurstState = HAL_DMA_BURST_STATE_READY;
 80034e0:	2301      	movs	r3, #1
 80034e2:	f884 3046 	strb.w	r3, [r4, #70]	@ 0x46
  TIM_CHANNEL_STATE_SET_ALL(htim, HAL_TIM_CHANNEL_STATE_READY);
 80034e6:	f884 303e 	strb.w	r3, [r4, #62]	@ 0x3e
 80034ea:	f884 303f 	strb.w	r3, [r4, #63]	@ 0x3f
 80034ee:	f884 3040 	strb.w	r3, [r4, #64]	@ 0x40
 80034f2:	f884 3041 	strb.w	r3, [r4, #65]	@ 0x41
  TIM_CHANNEL_N_STATE_SET_ALL(htim, HAL_TIM_CHANNEL_STATE_READY);
 80034f6:	f884 3042 	strb.w	r3, [r4, #66]	@ 0x42
 80034fa:	f884 3043 	strb.w	r3, [r4, #67]	@ 0x43
 80034fe:	f884 3044 	strb.w	r3, [r4, #68]	@ 0x44
 8003502:	f884 3045 	strb.w	r3, [r4, #69]	@ 0x45
  htim->State = HAL_TIM_STATE_READY;
 8003506:	f884 303d 	strb.w	r3, [r4, #61]	@ 0x3d
  return HAL_OK;
 800350a:	2000      	movs	r0, #0
}
 800350c:	bd10      	pop	{r4, pc}
    htim->Lock = HAL_UNLOCKED;
 800350e:	f880 303c 	strb.w	r3, [r0, #60]	@ 0x3c
    HAL_TIM_Base_MspInit(htim);
 8003512:	f7fd fe15 	bl	8001140 <HAL_TIM_Base_MspInit>
 8003516:	e7db      	b.n	80034d0 <HAL_TIM_Base_Init+0xc>
    return HAL_ERROR;
 8003518:	2001      	movs	r0, #1
}
 800351a:	4770      	bx	lr

0800351c <HAL_TIM_PWM_Init>:
  if (htim == NULL)
 800351c:	b340      	cbz	r0, 8003570 <HAL_TIM_PWM_Init+0x54>
{
 800351e:	b510      	push	{r4, lr}
 8003520:	4604      	mov	r4, r0
  if (htim->State == HAL_TIM_STATE_RESET)
 8003522:	f890 303d 	ldrb.w	r3, [r0, #61]	@ 0x3d
 8003526:	b1f3      	cbz	r3, 8003566 <HAL_TIM_PWM_Init+0x4a>
  htim->State = HAL_TIM_STATE_BUSY;
 8003528:	2302      	movs	r3, #2
 800352a:	f884 303d 	strb.w	r3, [r4, #61]	@ 0x3d
  TIM_Base_SetConfig(htim->Instance, &htim->Init);
 800352e:	4621      	mov	r1, r4
 8003530:	f851 0b04 	ldr.w	r0, [r1], #4
 8003534:	f7ff ff5a 	bl	80033ec <TIM_Base_SetConfig>
  htim->DMABurstState = HAL_DMA_BURST_STATE_READY;
 8003538:	2301      	movs	r3, #1
 800353a:	f884 3046 	strb.w	r3, [r4, #70]	@ 0x46
  TIM_CHANNEL_STATE_SET_ALL(htim, HAL_TIM_CHANNEL_STATE_READY);
 800353e:	f884 303e 	strb.w	r3, [r4, #62]	@ 0x3e
 8003542:	f884 303f 	strb.w	r3, [r4, #63]	@ 0x3f
 8003546:	f884 3040 	strb.w	r3, [r4, #64]	@ 0x40
 800354a:	f884 3041 	strb.w	r3, [r4, #65]	@ 0x41
  TIM_CHANNEL_N_STATE_SET_ALL(htim, HAL_TIM_CHANNEL_STATE_READY);
 800354e:	f884 3042 	strb.w	r3, [r4, #66]	@ 0x42
 8003552:	f884 3043 	strb.w	r3, [r4, #67]	@ 0x43
 8003556:	f884 3044 	strb.w	r3, [r4, #68]	@ 0x44
 800355a:	f884 3045 	strb.w	r3, [r4, #69]	@ 0x45
  htim->State = HAL_TIM_STATE_READY;
 800355e:	f884 303d 	strb.w	r3, [r4, #61]	@ 0x3d
  return HAL_OK;
 8003562:	2000      	movs	r0, #0
}
 8003564:	bd10      	pop	{r4, pc}
    htim->Lock = HAL_UNLOCKED;
 8003566:	f880 303c 	strb.w	r3, [r0, #60]	@ 0x3c
    HAL_TIM_PWM_MspInit(htim);
 800356a:	f7fd fdd1 	bl	8001110 <HAL_TIM_PWM_MspInit>
 800356e:	e7db      	b.n	8003528 <HAL_TIM_PWM_Init+0xc>
    return HAL_ERROR;
 8003570:	2001      	movs	r0, #1
}
 8003572:	4770      	bx	lr

08003574 <TIM_OC2_SetConfig>:
{
 8003574:	b430      	push	{r4, r5}
  tmpccer = TIMx->CCER;
 8003576:	6a03      	ldr	r3, [r0, #32]
  TIMx->CCER &= ~TIM_CCER_CC2E;
 8003578:	6a02      	ldr	r2, [r0, #32]
 800357a:	f022 0210 	bic.w	r2, r2, #16
 800357e:	6202      	str	r2, [r0, #32]
  tmpcr2 =  TIMx->CR2;
 8003580:	6844      	ldr	r4, [r0, #4]
  tmpccmrx = TIMx->CCMR1;
 8003582:	6982      	ldr	r2, [r0, #24]
  tmpccmrx &= ~TIM_CCMR1_CC2S;
 8003584:	f422 42e6 	bic.w	r2, r2, #29440	@ 0x7300
  tmpccmrx |= (OC_Config->OCMode << 8U);
 8003588:	680d      	ldr	r5, [r1, #0]
 800358a:	ea42 2205 	orr.w	r2, r2, r5, lsl #8
  tmpccer &= ~TIM_CCER_CC2P;
 800358e:	f023 0320 	bic.w	r3, r3, #32
  tmpccer |= (OC_Config->OCPolarity << 4U);
 8003592:	688d      	ldr	r5, [r1, #8]
 8003594:	ea43 1305 	orr.w	r3, r3, r5, lsl #4
  if (IS_TIM_CCXN_INSTANCE(TIMx, TIM_CHANNEL_2))
 8003598:	4d11      	ldr	r5, [pc, #68]	@ (80035e0 <TIM_OC2_SetConfig+0x6c>)
 800359a:	42a8      	cmp	r0, r5
 800359c:	d003      	beq.n	80035a6 <TIM_OC2_SetConfig+0x32>
 800359e:	f505 6580 	add.w	r5, r5, #1024	@ 0x400
 80035a2:	42a8      	cmp	r0, r5
 80035a4:	d106      	bne.n	80035b4 <TIM_OC2_SetConfig+0x40>
    tmpccer &= ~TIM_CCER_CC2NP;
 80035a6:	f023 0380 	bic.w	r3, r3, #128	@ 0x80
    tmpccer |= (OC_Config->OCNPolarity << 4U);
 80035aa:	68cd      	ldr	r5, [r1, #12]
 80035ac:	ea43 1305 	orr.w	r3, r3, r5, lsl #4
    tmpccer &= ~TIM_CCER_CC2NE;
 80035b0:	f023 0340 	bic.w	r3, r3, #64	@ 0x40
  if (IS_TIM_BREAK_INSTANCE(TIMx))
 80035b4:	4d0a      	ldr	r5, [pc, #40]	@ (80035e0 <TIM_OC2_SetConfig+0x6c>)
 80035b6:	42a8      	cmp	r0, r5
 80035b8:	d003      	beq.n	80035c2 <TIM_OC2_SetConfig+0x4e>
 80035ba:	f505 6580 	add.w	r5, r5, #1024	@ 0x400
 80035be:	42a8      	cmp	r0, r5
 80035c0:	d107      	bne.n	80035d2 <TIM_OC2_SetConfig+0x5e>
    tmpcr2 &= ~TIM_CR2_OIS2N;
 80035c2:	f424 6440 	bic.w	r4, r4, #3072	@ 0xc00
    tmpcr2 |= (OC_Config->OCIdleState << 2U);
 80035c6:	694d      	ldr	r5, [r1, #20]
 80035c8:	ea44 0485 	orr.w	r4, r4, r5, lsl #2
    tmpcr2 |= (OC_Config->OCNIdleState << 2U);
 80035cc:	698d      	ldr	r5, [r1, #24]
 80035ce:	ea44 0485 	orr.w	r4, r4, r5, lsl #2
  TIMx->CR2 = tmpcr2;
 80035d2:	6044      	str	r4, [r0, #4]
  TIMx->CCMR1 = tmpccmrx;
 80035d4:	6182      	str	r2, [r0, #24]
  TIMx->CCR2 = OC_Config->Pulse;
 80035d6:	684a      	ldr	r2, [r1, #4]
 80035d8:	6382      	str	r2, [r0, #56]	@ 0x38
  TIMx->CCER = tmpccer;
 80035da:	6203      	str	r3, [r0, #32]
}
 80035dc:	bc30      	pop	{r4, r5}
 80035de:	4770      	bx	lr
 80035e0:	40010000 	.word	0x40010000

080035e4 <HAL_TIM_PWM_ConfigChannel>:
{
 80035e4:	b538      	push	{r3, r4, r5, lr}
  __HAL_LOCK(htim);
 80035e6:	f890 303c 	ldrb.w	r3, [r0, #60]	@ 0x3c
 80035ea:	2b01      	cmp	r3, #1
 80035ec:	d066      	beq.n	80036bc <HAL_TIM_PWM_ConfigChannel+0xd8>
 80035ee:	4604      	mov	r4, r0
 80035f0:	460d      	mov	r5, r1
 80035f2:	2301      	movs	r3, #1
 80035f4:	f880 303c 	strb.w	r3, [r0, #60]	@ 0x3c
  switch (Channel)
 80035f8:	2a0c      	cmp	r2, #12
 80035fa:	d85a      	bhi.n	80036b2 <HAL_TIM_PWM_ConfigChannel+0xce>
 80035fc:	e8df f002 	tbb	[pc, r2]
 8003600:	59595907 	.word	0x59595907
 8003604:	5959591b 	.word	0x5959591b
 8003608:	59595930 	.word	0x59595930
 800360c:	44          	.byte	0x44
 800360d:	00          	.byte	0x00
      TIM_OC1_SetConfig(htim->Instance, sConfig);
 800360e:	6800      	ldr	r0, [r0, #0]
 8003610:	f7ff fd5c 	bl	80030cc <TIM_OC1_SetConfig>
      htim->Instance->CCMR1 |= TIM_CCMR1_OC1PE;
 8003614:	6822      	ldr	r2, [r4, #0]
 8003616:	6993      	ldr	r3, [r2, #24]
 8003618:	f043 0308 	orr.w	r3, r3, #8
 800361c:	6193      	str	r3, [r2, #24]
      htim->Instance->CCMR1 &= ~TIM_CCMR1_OC1FE;
 800361e:	6822      	ldr	r2, [r4, #0]
 8003620:	6993      	ldr	r3, [r2, #24]
 8003622:	f023 0304 	bic.w	r3, r3, #4
 8003626:	6193      	str	r3, [r2, #24]
      htim->Instance->CCMR1 |= sConfig->OCFastMode;
 8003628:	6822      	ldr	r2, [r4, #0]
 800362a:	6993      	ldr	r3, [r2, #24]
 800362c:	6929      	ldr	r1, [r5, #16]
 800362e:	430b      	orrs	r3, r1
 8003630:	6193      	str	r3, [r2, #24]
  HAL_StatusTypeDef status = HAL_OK;
 8003632:	2000      	movs	r0, #0
      break;
 8003634:	e03e      	b.n	80036b4 <HAL_TIM_PWM_ConfigChannel+0xd0>
      TIM_OC2_SetConfig(htim->Instance, sConfig);
 8003636:	6800      	ldr	r0, [r0, #0]
 8003638:	f7ff ff9c 	bl	8003574 <TIM_OC2_SetConfig>
      htim->Instance->CCMR1 |= TIM_CCMR1_OC2PE;
 800363c:	6822      	ldr	r2, [r4, #0]
 800363e:	6993      	ldr	r3, [r2, #24]
 8003640:	f443 6300 	orr.w	r3, r3, #2048	@ 0x800
 8003644:	6193      	str	r3, [r2, #24]
      htim->Instance->CCMR1 &= ~TIM_CCMR1_OC2FE;
 8003646:	6822      	ldr	r2, [r4, #0]
 8003648:	6993      	ldr	r3, [r2, #24]
 800364a:	f423 6380 	bic.w	r3, r3, #1024	@ 0x400
 800364e:	6193      	str	r3, [r2, #24]
      htim->Instance->CCMR1 |= sConfig->OCFastMode << 8U;
 8003650:	6822      	ldr	r2, [r4, #0]
 8003652:	6993      	ldr	r3, [r2, #24]
 8003654:	6929      	ldr	r1, [r5, #16]
 8003656:	ea43 2301 	orr.w	r3, r3, r1, lsl #8
 800365a:	6193      	str	r3, [r2, #24]
  HAL_StatusTypeDef status = HAL_OK;
 800365c:	2000      	movs	r0, #0
      break;
 800365e:	e029      	b.n	80036b4 <HAL_TIM_PWM_ConfigChannel+0xd0>
      TIM_OC3_SetConfig(htim->Instance, sConfig);
 8003660:	6800      	ldr	r0, [r0, #0]
 8003662:	f7ff fd6b 	bl	800313c <TIM_OC3_SetConfig>
      htim->Instance->CCMR2 |= TIM_CCMR2_OC3PE;
 8003666:	6822      	ldr	r2, [r4, #0]
 8003668:	69d3      	ldr	r3, [r2, #28]
 800366a:	f043 0308 	orr.w	r3, r3, #8
 800366e:	61d3      	str	r3, [r2, #28]
      htim->Instance->CCMR2 &= ~TIM_CCMR2_OC3FE;
 8003670:	6822      	ldr	r2, [r4, #0]
 8003672:	69d3      	ldr	r3, [r2, #28]
 8003674:	f023 0304 	bic.w	r3, r3, #4
 8003678:	61d3      	str	r3, [r2, #28]
      htim->Instance->CCMR2 |= sConfig->OCFastMode;
 800367a:	6822      	ldr	r2, [r4, #0]
 800367c:	69d3      	ldr	r3, [r2, #28]
 800367e:	6929      	ldr	r1, [r5, #16]
 8003680:	430b      	orrs	r3, r1
 8003682:	61d3      	str	r3, [r2, #28]
  HAL_StatusTypeDef status = HAL_OK;
 8003684:	2000      	movs	r0, #0
      break;
 8003686:	e015      	b.n	80036b4 <HAL_TIM_PWM_ConfigChannel+0xd0>
      TIM_OC4_SetConfig(htim->Instance, sConfig);
 8003688:	6800      	ldr	r0, [r0, #0]
 800368a:	f7ff fd8f 	bl	80031ac <TIM_OC4_SetConfig>
      htim->Instance->CCMR2 |= TIM_CCMR2_OC4PE;
 800368e:	6822      	ldr	r2, [r4, #0]
 8003690:	69d3      	ldr	r3, [r2, #28]
 8003692:	f443 6300 	orr.w	r3, r3, #2048	@ 0x800
 8003696:	61d3      	str	r3, [r2, #28]
      htim->Instance->CCMR2 &= ~TIM_CCMR2_OC4FE;
 8003698:	6822      	ldr	r2, [r4, #0]
 800369a:	69d3      	ldr	r3, [r2, #28]
 800369c:	f423 6380 	bic.w	r3, r3, #1024	@ 0x400
 80036a0:	61d3      	str	r3, [r2, #28]
      htim->Instance->CCMR2 |= sConfig->OCFastMode << 8U;
 80036a2:	6822      	ldr	r2, [r4, #0]
 80036a4:	69d3      	ldr	r3, [r2, #28]
 80036a6:	6929      	ldr	r1, [r5, #16]
 80036a8:	ea43 2301 	orr.w	r3, r3, r1, lsl #8
 80036ac:	61d3      	str	r3, [r2, #28]
  HAL_StatusTypeDef status = HAL_OK;
 80036ae:	2000      	movs	r0, #0
      break;
 80036b0:	e000      	b.n	80036b4 <HAL_TIM_PWM_ConfigChannel+0xd0>
  switch (Channel)
 80036b2:	2001      	movs	r0, #1
  __HAL_UNLOCK(htim);
 80036b4:	2300      	movs	r3, #0
 80036b6:	f884 303c 	strb.w	r3, [r4, #60]	@ 0x3c
}
 80036ba:	bd38      	pop	{r3, r4, r5, pc}
  __HAL_LOCK(htim);
 80036bc:	2002      	movs	r0, #2
 80036be:	e7fc      	b.n	80036ba <HAL_TIM_PWM_ConfigChannel+0xd6>

080036c0 <TIM_CCxChannelCmd>:

  /* Check the parameters */
  assert_param(IS_TIM_CC1_INSTANCE(TIMx));
  assert_param(IS_TIM_CHANNELS(Channel));

  tmp = TIM_CCER_CC1E << (Channel & 0x1FU); /* 0x1FU = 31 bits max shift */
 80036c0:	f001 011f 	and.w	r1, r1, #31
 80036c4:	f04f 0c01 	mov.w	ip, #1
 80036c8:	fa0c fc01 	lsl.w	ip, ip, r1

  /* Reset the CCxE Bit */
  TIMx->CCER &= ~tmp;
 80036cc:	6a03      	ldr	r3, [r0, #32]
 80036ce:	ea23 030c 	bic.w	r3, r3, ip
 80036d2:	6203      	str	r3, [r0, #32]

  /* Set or reset the CCxE Bit */
  TIMx->CCER |= (uint32_t)(ChannelState << (Channel & 0x1FU)); /* 0x1FU = 31 bits max shift */
 80036d4:	6a03      	ldr	r3, [r0, #32]
 80036d6:	408a      	lsls	r2, r1
 80036d8:	4313      	orrs	r3, r2
 80036da:	6203      	str	r3, [r0, #32]
}
 80036dc:	4770      	bx	lr
	...

080036e0 <HAL_TIM_PWM_Start>:
{
 80036e0:	b510      	push	{r4, lr}
 80036e2:	4604      	mov	r4, r0
  if (TIM_CHANNEL_STATE_GET(htim, Channel) != HAL_TIM_CHANNEL_STATE_READY)
 80036e4:	4608      	mov	r0, r1
 80036e6:	2900      	cmp	r1, #0
 80036e8:	d142      	bne.n	8003770 <HAL_TIM_PWM_Start+0x90>
 80036ea:	f894 303e 	ldrb.w	r3, [r4, #62]	@ 0x3e
 80036ee:	b2db      	uxtb	r3, r3
 80036f0:	3b01      	subs	r3, #1
 80036f2:	bf18      	it	ne
 80036f4:	2301      	movne	r3, #1
 80036f6:	2b00      	cmp	r3, #0
 80036f8:	d16e      	bne.n	80037d8 <HAL_TIM_PWM_Start+0xf8>
  TIM_CHANNEL_STATE_SET(htim, Channel, HAL_TIM_CHANNEL_STATE_BUSY);
 80036fa:	2800      	cmp	r0, #0
 80036fc:	d151      	bne.n	80037a2 <HAL_TIM_PWM_Start+0xc2>
 80036fe:	2302      	movs	r3, #2
 8003700:	f884 303e 	strb.w	r3, [r4, #62]	@ 0x3e
  TIM_CCxChannelCmd(htim->Instance, Channel, TIM_CCx_ENABLE);
 8003704:	2201      	movs	r2, #1
 8003706:	4601      	mov	r1, r0
 8003708:	6820      	ldr	r0, [r4, #0]
 800370a:	f7ff ffd9 	bl	80036c0 <TIM_CCxChannelCmd>
  if (IS_TIM_BREAK_INSTANCE(htim->Instance) != RESET)
 800370e:	6823      	ldr	r3, [r4, #0]
 8003710:	4a33      	ldr	r2, [pc, #204]	@ (80037e0 <HAL_TIM_PWM_Start+0x100>)
 8003712:	4293      	cmp	r3, r2
 8003714:	d003      	beq.n	800371e <HAL_TIM_PWM_Start+0x3e>
 8003716:	f502 6280 	add.w	r2, r2, #1024	@ 0x400
 800371a:	4293      	cmp	r3, r2
 800371c:	d103      	bne.n	8003726 <HAL_TIM_PWM_Start+0x46>
    __HAL_TIM_MOE_ENABLE(htim);
 800371e:	6c5a      	ldr	r2, [r3, #68]	@ 0x44
 8003720:	f442 4200 	orr.w	r2, r2, #32768	@ 0x8000
 8003724:	645a      	str	r2, [r3, #68]	@ 0x44
  if (IS_TIM_SLAVE_INSTANCE(htim->Instance))
 8003726:	6823      	ldr	r3, [r4, #0]
 8003728:	4a2d      	ldr	r2, [pc, #180]	@ (80037e0 <HAL_TIM_PWM_Start+0x100>)
 800372a:	4293      	cmp	r3, r2
 800372c:	d049      	beq.n	80037c2 <HAL_TIM_PWM_Start+0xe2>
 800372e:	f1b3 4f80 	cmp.w	r3, #1073741824	@ 0x40000000
 8003732:	d046      	beq.n	80037c2 <HAL_TIM_PWM_Start+0xe2>
 8003734:	f5a2 427c 	sub.w	r2, r2, #64512	@ 0xfc00
 8003738:	4293      	cmp	r3, r2
 800373a:	d042      	beq.n	80037c2 <HAL_TIM_PWM_Start+0xe2>
 800373c:	f502 6280 	add.w	r2, r2, #1024	@ 0x400
 8003740:	4293      	cmp	r3, r2
 8003742:	d03e      	beq.n	80037c2 <HAL_TIM_PWM_Start+0xe2>
 8003744:	f502 6280 	add.w	r2, r2, #1024	@ 0x400
 8003748:	4293      	cmp	r3, r2
 800374a:	d03a      	beq.n	80037c2 <HAL_TIM_PWM_Start+0xe2>
 800374c:	f502 4278 	add.w	r2, r2, #63488	@ 0xf800
 8003750:	4293      	cmp	r3, r2
 8003752:	d036      	beq.n	80037c2 <HAL_TIM_PWM_Start+0xe2>
 8003754:	f502 5270 	add.w	r2, r2, #15360	@ 0x3c00
 8003758:	4293      	cmp	r3, r2
 800375a:	d032      	beq.n	80037c2 <HAL_TIM_PWM_Start+0xe2>
 800375c:	f5a2 3294 	sub.w	r2, r2, #75776	@ 0x12800
 8003760:	4293      	cmp	r3, r2
 8003762:	d02e      	beq.n	80037c2 <HAL_TIM_PWM_Start+0xe2>
    __HAL_TIM_ENABLE(htim);
 8003764:	681a      	ldr	r2, [r3, #0]
 8003766:	f042 0201 	orr.w	r2, r2, #1
 800376a:	601a      	str	r2, [r3, #0]
  return HAL_OK;
 800376c:	2000      	movs	r0, #0
 800376e:	e032      	b.n	80037d6 <HAL_TIM_PWM_Start+0xf6>
  if (TIM_CHANNEL_STATE_GET(htim, Channel) != HAL_TIM_CHANNEL_STATE_READY)
 8003770:	2904      	cmp	r1, #4
 8003772:	d008      	beq.n	8003786 <HAL_TIM_PWM_Start+0xa6>
 8003774:	2908      	cmp	r1, #8
 8003776:	d00d      	beq.n	8003794 <HAL_TIM_PWM_Start+0xb4>
 8003778:	f894 3041 	ldrb.w	r3, [r4, #65]	@ 0x41
 800377c:	b2db      	uxtb	r3, r3
 800377e:	3b01      	subs	r3, #1
 8003780:	bf18      	it	ne
 8003782:	2301      	movne	r3, #1
 8003784:	e7b7      	b.n	80036f6 <HAL_TIM_PWM_Start+0x16>
 8003786:	f894 303f 	ldrb.w	r3, [r4, #63]	@ 0x3f
 800378a:	b2db      	uxtb	r3, r3
 800378c:	3b01      	subs	r3, #1
 800378e:	bf18      	it	ne
 8003790:	2301      	movne	r3, #1
 8003792:	e7b0      	b.n	80036f6 <HAL_TIM_PWM_Start+0x16>
 8003794:	f894 3040 	ldrb.w	r3, [r4, #64]	@ 0x40
 8003798:	b2db      	uxtb	r3, r3
 800379a:	3b01      	subs	r3, #1
 800379c:	bf18      	it	ne
 800379e:	2301      	movne	r3, #1
 80037a0:	e7a9      	b.n	80036f6 <HAL_TIM_PWM_Start+0x16>
  TIM_CHANNEL_STATE_SET(htim, Channel, HAL_TIM_CHANNEL_STATE_BUSY);
 80037a2:	2804      	cmp	r0, #4
 80037a4:	d005      	beq.n	80037b2 <HAL_TIM_PWM_Start+0xd2>
 80037a6:	2808      	cmp	r0, #8
 80037a8:	d007      	beq.n	80037ba <HAL_TIM_PWM_Start+0xda>
 80037aa:	2302      	movs	r3, #2
 80037ac:	f884 3041 	strb.w	r3, [r4, #65]	@ 0x41
 80037b0:	e7a8      	b.n	8003704 <HAL_TIM_PWM_Start+0x24>
 80037b2:	2302      	movs	r3, #2
 80037b4:	f884 303f 	strb.w	r3, [r4, #63]	@ 0x3f
 80037b8:	e7a4      	b.n	8003704 <HAL_TIM_PWM_Start+0x24>
 80037ba:	2302      	movs	r3, #2
 80037bc:	f884 3040 	strb.w	r3, [r4, #64]	@ 0x40
 80037c0:	e7a0      	b.n	8003704 <HAL_TIM_PWM_Start+0x24>
    tmpsmcr = htim->Instance->SMCR & TIM_SMCR_SMS;
 80037c2:	689a      	ldr	r2, [r3, #8]
 80037c4:	f002 0207 	and.w	r2, r2, #7
    if (!IS_TIM_SLAVEMODE_TRIGGER_ENABLED(tmpsmcr))
 80037c8:	2a06      	cmp	r2, #6
 80037ca:	d007      	beq.n	80037dc <HAL_TIM_PWM_Start+0xfc>
      __HAL_TIM_ENABLE(htim);
 80037cc:	681a      	ldr	r2, [r3, #0]
 80037ce:	f042 0201 	orr.w	r2, r2, #1
 80037d2:	601a      	str	r2, [r3, #0]
  return HAL_OK;
 80037d4:	2000      	movs	r0, #0
}
 80037d6:	bd10      	pop	{r4, pc}
    return HAL_ERROR;
 80037d8:	2001      	movs	r0, #1
 80037da:	e7fc      	b.n	80037d6 <HAL_TIM_PWM_Start+0xf6>
  return HAL_OK;
 80037dc:	2000      	movs	r0, #0
 80037de:	e7fa      	b.n	80037d6 <HAL_TIM_PWM_Start+0xf6>
 80037e0:	40010000 	.word	0x40010000

080037e4 <HAL_TIM_PWM_Stop>:
{
 80037e4:	b538      	push	{r3, r4, r5, lr}
 80037e6:	4604      	mov	r4, r0
 80037e8:	460d      	mov	r5, r1
  TIM_CCxChannelCmd(htim->Instance, Channel, TIM_CCx_DISABLE);
 80037ea:	2200      	movs	r2, #0
 80037ec:	6800      	ldr	r0, [r0, #0]
 80037ee:	f7ff ff67 	bl	80036c0 <TIM_CCxChannelCmd>
  if (IS_TIM_BREAK_INSTANCE(htim->Instance) != RESET)
 80037f2:	6823      	ldr	r3, [r4, #0]
 80037f4:	4a1d      	ldr	r2, [pc, #116]	@ (800386c <HAL_TIM_PWM_Stop+0x88>)
 80037f6:	4293      	cmp	r3, r2
 80037f8:	d018      	beq.n	800382c <HAL_TIM_PWM_Stop+0x48>
 80037fa:	f502 6280 	add.w	r2, r2, #1024	@ 0x400
 80037fe:	4293      	cmp	r3, r2
 8003800:	d014      	beq.n	800382c <HAL_TIM_PWM_Stop+0x48>
  __HAL_TIM_DISABLE(htim);
 8003802:	6823      	ldr	r3, [r4, #0]
 8003804:	6a19      	ldr	r1, [r3, #32]
 8003806:	f241 1211 	movw	r2, #4369	@ 0x1111
 800380a:	4211      	tst	r1, r2
 800380c:	d108      	bne.n	8003820 <HAL_TIM_PWM_Stop+0x3c>
 800380e:	6a19      	ldr	r1, [r3, #32]
 8003810:	f240 4244 	movw	r2, #1092	@ 0x444
 8003814:	4211      	tst	r1, r2
 8003816:	d103      	bne.n	8003820 <HAL_TIM_PWM_Stop+0x3c>
 8003818:	681a      	ldr	r2, [r3, #0]
 800381a:	f022 0201 	bic.w	r2, r2, #1
 800381e:	601a      	str	r2, [r3, #0]
  TIM_CHANNEL_STATE_SET(htim, Channel, HAL_TIM_CHANNEL_STATE_READY);
 8003820:	b99d      	cbnz	r5, 800384a <HAL_TIM_PWM_Stop+0x66>
 8003822:	2301      	movs	r3, #1
 8003824:	f884 303e 	strb.w	r3, [r4, #62]	@ 0x3e
}
 8003828:	2000      	movs	r0, #0
 800382a:	bd38      	pop	{r3, r4, r5, pc}
    __HAL_TIM_MOE_DISABLE(htim);
 800382c:	6a19      	ldr	r1, [r3, #32]
 800382e:	f241 1211 	movw	r2, #4369	@ 0x1111
 8003832:	4211      	tst	r1, r2
 8003834:	d1e5      	bne.n	8003802 <HAL_TIM_PWM_Stop+0x1e>
 8003836:	6a19      	ldr	r1, [r3, #32]
 8003838:	f240 4244 	movw	r2, #1092	@ 0x444
 800383c:	4211      	tst	r1, r2
 800383e:	d1e0      	bne.n	8003802 <HAL_TIM_PWM_Stop+0x1e>
 8003840:	6c5a      	ldr	r2, [r3, #68]	@ 0x44
 8003842:	f422 4200 	bic.w	r2, r2, #32768	@ 0x8000
 8003846:	645a      	str	r2, [r3, #68]	@ 0x44
 8003848:	e7db      	b.n	8003802 <HAL_TIM_PWM_Stop+0x1e>
  TIM_CHANNEL_STATE_SET(htim, Channel, HAL_TIM_CHANNEL_STATE_READY);
 800384a:	2d04      	cmp	r5, #4
 800384c:	d005      	beq.n	800385a <HAL_TIM_PWM_Stop+0x76>
 800384e:	2d08      	cmp	r5, #8
 8003850:	d007      	beq.n	8003862 <HAL_TIM_PWM_Stop+0x7e>
 8003852:	2301      	movs	r3, #1
 8003854:	f884 3041 	strb.w	r3, [r4, #65]	@ 0x41
 8003858:	e7e6      	b.n	8003828 <HAL_TIM_PWM_Stop+0x44>
 800385a:	2301      	movs	r3, #1
 800385c:	f884 303f 	strb.w	r3, [r4, #63]	@ 0x3f
 8003860:	e7e2      	b.n	8003828 <HAL_TIM_PWM_Stop+0x44>
 8003862:	2301      	movs	r3, #1
 8003864:	f884 3040 	strb.w	r3, [r4, #64]	@ 0x40
 8003868:	e7de      	b.n	8003828 <HAL_TIM_PWM_Stop+0x44>
 800386a:	bf00      	nop
 800386c:	40010000 	.word	0x40010000

08003870 <HAL_TIMEx_MasterConfigSynchronization>:
  assert_param(IS_TIM_MASTER_INSTANCE(htim->Instance));
  assert_param(IS_TIM_TRGO_SOURCE(sMasterConfig->MasterOutputTrigger));
  assert_param(IS_TIM_MSM_STATE(sMasterConfig->MasterSlaveMode));

  /* Check input state */
  __HAL_LOCK(htim);
 8003870:	f890 203c 	ldrb.w	r2, [r0, #60]	@ 0x3c
 8003874:	2a01      	cmp	r2, #1
 8003876:	d03d      	beq.n	80038f4 <HAL_TIMEx_MasterConfigSynchronization+0x84>
{
 8003878:	b410      	push	{r4}
 800387a:	4603      	mov	r3, r0
  __HAL_LOCK(htim);
 800387c:	2201      	movs	r2, #1
 800387e:	f880 203c 	strb.w	r2, [r0, #60]	@ 0x3c

  /* Change the handler state */
  htim->State = HAL_TIM_STATE_BUSY;
 8003882:	2202      	movs	r2, #2
 8003884:	f880 203d 	strb.w	r2, [r0, #61]	@ 0x3d

  /* Get the TIMx CR2 register value */
  tmpcr2 = htim->Instance->CR2;
 8003888:	6802      	ldr	r2, [r0, #0]
 800388a:	6850      	ldr	r0, [r2, #4]

  /* Get the TIMx SMCR register value */
  tmpsmcr = htim->Instance->SMCR;
 800388c:	6894      	ldr	r4, [r2, #8]

  /* Reset the MMS Bits */
  tmpcr2 &= ~TIM_CR2_MMS;
 800388e:	f020 0c70 	bic.w	ip, r0, #112	@ 0x70
  /* Select the TRGO source */
  tmpcr2 |=  sMasterConfig->MasterOutputTrigger;
 8003892:	6808      	ldr	r0, [r1, #0]
 8003894:	ea40 000c 	orr.w	r0, r0, ip

  /* Update TIMx CR2 */
  htim->Instance->CR2 = tmpcr2;
 8003898:	6050      	str	r0, [r2, #4]

  if (IS_TIM_SLAVE_INSTANCE(htim->Instance))
 800389a:	681a      	ldr	r2, [r3, #0]
 800389c:	4816      	ldr	r0, [pc, #88]	@ (80038f8 <HAL_TIMEx_MasterConfigSynchronization+0x88>)
 800389e:	4282      	cmp	r2, r0
 80038a0:	d01a      	beq.n	80038d8 <HAL_TIMEx_MasterConfigSynchronization+0x68>
 80038a2:	f1b2 4f80 	cmp.w	r2, #1073741824	@ 0x40000000
 80038a6:	d017      	beq.n	80038d8 <HAL_TIMEx_MasterConfigSynchronization+0x68>
 80038a8:	f5a0 407c 	sub.w	r0, r0, #64512	@ 0xfc00
 80038ac:	4282      	cmp	r2, r0
 80038ae:	d013      	beq.n	80038d8 <HAL_TIMEx_MasterConfigSynchronization+0x68>
 80038b0:	f500 6080 	add.w	r0, r0, #1024	@ 0x400
 80038b4:	4282      	cmp	r2, r0
 80038b6:	d00f      	beq.n	80038d8 <HAL_TIMEx_MasterConfigSynchronization+0x68>
 80038b8:	f500 6080 	add.w	r0, r0, #1024	@ 0x400
 80038bc:	4282      	cmp	r2, r0
 80038be:	d00b      	beq.n	80038d8 <HAL_TIMEx_MasterConfigSynchronization+0x68>
 80038c0:	f500 4078 	add.w	r0, r0, #63488	@ 0xf800
 80038c4:	4282      	cmp	r2, r0
 80038c6:	d007      	beq.n	80038d8 <HAL_TIMEx_MasterConfigSynchronization+0x68>
 80038c8:	f500 5070 	add.w	r0, r0, #15360	@ 0x3c00
 80038cc:	4282      	cmp	r2, r0
 80038ce:	d003      	beq.n	80038d8 <HAL_TIMEx_MasterConfigSynchronization+0x68>
 80038d0:	f5a0 3094 	sub.w	r0, r0, #75776	@ 0x12800
 80038d4:	4282      	cmp	r2, r0
 80038d6:	d104      	bne.n	80038e2 <HAL_TIMEx_MasterConfigSynchronization+0x72>
  {
    /* Reset the MSM Bit */
    tmpsmcr &= ~TIM_SMCR_MSM;
 80038d8:	f024 0480 	bic.w	r4, r4, #128	@ 0x80
    /* Set master mode */
    tmpsmcr |= sMasterConfig->MasterSlaveMode;
 80038dc:	6849      	ldr	r1, [r1, #4]
 80038de:	4321      	orrs	r1, r4

    /* Update TIMx SMCR */
    htim->Instance->SMCR = tmpsmcr;
 80038e0:	6091      	str	r1, [r2, #8]
  }

  /* Change the htim state */
  htim->State = HAL_TIM_STATE_READY;
 80038e2:	2201      	movs	r2, #1
 80038e4:	f883 203d 	strb.w	r2, [r3, #61]	@ 0x3d

  __HAL_UNLOCK(htim);
 80038e8:	2000      	movs	r0, #0
 80038ea:	f883 003c 	strb.w	r0, [r3, #60]	@ 0x3c

  return HAL_OK;
}
 80038ee:	f85d 4b04 	ldr.w	r4, [sp], #4
 80038f2:	4770      	bx	lr
  __HAL_LOCK(htim);
 80038f4:	2002      	movs	r0, #2
}
 80038f6:	4770      	bx	lr
 80038f8:	40010000 	.word	0x40010000

080038fc <HAL_TIMEx_CommutCallback>:
  UNUSED(htim);

  /* NOTE : This function should not be modified, when the callback is needed,
            the HAL_TIMEx_CommutCallback could be implemented in the user file
   */
}
 80038fc:	4770      	bx	lr

080038fe <HAL_TIMEx_BreakCallback>:
  UNUSED(htim);

  /* NOTE : This function should not be modified, when the callback is needed,
            the HAL_TIMEx_BreakCallback could be implemented in the user file
   */
}
 80038fe:	4770      	bx	lr

08003900 <Reset_Handler>:

    .section  .text.Reset_Handler
  .weak  Reset_Handler
  .type  Reset_Handler, %function
Reset_Handler:  
  ldr   sp, =_estack     /* set stack pointer */
 8003900:	f8df d034 	ldr.w	sp, [pc, #52]	@ 8003938 <LoopFillZerobss+0xe>
  
/* Call the clock system initialization function.*/
  bl  SystemInit  
 8003904:	f7fd fbd2 	bl	80010ac <SystemInit>

/* Copy the data segment initializers from flash to SRAM */  
  ldr r0, =_sdata
 8003908:	480c      	ldr	r0, [pc, #48]	@ (800393c <LoopFillZerobss+0x12>)
  ldr r1, =_edata
 800390a:	490d      	ldr	r1, [pc, #52]	@ (8003940 <LoopFillZerobss+0x16>)
  ldr r2, =_sidata
 800390c:	4a0d      	ldr	r2, [pc, #52]	@ (8003944 <LoopFillZerobss+0x1a>)
  movs r3, #0
 800390e:	2300      	movs	r3, #0
  b LoopCopyDataInit
 8003910:	e002      	b.n	8003918 <LoopCopyDataInit>

08003912 <CopyDataInit>:

CopyDataInit:
  ldr r4, [r2, r3]
 8003912:	58d4      	ldr	r4, [r2, r3]
  str r4, [r0, r3]
 8003914:	50c4      	str	r4, [r0, r3]
  adds r3, r3, #4
 8003916:	3304      	adds	r3, #4

08003918 <LoopCopyDataInit>:

LoopCopyDataInit:
  adds r4, r0, r3
 8003918:	18c4      	adds	r4, r0, r3
  cmp r4, r1
 800391a:	428c      	cmp	r4, r1
  bcc CopyDataInit
 800391c:	d3f9      	bcc.n	8003912 <CopyDataInit>
  
/* Zero fill the bss segment. */
  ldr r2, =_sbss
 800391e:	4a0a      	ldr	r2, [pc, #40]	@ (8003948 <LoopFillZerobss+0x1e>)
  ldr r4, =_ebss
 8003920:	4c0a      	ldr	r4, [pc, #40]	@ (800394c <LoopFillZerobss+0x22>)
  movs r3, #0
 8003922:	2300      	movs	r3, #0
  b LoopFillZerobss
 8003924:	e001      	b.n	800392a <LoopFillZerobss>

08003926 <FillZerobss>:

FillZerobss:
  str  r3, [r2]
 8003926:	6013      	str	r3, [r2, #0]
  adds r2, r2, #4
 8003928:	3204      	adds	r2, #4

0800392a <LoopFillZerobss>:

LoopFillZerobss:
  cmp r2, r4
 800392a:	42a2      	cmp	r2, r4
  bcc FillZerobss
 800392c:	d3fb      	bcc.n	8003926 <FillZerobss>

/* Call static constructors */
    bl __libc_init_array
 800392e:	f000 f91b 	bl	8003b68 <__libc_init_array>
/* Call the application's entry point.*/
  bl  main
 8003932:	f7fd f9eb 	bl	8000d0c <main>
  bx  lr    
 8003936:	4770      	bx	lr
  ldr   sp, =_estack     /* set stack pointer */
 8003938:	20020000 	.word	0x20020000
  ldr r0, =_sdata
 800393c:	20000000 	.word	0x20000000
  ldr r1, =_edata
 8003940:	20000084 	.word	0x20000084
  ldr r2, =_sidata
 8003944:	08006d04 	.word	0x08006d04
  ldr r2, =_sbss
 8003948:	20000084 	.word	0x20000084
  ldr r4, =_ebss
 800394c:	200013e4 	.word	0x200013e4

08003950 <ADC_IRQHandler>:
 * @retval None       
*/
    .section  .text.Default_Handler,"ax",%progbits
Default_Handler:
Infinite_Loop:
  b  Infinite_Loop
 8003950:	e7fe      	b.n	8003950 <ADC_IRQHandler>
	...

08003954 <malloc>:
 8003954:	4b02      	ldr	r3, [pc, #8]	@ (8003960 <malloc+0xc>)
 8003956:	4601      	mov	r1, r0
 8003958:	6818      	ldr	r0, [r3, #0]
 800395a:	f000 b825 	b.w	80039a8 <_malloc_r>
 800395e:	bf00      	nop
 8003960:	20000034 	.word	0x20000034

08003964 <sbrk_aligned>:
 8003964:	b570      	push	{r4, r5, r6, lr}
 8003966:	4e0f      	ldr	r6, [pc, #60]	@ (80039a4 <sbrk_aligned+0x40>)
 8003968:	460c      	mov	r4, r1
 800396a:	6831      	ldr	r1, [r6, #0]
 800396c:	4605      	mov	r5, r0
 800396e:	b911      	cbnz	r1, 8003976 <sbrk_aligned+0x12>
 8003970:	f000 f8e4 	bl	8003b3c <_sbrk_r>
 8003974:	6030      	str	r0, [r6, #0]
 8003976:	4621      	mov	r1, r4
 8003978:	4628      	mov	r0, r5
 800397a:	f000 f8df 	bl	8003b3c <_sbrk_r>
 800397e:	1c43      	adds	r3, r0, #1
 8003980:	d103      	bne.n	800398a <sbrk_aligned+0x26>
 8003982:	f04f 34ff 	mov.w	r4, #4294967295
 8003986:	4620      	mov	r0, r4
 8003988:	bd70      	pop	{r4, r5, r6, pc}
 800398a:	1cc4      	adds	r4, r0, #3
 800398c:	f024 0403 	bic.w	r4, r4, #3
 8003990:	42a0      	cmp	r0, r4
 8003992:	d0f8      	beq.n	8003986 <sbrk_aligned+0x22>
 8003994:	1a21      	subs	r1, r4, r0
 8003996:	4628      	mov	r0, r5
 8003998:	f000 f8d0 	bl	8003b3c <_sbrk_r>
 800399c:	3001      	adds	r0, #1
 800399e:	d1f2      	bne.n	8003986 <sbrk_aligned+0x22>
 80039a0:	e7ef      	b.n	8003982 <sbrk_aligned+0x1e>
 80039a2:	bf00      	nop
 80039a4:	2000129c 	.word	0x2000129c

080039a8 <_malloc_r>:
 80039a8:	e92d 43f8 	stmdb	sp!, {r3, r4, r5, r6, r7, r8, r9, lr}
 80039ac:	1ccd      	adds	r5, r1, #3
 80039ae:	f025 0503 	bic.w	r5, r5, #3
 80039b2:	3508      	adds	r5, #8
 80039b4:	2d0c      	cmp	r5, #12
 80039b6:	bf38      	it	cc
 80039b8:	250c      	movcc	r5, #12
 80039ba:	2d00      	cmp	r5, #0
 80039bc:	4606      	mov	r6, r0
 80039be:	db01      	blt.n	80039c4 <_malloc_r+0x1c>
 80039c0:	42a9      	cmp	r1, r5
 80039c2:	d904      	bls.n	80039ce <_malloc_r+0x26>
 80039c4:	230c      	movs	r3, #12
 80039c6:	6033      	str	r3, [r6, #0]
 80039c8:	2000      	movs	r0, #0
 80039ca:	e8bd 83f8 	ldmia.w	sp!, {r3, r4, r5, r6, r7, r8, r9, pc}
 80039ce:	f8df 80d4 	ldr.w	r8, [pc, #212]	@ 8003aa4 <_malloc_r+0xfc>
 80039d2:	f000 f869 	bl	8003aa8 <__malloc_lock>
 80039d6:	f8d8 3000 	ldr.w	r3, [r8]
 80039da:	461c      	mov	r4, r3
 80039dc:	bb44      	cbnz	r4, 8003a30 <_malloc_r+0x88>
 80039de:	4629      	mov	r1, r5
 80039e0:	4630      	mov	r0, r6
 80039e2:	f7ff ffbf 	bl	8003964 <sbrk_aligned>
 80039e6:	1c43      	adds	r3, r0, #1
 80039e8:	4604      	mov	r4, r0
 80039ea:	d158      	bne.n	8003a9e <_malloc_r+0xf6>
 80039ec:	f8d8 4000 	ldr.w	r4, [r8]
 80039f0:	4627      	mov	r7, r4
 80039f2:	2f00      	cmp	r7, #0
 80039f4:	d143      	bne.n	8003a7e <_malloc_r+0xd6>
 80039f6:	2c00      	cmp	r4, #0
 80039f8:	d04b      	beq.n	8003a92 <_malloc_r+0xea>
 80039fa:	6823      	ldr	r3, [r4, #0]
 80039fc:	4639      	mov	r1, r7
 80039fe:	4630      	mov	r0, r6
 8003a00:	eb04 0903 	add.w	r9, r4, r3
 8003a04:	f000 f89a 	bl	8003b3c <_sbrk_r>
 8003a08:	4581      	cmp	r9, r0
 8003a0a:	d142      	bne.n	8003a92 <_malloc_r+0xea>
 8003a0c:	6821      	ldr	r1, [r4, #0]
 8003a0e:	1a6d      	subs	r5, r5, r1
 8003a10:	4629      	mov	r1, r5
 8003a12:	4630      	mov	r0, r6
 8003a14:	f7ff ffa6 	bl	8003964 <sbrk_aligned>
 8003a18:	3001      	adds	r0, #1
 8003a1a:	d03a      	beq.n	8003a92 <_malloc_r+0xea>
 8003a1c:	6823      	ldr	r3, [r4, #0]
 8003a1e:	442b      	add	r3, r5
 8003a20:	6023      	str	r3, [r4, #0]
 8003a22:	f8d8 3000 	ldr.w	r3, [r8]
 8003a26:	685a      	ldr	r2, [r3, #4]
 8003a28:	bb62      	cbnz	r2, 8003a84 <_malloc_r+0xdc>
 8003a2a:	f8c8 7000 	str.w	r7, [r8]
 8003a2e:	e00f      	b.n	8003a50 <_malloc_r+0xa8>
 8003a30:	6822      	ldr	r2, [r4, #0]
 8003a32:	1b52      	subs	r2, r2, r5
 8003a34:	d420      	bmi.n	8003a78 <_malloc_r+0xd0>
 8003a36:	2a0b      	cmp	r2, #11
 8003a38:	d917      	bls.n	8003a6a <_malloc_r+0xc2>
 8003a3a:	1961      	adds	r1, r4, r5
 8003a3c:	42a3      	cmp	r3, r4
 8003a3e:	6025      	str	r5, [r4, #0]
 8003a40:	bf18      	it	ne
 8003a42:	6059      	strne	r1, [r3, #4]
 8003a44:	6863      	ldr	r3, [r4, #4]
 8003a46:	bf08      	it	eq
 8003a48:	f8c8 1000 	streq.w	r1, [r8]
 8003a4c:	5162      	str	r2, [r4, r5]
 8003a4e:	604b      	str	r3, [r1, #4]
 8003a50:	4630      	mov	r0, r6
 8003a52:	f000 f82f 	bl	8003ab4 <__malloc_unlock>
 8003a56:	f104 000b 	add.w	r0, r4, #11
 8003a5a:	1d23      	adds	r3, r4, #4
 8003a5c:	f020 0007 	bic.w	r0, r0, #7
 8003a60:	1ac2      	subs	r2, r0, r3
 8003a62:	bf1c      	itt	ne
 8003a64:	1a1b      	subne	r3, r3, r0
 8003a66:	50a3      	strne	r3, [r4, r2]
 8003a68:	e7af      	b.n	80039ca <_malloc_r+0x22>
 8003a6a:	6862      	ldr	r2, [r4, #4]
 8003a6c:	42a3      	cmp	r3, r4
 8003a6e:	bf0c      	ite	eq
 8003a70:	f8c8 2000 	streq.w	r2, [r8]
 8003a74:	605a      	strne	r2, [r3, #4]
 8003a76:	e7eb      	b.n	8003a50 <_malloc_r+0xa8>
 8003a78:	4623      	mov	r3, r4
 8003a7a:	6864      	ldr	r4, [r4, #4]
 8003a7c:	e7ae      	b.n	80039dc <_malloc_r+0x34>
 8003a7e:	463c      	mov	r4, r7
 8003a80:	687f      	ldr	r7, [r7, #4]
 8003a82:	e7b6      	b.n	80039f2 <_malloc_r+0x4a>
 8003a84:	461a      	mov	r2, r3
 8003a86:	685b      	ldr	r3, [r3, #4]
 8003a88:	42a3      	cmp	r3, r4
 8003a8a:	d1fb      	bne.n	8003a84 <_malloc_r+0xdc>
 8003a8c:	2300      	movs	r3, #0
 8003a8e:	6053      	str	r3, [r2, #4]
 8003a90:	e7de      	b.n	8003a50 <_malloc_r+0xa8>
 8003a92:	230c      	movs	r3, #12
 8003a94:	6033      	str	r3, [r6, #0]
 8003a96:	4630      	mov	r0, r6
 8003a98:	f000 f80c 	bl	8003ab4 <__malloc_unlock>
 8003a9c:	e794      	b.n	80039c8 <_malloc_r+0x20>
 8003a9e:	6005      	str	r5, [r0, #0]
 8003aa0:	e7d6      	b.n	8003a50 <_malloc_r+0xa8>
 8003aa2:	bf00      	nop
 8003aa4:	200012a0 	.word	0x200012a0

08003aa8 <__malloc_lock>:
 8003aa8:	4801      	ldr	r0, [pc, #4]	@ (8003ab0 <__malloc_lock+0x8>)
 8003aaa:	f000 b881 	b.w	8003bb0 <__retarget_lock_acquire_recursive>
 8003aae:	bf00      	nop
 8003ab0:	200013e0 	.word	0x200013e0

08003ab4 <__malloc_unlock>:
 8003ab4:	4801      	ldr	r0, [pc, #4]	@ (8003abc <__malloc_unlock+0x8>)
 8003ab6:	f000 b87c 	b.w	8003bb2 <__retarget_lock_release_recursive>
 8003aba:	bf00      	nop
 8003abc:	200013e0 	.word	0x200013e0

08003ac0 <sniprintf>:
 8003ac0:	b40c      	push	{r2, r3}
 8003ac2:	b530      	push	{r4, r5, lr}
 8003ac4:	4b18      	ldr	r3, [pc, #96]	@ (8003b28 <sniprintf+0x68>)
 8003ac6:	1e0c      	subs	r4, r1, #0
 8003ac8:	681d      	ldr	r5, [r3, #0]
 8003aca:	b09d      	sub	sp, #116	@ 0x74
 8003acc:	da08      	bge.n	8003ae0 <sniprintf+0x20>
 8003ace:	238b      	movs	r3, #139	@ 0x8b
 8003ad0:	602b      	str	r3, [r5, #0]
 8003ad2:	f04f 30ff 	mov.w	r0, #4294967295
 8003ad6:	b01d      	add	sp, #116	@ 0x74
 8003ad8:	e8bd 4030 	ldmia.w	sp!, {r4, r5, lr}
 8003adc:	b002      	add	sp, #8
 8003ade:	4770      	bx	lr
 8003ae0:	f44f 7302 	mov.w	r3, #520	@ 0x208
 8003ae4:	f8ad 3014 	strh.w	r3, [sp, #20]
 8003ae8:	f04f 0300 	mov.w	r3, #0
 8003aec:	931b      	str	r3, [sp, #108]	@ 0x6c
 8003aee:	bf14      	ite	ne
 8003af0:	f104 33ff 	addne.w	r3, r4, #4294967295
 8003af4:	4623      	moveq	r3, r4
 8003af6:	9304      	str	r3, [sp, #16]
 8003af8:	9307      	str	r3, [sp, #28]
 8003afa:	f64f 73ff 	movw	r3, #65535	@ 0xffff
 8003afe:	9002      	str	r0, [sp, #8]
 8003b00:	9006      	str	r0, [sp, #24]
 8003b02:	f8ad 3016 	strh.w	r3, [sp, #22]
 8003b06:	9a20      	ldr	r2, [sp, #128]	@ 0x80
 8003b08:	ab21      	add	r3, sp, #132	@ 0x84
 8003b0a:	a902      	add	r1, sp, #8
 8003b0c:	4628      	mov	r0, r5
 8003b0e:	9301      	str	r3, [sp, #4]
 8003b10:	f000 f8f6 	bl	8003d00 <_svfiprintf_r>
 8003b14:	1c43      	adds	r3, r0, #1
 8003b16:	bfbc      	itt	lt
 8003b18:	238b      	movlt	r3, #139	@ 0x8b
 8003b1a:	602b      	strlt	r3, [r5, #0]
 8003b1c:	2c00      	cmp	r4, #0
 8003b1e:	d0da      	beq.n	8003ad6 <sniprintf+0x16>
 8003b20:	9b02      	ldr	r3, [sp, #8]
 8003b22:	2200      	movs	r2, #0
 8003b24:	701a      	strb	r2, [r3, #0]
 8003b26:	e7d6      	b.n	8003ad6 <sniprintf+0x16>
 8003b28:	20000034 	.word	0x20000034

08003b2c <memset>:
 8003b2c:	4402      	add	r2, r0
 8003b2e:	4603      	mov	r3, r0
 8003b30:	4293      	cmp	r3, r2
 8003b32:	d100      	bne.n	8003b36 <memset+0xa>
 8003b34:	4770      	bx	lr
 8003b36:	f803 1b01 	strb.w	r1, [r3], #1
 8003b3a:	e7f9      	b.n	8003b30 <memset+0x4>

08003b3c <_sbrk_r>:
 8003b3c:	b538      	push	{r3, r4, r5, lr}
 8003b3e:	4d06      	ldr	r5, [pc, #24]	@ (8003b58 <_sbrk_r+0x1c>)
 8003b40:	2300      	movs	r3, #0
 8003b42:	4604      	mov	r4, r0
 8003b44:	4608      	mov	r0, r1
 8003b46:	602b      	str	r3, [r5, #0]
 8003b48:	f7fd fa8c 	bl	8001064 <_sbrk>
 8003b4c:	1c43      	adds	r3, r0, #1
 8003b4e:	d102      	bne.n	8003b56 <_sbrk_r+0x1a>
 8003b50:	682b      	ldr	r3, [r5, #0]
 8003b52:	b103      	cbz	r3, 8003b56 <_sbrk_r+0x1a>
 8003b54:	6023      	str	r3, [r4, #0]
 8003b56:	bd38      	pop	{r3, r4, r5, pc}
 8003b58:	200013dc 	.word	0x200013dc

08003b5c <__errno>:
 8003b5c:	4b01      	ldr	r3, [pc, #4]	@ (8003b64 <__errno+0x8>)
 8003b5e:	6818      	ldr	r0, [r3, #0]
 8003b60:	4770      	bx	lr
 8003b62:	bf00      	nop
 8003b64:	20000034 	.word	0x20000034

08003b68 <__libc_init_array>:
 8003b68:	b570      	push	{r4, r5, r6, lr}
 8003b6a:	4d0d      	ldr	r5, [pc, #52]	@ (8003ba0 <__libc_init_array+0x38>)
 8003b6c:	4c0d      	ldr	r4, [pc, #52]	@ (8003ba4 <__libc_init_array+0x3c>)
 8003b6e:	1b64      	subs	r4, r4, r5
 8003b70:	10a4      	asrs	r4, r4, #2
 8003b72:	2600      	movs	r6, #0
 8003b74:	42a6      	cmp	r6, r4
 8003b76:	d109      	bne.n	8003b8c <__libc_init_array+0x24>
 8003b78:	4d0b      	ldr	r5, [pc, #44]	@ (8003ba8 <__libc_init_array+0x40>)
 8003b7a:	4c0c      	ldr	r4, [pc, #48]	@ (8003bac <__libc_init_array+0x44>)
 8003b7c:	f000 fd04 	bl	8004588 <_init>
 8003b80:	1b64      	subs	r4, r4, r5
 8003b82:	10a4      	asrs	r4, r4, #2
 8003b84:	2600      	movs	r6, #0
 8003b86:	42a6      	cmp	r6, r4
 8003b88:	d105      	bne.n	8003b96 <__libc_init_array+0x2e>
 8003b8a:	bd70      	pop	{r4, r5, r6, pc}
 8003b8c:	f855 3b04 	ldr.w	r3, [r5], #4
 8003b90:	4798      	blx	r3
 8003b92:	3601      	adds	r6, #1
 8003b94:	e7ee      	b.n	8003b74 <__libc_init_array+0xc>
 8003b96:	f855 3b04 	ldr.w	r3, [r5], #4
 8003b9a:	4798      	blx	r3
 8003b9c:	3601      	adds	r6, #1
 8003b9e:	e7f2      	b.n	8003b86 <__libc_init_array+0x1e>
 8003ba0:	08006cfc 	.word	0x08006cfc
 8003ba4:	08006cfc 	.word	0x08006cfc
 8003ba8:	08006cfc 	.word	0x08006cfc
 8003bac:	08006d00 	.word	0x08006d00

08003bb0 <__retarget_lock_acquire_recursive>:
 8003bb0:	4770      	bx	lr

08003bb2 <__retarget_lock_release_recursive>:
 8003bb2:	4770      	bx	lr

08003bb4 <_free_r>:
 8003bb4:	b538      	push	{r3, r4, r5, lr}
 8003bb6:	4605      	mov	r5, r0
 8003bb8:	2900      	cmp	r1, #0
 8003bba:	d041      	beq.n	8003c40 <_free_r+0x8c>
 8003bbc:	f851 3c04 	ldr.w	r3, [r1, #-4]
 8003bc0:	1f0c      	subs	r4, r1, #4
 8003bc2:	2b00      	cmp	r3, #0
 8003bc4:	bfb8      	it	lt
 8003bc6:	18e4      	addlt	r4, r4, r3
 8003bc8:	f7ff ff6e 	bl	8003aa8 <__malloc_lock>
 8003bcc:	4a1d      	ldr	r2, [pc, #116]	@ (8003c44 <_free_r+0x90>)
 8003bce:	6813      	ldr	r3, [r2, #0]
 8003bd0:	b933      	cbnz	r3, 8003be0 <_free_r+0x2c>
 8003bd2:	6063      	str	r3, [r4, #4]
 8003bd4:	6014      	str	r4, [r2, #0]
 8003bd6:	4628      	mov	r0, r5
 8003bd8:	e8bd 4038 	ldmia.w	sp!, {r3, r4, r5, lr}
 8003bdc:	f7ff bf6a 	b.w	8003ab4 <__malloc_unlock>
 8003be0:	42a3      	cmp	r3, r4
 8003be2:	d908      	bls.n	8003bf6 <_free_r+0x42>
 8003be4:	6820      	ldr	r0, [r4, #0]
 8003be6:	1821      	adds	r1, r4, r0
 8003be8:	428b      	cmp	r3, r1
 8003bea:	bf01      	itttt	eq
 8003bec:	6819      	ldreq	r1, [r3, #0]
 8003bee:	685b      	ldreq	r3, [r3, #4]
 8003bf0:	1809      	addeq	r1, r1, r0
 8003bf2:	6021      	streq	r1, [r4, #0]
 8003bf4:	e7ed      	b.n	8003bd2 <_free_r+0x1e>
 8003bf6:	461a      	mov	r2, r3
 8003bf8:	685b      	ldr	r3, [r3, #4]
 8003bfa:	b10b      	cbz	r3, 8003c00 <_free_r+0x4c>
 8003bfc:	42a3      	cmp	r3, r4
 8003bfe:	d9fa      	bls.n	8003bf6 <_free_r+0x42>
 8003c00:	6811      	ldr	r1, [r2, #0]
 8003c02:	1850      	adds	r0, r2, r1
 8003c04:	42a0      	cmp	r0, r4
 8003c06:	d10b      	bne.n	8003c20 <_free_r+0x6c>
 8003c08:	6820      	ldr	r0, [r4, #0]
 8003c0a:	4401      	add	r1, r0
 8003c0c:	1850      	adds	r0, r2, r1
 8003c0e:	4283      	cmp	r3, r0
 8003c10:	6011      	str	r1, [r2, #0]
 8003c12:	d1e0      	bne.n	8003bd6 <_free_r+0x22>
 8003c14:	6818      	ldr	r0, [r3, #0]
 8003c16:	685b      	ldr	r3, [r3, #4]
 8003c18:	6053      	str	r3, [r2, #4]
 8003c1a:	4408      	add	r0, r1
 8003c1c:	6010      	str	r0, [r2, #0]
 8003c1e:	e7da      	b.n	8003bd6 <_free_r+0x22>
 8003c20:	d902      	bls.n	8003c28 <_free_r+0x74>
 8003c22:	230c      	movs	r3, #12
 8003c24:	602b      	str	r3, [r5, #0]
 8003c26:	e7d6      	b.n	8003bd6 <_free_r+0x22>
 8003c28:	6820      	ldr	r0, [r4, #0]
 8003c2a:	1821      	adds	r1, r4, r0
 8003c2c:	428b      	cmp	r3, r1
 8003c2e:	bf04      	itt	eq
 8003c30:	6819      	ldreq	r1, [r3, #0]
 8003c32:	685b      	ldreq	r3, [r3, #4]
 8003c34:	6063      	str	r3, [r4, #4]
 8003c36:	bf04      	itt	eq
 8003c38:	1809      	addeq	r1, r1, r0
 8003c3a:	6021      	streq	r1, [r4, #0]
 8003c3c:	6054      	str	r4, [r2, #4]
 8003c3e:	e7ca      	b.n	8003bd6 <_free_r+0x22>
 8003c40:	bd38      	pop	{r3, r4, r5, pc}
 8003c42:	bf00      	nop
 8003c44:	200012a0 	.word	0x200012a0

08003c48 <__ssputs_r>:
 8003c48:	e92d 47f0 	stmdb	sp!, {r4, r5, r6, r7, r8, r9, sl, lr}
 8003c4c:	688e      	ldr	r6, [r1, #8]
 8003c4e:	461f      	mov	r7, r3
 8003c50:	42be      	cmp	r6, r7
 8003c52:	680b      	ldr	r3, [r1, #0]
 8003c54:	4682      	mov	sl, r0
 8003c56:	460c      	mov	r4, r1
 8003c58:	4690      	mov	r8, r2
 8003c5a:	d82d      	bhi.n	8003cb8 <__ssputs_r+0x70>
 8003c5c:	f9b1 200c 	ldrsh.w	r2, [r1, #12]
 8003c60:	f412 6f90 	tst.w	r2, #1152	@ 0x480
 8003c64:	d026      	beq.n	8003cb4 <__ssputs_r+0x6c>
 8003c66:	6965      	ldr	r5, [r4, #20]
 8003c68:	6909      	ldr	r1, [r1, #16]
 8003c6a:	eb05 0545 	add.w	r5, r5, r5, lsl #1
 8003c6e:	eba3 0901 	sub.w	r9, r3, r1
 8003c72:	eb05 75d5 	add.w	r5, r5, r5, lsr #31
 8003c76:	1c7b      	adds	r3, r7, #1
 8003c78:	444b      	add	r3, r9
 8003c7a:	106d      	asrs	r5, r5, #1
 8003c7c:	429d      	cmp	r5, r3
 8003c7e:	bf38      	it	cc
 8003c80:	461d      	movcc	r5, r3
 8003c82:	0553      	lsls	r3, r2, #21
 8003c84:	d527      	bpl.n	8003cd6 <__ssputs_r+0x8e>
 8003c86:	4629      	mov	r1, r5
 8003c88:	f7ff fe8e 	bl	80039a8 <_malloc_r>
 8003c8c:	4606      	mov	r6, r0
 8003c8e:	b360      	cbz	r0, 8003cea <__ssputs_r+0xa2>
 8003c90:	6921      	ldr	r1, [r4, #16]
 8003c92:	464a      	mov	r2, r9
 8003c94:	f000 fad6 	bl	8004244 <memcpy>
 8003c98:	89a3      	ldrh	r3, [r4, #12]
 8003c9a:	f423 6390 	bic.w	r3, r3, #1152	@ 0x480
 8003c9e:	f043 0380 	orr.w	r3, r3, #128	@ 0x80
 8003ca2:	81a3      	strh	r3, [r4, #12]
 8003ca4:	6126      	str	r6, [r4, #16]
 8003ca6:	6165      	str	r5, [r4, #20]
 8003ca8:	444e      	add	r6, r9
 8003caa:	eba5 0509 	sub.w	r5, r5, r9
 8003cae:	6026      	str	r6, [r4, #0]
 8003cb0:	60a5      	str	r5, [r4, #8]
 8003cb2:	463e      	mov	r6, r7
 8003cb4:	42be      	cmp	r6, r7
 8003cb6:	d900      	bls.n	8003cba <__ssputs_r+0x72>
 8003cb8:	463e      	mov	r6, r7
 8003cba:	6820      	ldr	r0, [r4, #0]
 8003cbc:	4632      	mov	r2, r6
 8003cbe:	4641      	mov	r1, r8
 8003cc0:	f000 faa6 	bl	8004210 <memmove>
 8003cc4:	68a3      	ldr	r3, [r4, #8]
 8003cc6:	1b9b      	subs	r3, r3, r6
 8003cc8:	60a3      	str	r3, [r4, #8]
 8003cca:	6823      	ldr	r3, [r4, #0]
 8003ccc:	4433      	add	r3, r6
 8003cce:	6023      	str	r3, [r4, #0]
 8003cd0:	2000      	movs	r0, #0
 8003cd2:	e8bd 87f0 	ldmia.w	sp!, {r4, r5, r6, r7, r8, r9, sl, pc}
 8003cd6:	462a      	mov	r2, r5
 8003cd8:	f000 fac2 	bl	8004260 <_realloc_r>
 8003cdc:	4606      	mov	r6, r0
 8003cde:	2800      	cmp	r0, #0
 8003ce0:	d1e0      	bne.n	8003ca4 <__ssputs_r+0x5c>
 8003ce2:	6921      	ldr	r1, [r4, #16]
 8003ce4:	4650      	mov	r0, sl
 8003ce6:	f7ff ff65 	bl	8003bb4 <_free_r>
 8003cea:	230c      	movs	r3, #12
 8003cec:	f8ca 3000 	str.w	r3, [sl]
 8003cf0:	89a3      	ldrh	r3, [r4, #12]
 8003cf2:	f043 0340 	orr.w	r3, r3, #64	@ 0x40
 8003cf6:	81a3      	strh	r3, [r4, #12]
 8003cf8:	f04f 30ff 	mov.w	r0, #4294967295
 8003cfc:	e7e9      	b.n	8003cd2 <__ssputs_r+0x8a>
	...

08003d00 <_svfiprintf_r>:
 8003d00:	e92d 4ff0 	stmdb	sp!, {r4, r5, r6, r7, r8, r9, sl, fp, lr}
 8003d04:	4698      	mov	r8, r3
 8003d06:	898b      	ldrh	r3, [r1, #12]
 8003d08:	061b      	lsls	r3, r3, #24
 8003d0a:	b09d      	sub	sp, #116	@ 0x74
 8003d0c:	4607      	mov	r7, r0
 8003d0e:	460d      	mov	r5, r1
 8003d10:	4614      	mov	r4, r2
 8003d12:	d510      	bpl.n	8003d36 <_svfiprintf_r+0x36>
 8003d14:	690b      	ldr	r3, [r1, #16]
 8003d16:	b973      	cbnz	r3, 8003d36 <_svfiprintf_r+0x36>
 8003d18:	2140      	movs	r1, #64	@ 0x40
 8003d1a:	f7ff fe45 	bl	80039a8 <_malloc_r>
 8003d1e:	6028      	str	r0, [r5, #0]
 8003d20:	6128      	str	r0, [r5, #16]
 8003d22:	b930      	cbnz	r0, 8003d32 <_svfiprintf_r+0x32>
 8003d24:	230c      	movs	r3, #12
 8003d26:	603b      	str	r3, [r7, #0]
 8003d28:	f04f 30ff 	mov.w	r0, #4294967295
 8003d2c:	b01d      	add	sp, #116	@ 0x74
 8003d2e:	e8bd 8ff0 	ldmia.w	sp!, {r4, r5, r6, r7, r8, r9, sl, fp, pc}
 8003d32:	2340      	movs	r3, #64	@ 0x40
 8003d34:	616b      	str	r3, [r5, #20]
 8003d36:	2300      	movs	r3, #0
 8003d38:	9309      	str	r3, [sp, #36]	@ 0x24
 8003d3a:	2320      	movs	r3, #32
 8003d3c:	f88d 3029 	strb.w	r3, [sp, #41]	@ 0x29
 8003d40:	f8cd 800c 	str.w	r8, [sp, #12]
 8003d44:	2330      	movs	r3, #48	@ 0x30
 8003d46:	f8df 819c 	ldr.w	r8, [pc, #412]	@ 8003ee4 <_svfiprintf_r+0x1e4>
 8003d4a:	f88d 302a 	strb.w	r3, [sp, #42]	@ 0x2a
 8003d4e:	f04f 0901 	mov.w	r9, #1
 8003d52:	4623      	mov	r3, r4
 8003d54:	469a      	mov	sl, r3
 8003d56:	f813 2b01 	ldrb.w	r2, [r3], #1
 8003d5a:	b10a      	cbz	r2, 8003d60 <_svfiprintf_r+0x60>
 8003d5c:	2a25      	cmp	r2, #37	@ 0x25
 8003d5e:	d1f9      	bne.n	8003d54 <_svfiprintf_r+0x54>
 8003d60:	ebba 0b04 	subs.w	fp, sl, r4
 8003d64:	d00b      	beq.n	8003d7e <_svfiprintf_r+0x7e>
 8003d66:	465b      	mov	r3, fp
 8003d68:	4622      	mov	r2, r4
 8003d6a:	4629      	mov	r1, r5
 8003d6c:	4638      	mov	r0, r7
 8003d6e:	f7ff ff6b 	bl	8003c48 <__ssputs_r>
 8003d72:	3001      	adds	r0, #1
 8003d74:	f000 80a7 	beq.w	8003ec6 <_svfiprintf_r+0x1c6>
 8003d78:	9a09      	ldr	r2, [sp, #36]	@ 0x24
 8003d7a:	445a      	add	r2, fp
 8003d7c:	9209      	str	r2, [sp, #36]	@ 0x24
 8003d7e:	f89a 3000 	ldrb.w	r3, [sl]
 8003d82:	2b00      	cmp	r3, #0
 8003d84:	f000 809f 	beq.w	8003ec6 <_svfiprintf_r+0x1c6>
 8003d88:	2300      	movs	r3, #0
 8003d8a:	f04f 32ff 	mov.w	r2, #4294967295
 8003d8e:	e9cd 2305 	strd	r2, r3, [sp, #20]
 8003d92:	f10a 0a01 	add.w	sl, sl, #1
 8003d96:	9304      	str	r3, [sp, #16]
 8003d98:	9307      	str	r3, [sp, #28]
 8003d9a:	f88d 3053 	strb.w	r3, [sp, #83]	@ 0x53
 8003d9e:	931a      	str	r3, [sp, #104]	@ 0x68
 8003da0:	4654      	mov	r4, sl
 8003da2:	2205      	movs	r2, #5
 8003da4:	f814 1b01 	ldrb.w	r1, [r4], #1
 8003da8:	484e      	ldr	r0, [pc, #312]	@ (8003ee4 <_svfiprintf_r+0x1e4>)
 8003daa:	f7fc f9f1 	bl	8000190 <memchr>
 8003dae:	9a04      	ldr	r2, [sp, #16]
 8003db0:	b9d8      	cbnz	r0, 8003dea <_svfiprintf_r+0xea>
 8003db2:	06d0      	lsls	r0, r2, #27
 8003db4:	bf44      	itt	mi
 8003db6:	2320      	movmi	r3, #32
 8003db8:	f88d 3053 	strbmi.w	r3, [sp, #83]	@ 0x53
 8003dbc:	0711      	lsls	r1, r2, #28
 8003dbe:	bf44      	itt	mi
 8003dc0:	232b      	movmi	r3, #43	@ 0x2b
 8003dc2:	f88d 3053 	strbmi.w	r3, [sp, #83]	@ 0x53
 8003dc6:	f89a 3000 	ldrb.w	r3, [sl]
 8003dca:	2b2a      	cmp	r3, #42	@ 0x2a
 8003dcc:	d015      	beq.n	8003dfa <_svfiprintf_r+0xfa>
 8003dce:	9a07      	ldr	r2, [sp, #28]
 8003dd0:	4654      	mov	r4, sl
 8003dd2:	2000      	movs	r0, #0
 8003dd4:	f04f 0c0a 	mov.w	ip, #10
 8003dd8:	4621      	mov	r1, r4
 8003dda:	f811 3b01 	ldrb.w	r3, [r1], #1
 8003dde:	3b30      	subs	r3, #48	@ 0x30
 8003de0:	2b09      	cmp	r3, #9
 8003de2:	d94b      	bls.n	8003e7c <_svfiprintf_r+0x17c>
 8003de4:	b1b0      	cbz	r0, 8003e14 <_svfiprintf_r+0x114>
 8003de6:	9207      	str	r2, [sp, #28]
 8003de8:	e014      	b.n	8003e14 <_svfiprintf_r+0x114>
 8003dea:	eba0 0308 	sub.w	r3, r0, r8
 8003dee:	fa09 f303 	lsl.w	r3, r9, r3
 8003df2:	4313      	orrs	r3, r2
 8003df4:	9304      	str	r3, [sp, #16]
 8003df6:	46a2      	mov	sl, r4
 8003df8:	e7d2      	b.n	8003da0 <_svfiprintf_r+0xa0>
 8003dfa:	9b03      	ldr	r3, [sp, #12]
 8003dfc:	1d19      	adds	r1, r3, #4
 8003dfe:	681b      	ldr	r3, [r3, #0]
 8003e00:	9103      	str	r1, [sp, #12]
 8003e02:	2b00      	cmp	r3, #0
 8003e04:	bfbb      	ittet	lt
 8003e06:	425b      	neglt	r3, r3
 8003e08:	f042 0202 	orrlt.w	r2, r2, #2
 8003e0c:	9307      	strge	r3, [sp, #28]
 8003e0e:	9307      	strlt	r3, [sp, #28]
 8003e10:	bfb8      	it	lt
 8003e12:	9204      	strlt	r2, [sp, #16]
 8003e14:	7823      	ldrb	r3, [r4, #0]
 8003e16:	2b2e      	cmp	r3, #46	@ 0x2e
 8003e18:	d10a      	bne.n	8003e30 <_svfiprintf_r+0x130>
 8003e1a:	7863      	ldrb	r3, [r4, #1]
 8003e1c:	2b2a      	cmp	r3, #42	@ 0x2a
 8003e1e:	d132      	bne.n	8003e86 <_svfiprintf_r+0x186>
 8003e20:	9b03      	ldr	r3, [sp, #12]
 8003e22:	1d1a      	adds	r2, r3, #4
 8003e24:	681b      	ldr	r3, [r3, #0]
 8003e26:	9203      	str	r2, [sp, #12]
 8003e28:	ea43 73e3 	orr.w	r3, r3, r3, asr #31
 8003e2c:	3402      	adds	r4, #2
 8003e2e:	9305      	str	r3, [sp, #20]
 8003e30:	f8df a0c0 	ldr.w	sl, [pc, #192]	@ 8003ef4 <_svfiprintf_r+0x1f4>
 8003e34:	7821      	ldrb	r1, [r4, #0]
 8003e36:	2203      	movs	r2, #3
 8003e38:	4650      	mov	r0, sl
 8003e3a:	f7fc f9a9 	bl	8000190 <memchr>
 8003e3e:	b138      	cbz	r0, 8003e50 <_svfiprintf_r+0x150>
 8003e40:	9b04      	ldr	r3, [sp, #16]
 8003e42:	eba0 000a 	sub.w	r0, r0, sl
 8003e46:	2240      	movs	r2, #64	@ 0x40
 8003e48:	4082      	lsls	r2, r0
 8003e4a:	4313      	orrs	r3, r2
 8003e4c:	3401      	adds	r4, #1
 8003e4e:	9304      	str	r3, [sp, #16]
 8003e50:	f814 1b01 	ldrb.w	r1, [r4], #1
 8003e54:	4824      	ldr	r0, [pc, #144]	@ (8003ee8 <_svfiprintf_r+0x1e8>)
 8003e56:	f88d 1028 	strb.w	r1, [sp, #40]	@ 0x28
 8003e5a:	2206      	movs	r2, #6
 8003e5c:	f7fc f998 	bl	8000190 <memchr>
 8003e60:	2800      	cmp	r0, #0
 8003e62:	d036      	beq.n	8003ed2 <_svfiprintf_r+0x1d2>
 8003e64:	4b21      	ldr	r3, [pc, #132]	@ (8003eec <_svfiprintf_r+0x1ec>)
 8003e66:	bb1b      	cbnz	r3, 8003eb0 <_svfiprintf_r+0x1b0>
 8003e68:	9b03      	ldr	r3, [sp, #12]
 8003e6a:	3307      	adds	r3, #7
 8003e6c:	f023 0307 	bic.w	r3, r3, #7
 8003e70:	3308      	adds	r3, #8
 8003e72:	9303      	str	r3, [sp, #12]
 8003e74:	9b09      	ldr	r3, [sp, #36]	@ 0x24
 8003e76:	4433      	add	r3, r6
 8003e78:	9309      	str	r3, [sp, #36]	@ 0x24
 8003e7a:	e76a      	b.n	8003d52 <_svfiprintf_r+0x52>
 8003e7c:	fb0c 3202 	mla	r2, ip, r2, r3
 8003e80:	460c      	mov	r4, r1
 8003e82:	2001      	movs	r0, #1
 8003e84:	e7a8      	b.n	8003dd8 <_svfiprintf_r+0xd8>
 8003e86:	2300      	movs	r3, #0
 8003e88:	3401      	adds	r4, #1
 8003e8a:	9305      	str	r3, [sp, #20]
 8003e8c:	4619      	mov	r1, r3
 8003e8e:	f04f 0c0a 	mov.w	ip, #10
 8003e92:	4620      	mov	r0, r4
 8003e94:	f810 2b01 	ldrb.w	r2, [r0], #1
 8003e98:	3a30      	subs	r2, #48	@ 0x30
 8003e9a:	2a09      	cmp	r2, #9
 8003e9c:	d903      	bls.n	8003ea6 <_svfiprintf_r+0x1a6>
 8003e9e:	2b00      	cmp	r3, #0
 8003ea0:	d0c6      	beq.n	8003e30 <_svfiprintf_r+0x130>
 8003ea2:	9105      	str	r1, [sp, #20]
 8003ea4:	e7c4      	b.n	8003e30 <_svfiprintf_r+0x130>
 8003ea6:	fb0c 2101 	mla	r1, ip, r1, r2
 8003eaa:	4604      	mov	r4, r0
 8003eac:	2301      	movs	r3, #1
 8003eae:	e7f0      	b.n	8003e92 <_svfiprintf_r+0x192>
 8003eb0:	ab03      	add	r3, sp, #12
 8003eb2:	9300      	str	r3, [sp, #0]
 8003eb4:	462a      	mov	r2, r5
 8003eb6:	4b0e      	ldr	r3, [pc, #56]	@ (8003ef0 <_svfiprintf_r+0x1f0>)
 8003eb8:	a904      	add	r1, sp, #16
 8003eba:	4638      	mov	r0, r7
 8003ebc:	f3af 8000 	nop.w
 8003ec0:	1c42      	adds	r2, r0, #1
 8003ec2:	4606      	mov	r6, r0
 8003ec4:	d1d6      	bne.n	8003e74 <_svfiprintf_r+0x174>
 8003ec6:	89ab      	ldrh	r3, [r5, #12]
 8003ec8:	065b      	lsls	r3, r3, #25
 8003eca:	f53f af2d 	bmi.w	8003d28 <_svfiprintf_r+0x28>
 8003ece:	9809      	ldr	r0, [sp, #36]	@ 0x24
 8003ed0:	e72c      	b.n	8003d2c <_svfiprintf_r+0x2c>
 8003ed2:	ab03      	add	r3, sp, #12
 8003ed4:	9300      	str	r3, [sp, #0]
 8003ed6:	462a      	mov	r2, r5
 8003ed8:	4b05      	ldr	r3, [pc, #20]	@ (8003ef0 <_svfiprintf_r+0x1f0>)
 8003eda:	a904      	add	r1, sp, #16
 8003edc:	4638      	mov	r0, r7
 8003ede:	f000 f879 	bl	8003fd4 <_printf_i>
 8003ee2:	e7ed      	b.n	8003ec0 <_svfiprintf_r+0x1c0>
 8003ee4:	08006cc0 	.word	0x08006cc0
 8003ee8:	08006cca 	.word	0x08006cca
 8003eec:	00000000 	.word	0x00000000
 8003ef0:	08003c49 	.word	0x08003c49
 8003ef4:	08006cc6 	.word	0x08006cc6

08003ef8 <_printf_common>:
 8003ef8:	e92d 47f0 	stmdb	sp!, {r4, r5, r6, r7, r8, r9, sl, lr}
 8003efc:	4616      	mov	r6, r2
 8003efe:	4698      	mov	r8, r3
 8003f00:	688a      	ldr	r2, [r1, #8]
 8003f02:	690b      	ldr	r3, [r1, #16]
 8003f04:	f8dd 9020 	ldr.w	r9, [sp, #32]
 8003f08:	4293      	cmp	r3, r2
 8003f0a:	bfb8      	it	lt
 8003f0c:	4613      	movlt	r3, r2
 8003f0e:	6033      	str	r3, [r6, #0]
 8003f10:	f891 2043 	ldrb.w	r2, [r1, #67]	@ 0x43
 8003f14:	4607      	mov	r7, r0
 8003f16:	460c      	mov	r4, r1
 8003f18:	b10a      	cbz	r2, 8003f1e <_printf_common+0x26>
 8003f1a:	3301      	adds	r3, #1
 8003f1c:	6033      	str	r3, [r6, #0]
 8003f1e:	6823      	ldr	r3, [r4, #0]
 8003f20:	0699      	lsls	r1, r3, #26
 8003f22:	bf42      	ittt	mi
 8003f24:	6833      	ldrmi	r3, [r6, #0]
 8003f26:	3302      	addmi	r3, #2
 8003f28:	6033      	strmi	r3, [r6, #0]
 8003f2a:	6825      	ldr	r5, [r4, #0]
 8003f2c:	f015 0506 	ands.w	r5, r5, #6
 8003f30:	d106      	bne.n	8003f40 <_printf_common+0x48>
 8003f32:	f104 0a19 	add.w	sl, r4, #25
 8003f36:	68e3      	ldr	r3, [r4, #12]
 8003f38:	6832      	ldr	r2, [r6, #0]
 8003f3a:	1a9b      	subs	r3, r3, r2
 8003f3c:	42ab      	cmp	r3, r5
 8003f3e:	dc26      	bgt.n	8003f8e <_printf_common+0x96>
 8003f40:	f894 3043 	ldrb.w	r3, [r4, #67]	@ 0x43
 8003f44:	6822      	ldr	r2, [r4, #0]
 8003f46:	3b00      	subs	r3, #0
 8003f48:	bf18      	it	ne
 8003f4a:	2301      	movne	r3, #1
 8003f4c:	0692      	lsls	r2, r2, #26
 8003f4e:	d42b      	bmi.n	8003fa8 <_printf_common+0xb0>
 8003f50:	f104 0243 	add.w	r2, r4, #67	@ 0x43
 8003f54:	4641      	mov	r1, r8
 8003f56:	4638      	mov	r0, r7
 8003f58:	47c8      	blx	r9
 8003f5a:	3001      	adds	r0, #1
 8003f5c:	d01e      	beq.n	8003f9c <_printf_common+0xa4>
 8003f5e:	6823      	ldr	r3, [r4, #0]
 8003f60:	6922      	ldr	r2, [r4, #16]
 8003f62:	f003 0306 	and.w	r3, r3, #6
 8003f66:	2b04      	cmp	r3, #4
 8003f68:	bf02      	ittt	eq
 8003f6a:	68e5      	ldreq	r5, [r4, #12]
 8003f6c:	6833      	ldreq	r3, [r6, #0]
 8003f6e:	1aed      	subeq	r5, r5, r3
 8003f70:	68a3      	ldr	r3, [r4, #8]
 8003f72:	bf0c      	ite	eq
 8003f74:	ea25 75e5 	biceq.w	r5, r5, r5, asr #31
 8003f78:	2500      	movne	r5, #0
 8003f7a:	4293      	cmp	r3, r2
 8003f7c:	bfc4      	itt	gt
 8003f7e:	1a9b      	subgt	r3, r3, r2
 8003f80:	18ed      	addgt	r5, r5, r3
 8003f82:	2600      	movs	r6, #0
 8003f84:	341a      	adds	r4, #26
 8003f86:	42b5      	cmp	r5, r6
 8003f88:	d11a      	bne.n	8003fc0 <_printf_common+0xc8>
 8003f8a:	2000      	movs	r0, #0
 8003f8c:	e008      	b.n	8003fa0 <_printf_common+0xa8>
 8003f8e:	2301      	movs	r3, #1
 8003f90:	4652      	mov	r2, sl
 8003f92:	4641      	mov	r1, r8
 8003f94:	4638      	mov	r0, r7
 8003f96:	47c8      	blx	r9
 8003f98:	3001      	adds	r0, #1
 8003f9a:	d103      	bne.n	8003fa4 <_printf_common+0xac>
 8003f9c:	f04f 30ff 	mov.w	r0, #4294967295
 8003fa0:	e8bd 87f0 	ldmia.w	sp!, {r4, r5, r6, r7, r8, r9, sl, pc}
 8003fa4:	3501      	adds	r5, #1
 8003fa6:	e7c6      	b.n	8003f36 <_printf_common+0x3e>
 8003fa8:	18e1      	adds	r1, r4, r3
 8003faa:	1c5a      	adds	r2, r3, #1
 8003fac:	2030      	movs	r0, #48	@ 0x30
 8003fae:	f881 0043 	strb.w	r0, [r1, #67]	@ 0x43
 8003fb2:	4422      	add	r2, r4
 8003fb4:	f894 1045 	ldrb.w	r1, [r4, #69]	@ 0x45
 8003fb8:	f882 1043 	strb.w	r1, [r2, #67]	@ 0x43
 8003fbc:	3302      	adds	r3, #2
 8003fbe:	e7c7      	b.n	8003f50 <_printf_common+0x58>
 8003fc0:	2301      	movs	r3, #1
 8003fc2:	4622      	mov	r2, r4
 8003fc4:	4641      	mov	r1, r8
 8003fc6:	4638      	mov	r0, r7
 8003fc8:	47c8      	blx	r9
 8003fca:	3001      	adds	r0, #1
 8003fcc:	d0e6      	beq.n	8003f9c <_printf_common+0xa4>
 8003fce:	3601      	adds	r6, #1
 8003fd0:	e7d9      	b.n	8003f86 <_printf_common+0x8e>
	...

08003fd4 <_printf_i>:
 8003fd4:	e92d 47ff 	stmdb	sp!, {r0, r1, r2, r3, r4, r5, r6, r7, r8, r9, sl, lr}
 8003fd8:	7e0f      	ldrb	r7, [r1, #24]
 8003fda:	9e0c      	ldr	r6, [sp, #48]	@ 0x30
 8003fdc:	2f78      	cmp	r7, #120	@ 0x78
 8003fde:	4691      	mov	r9, r2
 8003fe0:	4680      	mov	r8, r0
 8003fe2:	460c      	mov	r4, r1
 8003fe4:	469a      	mov	sl, r3
 8003fe6:	f101 0243 	add.w	r2, r1, #67	@ 0x43
 8003fea:	d807      	bhi.n	8003ffc <_printf_i+0x28>
 8003fec:	2f62      	cmp	r7, #98	@ 0x62
 8003fee:	d80a      	bhi.n	8004006 <_printf_i+0x32>
 8003ff0:	2f00      	cmp	r7, #0
 8003ff2:	f000 80d1 	beq.w	8004198 <_printf_i+0x1c4>
 8003ff6:	2f58      	cmp	r7, #88	@ 0x58
 8003ff8:	f000 80b8 	beq.w	800416c <_printf_i+0x198>
 8003ffc:	f104 0642 	add.w	r6, r4, #66	@ 0x42
 8004000:	f884 7042 	strb.w	r7, [r4, #66]	@ 0x42
 8004004:	e03a      	b.n	800407c <_printf_i+0xa8>
 8004006:	f1a7 0363 	sub.w	r3, r7, #99	@ 0x63
 800400a:	2b15      	cmp	r3, #21
 800400c:	d8f6      	bhi.n	8003ffc <_printf_i+0x28>
 800400e:	a101      	add	r1, pc, #4	@ (adr r1, 8004014 <_printf_i+0x40>)
 8004010:	f851 f023 	ldr.w	pc, [r1, r3, lsl #2]
 8004014:	0800406d 	.word	0x0800406d
 8004018:	08004081 	.word	0x08004081
 800401c:	08003ffd 	.word	0x08003ffd
 8004020:	08003ffd 	.word	0x08003ffd
 8004024:	08003ffd 	.word	0x08003ffd
 8004028:	08003ffd 	.word	0x08003ffd
 800402c:	08004081 	.word	0x08004081
 8004030:	08003ffd 	.word	0x08003ffd
 8004034:	08003ffd 	.word	0x08003ffd
 8004038:	08003ffd 	.word	0x08003ffd
 800403c:	08003ffd 	.word	0x08003ffd
 8004040:	0800417f 	.word	0x0800417f
 8004044:	080040ab 	.word	0x080040ab
 8004048:	08004139 	.word	0x08004139
 800404c:	08003ffd 	.word	0x08003ffd
 8004050:	08003ffd 	.word	0x08003ffd
 8004054:	080041a1 	.word	0x080041a1
 8004058:	08003ffd 	.word	0x08003ffd
 800405c:	080040ab 	.word	0x080040ab
 8004060:	08003ffd 	.word	0x08003ffd
 8004064:	08003ffd 	.word	0x08003ffd
 8004068:	08004141 	.word	0x08004141
 800406c:	6833      	ldr	r3, [r6, #0]
 800406e:	1d1a      	adds	r2, r3, #4
 8004070:	681b      	ldr	r3, [r3, #0]
 8004072:	6032      	str	r2, [r6, #0]
 8004074:	f104 0642 	add.w	r6, r4, #66	@ 0x42
 8004078:	f884 3042 	strb.w	r3, [r4, #66]	@ 0x42
 800407c:	2301      	movs	r3, #1
 800407e:	e09c      	b.n	80041ba <_printf_i+0x1e6>
 8004080:	6833      	ldr	r3, [r6, #0]
 8004082:	6820      	ldr	r0, [r4, #0]
 8004084:	1d19      	adds	r1, r3, #4
 8004086:	6031      	str	r1, [r6, #0]
 8004088:	0606      	lsls	r6, r0, #24
 800408a:	d501      	bpl.n	8004090 <_printf_i+0xbc>
 800408c:	681d      	ldr	r5, [r3, #0]
 800408e:	e003      	b.n	8004098 <_printf_i+0xc4>
 8004090:	0645      	lsls	r5, r0, #25
 8004092:	d5fb      	bpl.n	800408c <_printf_i+0xb8>
 8004094:	f9b3 5000 	ldrsh.w	r5, [r3]
 8004098:	2d00      	cmp	r5, #0
 800409a:	da03      	bge.n	80040a4 <_printf_i+0xd0>
 800409c:	232d      	movs	r3, #45	@ 0x2d
 800409e:	426d      	negs	r5, r5
 80040a0:	f884 3043 	strb.w	r3, [r4, #67]	@ 0x43
 80040a4:	4858      	ldr	r0, [pc, #352]	@ (8004208 <_printf_i+0x234>)
 80040a6:	230a      	movs	r3, #10
 80040a8:	e011      	b.n	80040ce <_printf_i+0xfa>
 80040aa:	6821      	ldr	r1, [r4, #0]
 80040ac:	6833      	ldr	r3, [r6, #0]
 80040ae:	0608      	lsls	r0, r1, #24
 80040b0:	f853 5b04 	ldr.w	r5, [r3], #4
 80040b4:	d402      	bmi.n	80040bc <_printf_i+0xe8>
 80040b6:	0649      	lsls	r1, r1, #25
 80040b8:	bf48      	it	mi
 80040ba:	b2ad      	uxthmi	r5, r5
 80040bc:	2f6f      	cmp	r7, #111	@ 0x6f
 80040be:	4852      	ldr	r0, [pc, #328]	@ (8004208 <_printf_i+0x234>)
 80040c0:	6033      	str	r3, [r6, #0]
 80040c2:	bf14      	ite	ne
 80040c4:	230a      	movne	r3, #10
 80040c6:	2308      	moveq	r3, #8
 80040c8:	2100      	movs	r1, #0
 80040ca:	f884 1043 	strb.w	r1, [r4, #67]	@ 0x43
 80040ce:	6866      	ldr	r6, [r4, #4]
 80040d0:	60a6      	str	r6, [r4, #8]
 80040d2:	2e00      	cmp	r6, #0
 80040d4:	db05      	blt.n	80040e2 <_printf_i+0x10e>
 80040d6:	6821      	ldr	r1, [r4, #0]
 80040d8:	432e      	orrs	r6, r5
 80040da:	f021 0104 	bic.w	r1, r1, #4
 80040de:	6021      	str	r1, [r4, #0]
 80040e0:	d04b      	beq.n	800417a <_printf_i+0x1a6>
 80040e2:	4616      	mov	r6, r2
 80040e4:	fbb5 f1f3 	udiv	r1, r5, r3
 80040e8:	fb03 5711 	mls	r7, r3, r1, r5
 80040ec:	5dc7      	ldrb	r7, [r0, r7]
 80040ee:	f806 7d01 	strb.w	r7, [r6, #-1]!
 80040f2:	462f      	mov	r7, r5
 80040f4:	42bb      	cmp	r3, r7
 80040f6:	460d      	mov	r5, r1
 80040f8:	d9f4      	bls.n	80040e4 <_printf_i+0x110>
 80040fa:	2b08      	cmp	r3, #8
 80040fc:	d10b      	bne.n	8004116 <_printf_i+0x142>
 80040fe:	6823      	ldr	r3, [r4, #0]
 8004100:	07df      	lsls	r7, r3, #31
 8004102:	d508      	bpl.n	8004116 <_printf_i+0x142>
 8004104:	6923      	ldr	r3, [r4, #16]
 8004106:	6861      	ldr	r1, [r4, #4]
 8004108:	4299      	cmp	r1, r3
 800410a:	bfde      	ittt	le
 800410c:	2330      	movle	r3, #48	@ 0x30
 800410e:	f806 3c01 	strble.w	r3, [r6, #-1]
 8004112:	f106 36ff 	addle.w	r6, r6, #4294967295
 8004116:	1b92      	subs	r2, r2, r6
 8004118:	6122      	str	r2, [r4, #16]
 800411a:	f8cd a000 	str.w	sl, [sp]
 800411e:	464b      	mov	r3, r9
 8004120:	aa03      	add	r2, sp, #12
 8004122:	4621      	mov	r1, r4
 8004124:	4640      	mov	r0, r8
 8004126:	f7ff fee7 	bl	8003ef8 <_printf_common>
 800412a:	3001      	adds	r0, #1
 800412c:	d14a      	bne.n	80041c4 <_printf_i+0x1f0>
 800412e:	f04f 30ff 	mov.w	r0, #4294967295
 8004132:	b004      	add	sp, #16
 8004134:	e8bd 87f0 	ldmia.w	sp!, {r4, r5, r6, r7, r8, r9, sl, pc}
 8004138:	6823      	ldr	r3, [r4, #0]
 800413a:	f043 0320 	orr.w	r3, r3, #32
 800413e:	6023      	str	r3, [r4, #0]
 8004140:	4832      	ldr	r0, [pc, #200]	@ (800420c <_printf_i+0x238>)
 8004142:	2778      	movs	r7, #120	@ 0x78
 8004144:	f884 7045 	strb.w	r7, [r4, #69]	@ 0x45
 8004148:	6823      	ldr	r3, [r4, #0]
 800414a:	6831      	ldr	r1, [r6, #0]
 800414c:	061f      	lsls	r7, r3, #24
 800414e:	f851 5b04 	ldr.w	r5, [r1], #4
 8004152:	d402      	bmi.n	800415a <_printf_i+0x186>
 8004154:	065f      	lsls	r7, r3, #25
 8004156:	bf48      	it	mi
 8004158:	b2ad      	uxthmi	r5, r5
 800415a:	6031      	str	r1, [r6, #0]
 800415c:	07d9      	lsls	r1, r3, #31
 800415e:	bf44      	itt	mi
 8004160:	f043 0320 	orrmi.w	r3, r3, #32
 8004164:	6023      	strmi	r3, [r4, #0]
 8004166:	b11d      	cbz	r5, 8004170 <_printf_i+0x19c>
 8004168:	2310      	movs	r3, #16
 800416a:	e7ad      	b.n	80040c8 <_printf_i+0xf4>
 800416c:	4826      	ldr	r0, [pc, #152]	@ (8004208 <_printf_i+0x234>)
 800416e:	e7e9      	b.n	8004144 <_printf_i+0x170>
 8004170:	6823      	ldr	r3, [r4, #0]
 8004172:	f023 0320 	bic.w	r3, r3, #32
 8004176:	6023      	str	r3, [r4, #0]
 8004178:	e7f6      	b.n	8004168 <_printf_i+0x194>
 800417a:	4616      	mov	r6, r2
 800417c:	e7bd      	b.n	80040fa <_printf_i+0x126>
 800417e:	6833      	ldr	r3, [r6, #0]
 8004180:	6825      	ldr	r5, [r4, #0]
 8004182:	6961      	ldr	r1, [r4, #20]
 8004184:	1d18      	adds	r0, r3, #4
 8004186:	6030      	str	r0, [r6, #0]
 8004188:	062e      	lsls	r6, r5, #24
 800418a:	681b      	ldr	r3, [r3, #0]
 800418c:	d501      	bpl.n	8004192 <_printf_i+0x1be>
 800418e:	6019      	str	r1, [r3, #0]
 8004190:	e002      	b.n	8004198 <_printf_i+0x1c4>
 8004192:	0668      	lsls	r0, r5, #25
 8004194:	d5fb      	bpl.n	800418e <_printf_i+0x1ba>
 8004196:	8019      	strh	r1, [r3, #0]
 8004198:	2300      	movs	r3, #0
 800419a:	6123      	str	r3, [r4, #16]
 800419c:	4616      	mov	r6, r2
 800419e:	e7bc      	b.n	800411a <_printf_i+0x146>
 80041a0:	6833      	ldr	r3, [r6, #0]
 80041a2:	1d1a      	adds	r2, r3, #4
 80041a4:	6032      	str	r2, [r6, #0]
 80041a6:	681e      	ldr	r6, [r3, #0]
 80041a8:	6862      	ldr	r2, [r4, #4]
 80041aa:	2100      	movs	r1, #0
 80041ac:	4630      	mov	r0, r6
 80041ae:	f7fb ffef 	bl	8000190 <memchr>
 80041b2:	b108      	cbz	r0, 80041b8 <_printf_i+0x1e4>
 80041b4:	1b80      	subs	r0, r0, r6
 80041b6:	6060      	str	r0, [r4, #4]
 80041b8:	6863      	ldr	r3, [r4, #4]
 80041ba:	6123      	str	r3, [r4, #16]
 80041bc:	2300      	movs	r3, #0
 80041be:	f884 3043 	strb.w	r3, [r4, #67]	@ 0x43
 80041c2:	e7aa      	b.n	800411a <_printf_i+0x146>
 80041c4:	6923      	ldr	r3, [r4, #16]
 80041c6:	4632      	mov	r2, r6
 80041c8:	4649      	mov	r1, r9
 80041ca:	4640      	mov	r0, r8
 80041cc:	47d0      	blx	sl
 80041ce:	3001      	adds	r0, #1
 80041d0:	d0ad      	beq.n	800412e <_printf_i+0x15a>
 80041d2:	6823      	ldr	r3, [r4, #0]
 80041d4:	079b      	lsls	r3, r3, #30
 80041d6:	d413      	bmi.n	8004200 <_printf_i+0x22c>
 80041d8:	68e0      	ldr	r0, [r4, #12]
 80041da:	9b03      	ldr	r3, [sp, #12]
 80041dc:	4298      	cmp	r0, r3
 80041de:	bfb8      	it	lt
 80041e0:	4618      	movlt	r0, r3
 80041e2:	e7a6      	b.n	8004132 <_printf_i+0x15e>
 80041e4:	2301      	movs	r3, #1
 80041e6:	4632      	mov	r2, r6
 80041e8:	4649      	mov	r1, r9
 80041ea:	4640      	mov	r0, r8
 80041ec:	47d0      	blx	sl
 80041ee:	3001      	adds	r0, #1
 80041f0:	d09d      	beq.n	800412e <_printf_i+0x15a>
 80041f2:	3501      	adds	r5, #1
 80041f4:	68e3      	ldr	r3, [r4, #12]
 80041f6:	9903      	ldr	r1, [sp, #12]
 80041f8:	1a5b      	subs	r3, r3, r1
 80041fa:	42ab      	cmp	r3, r5
 80041fc:	dcf2      	bgt.n	80041e4 <_printf_i+0x210>
 80041fe:	e7eb      	b.n	80041d8 <_printf_i+0x204>
 8004200:	2500      	movs	r5, #0
 8004202:	f104 0619 	add.w	r6, r4, #25
 8004206:	e7f5      	b.n	80041f4 <_printf_i+0x220>
 8004208:	08006cd1 	.word	0x08006cd1
 800420c:	08006ce2 	.word	0x08006ce2

08004210 <memmove>:
 8004210:	4288      	cmp	r0, r1
 8004212:	b510      	push	{r4, lr}
 8004214:	eb01 0402 	add.w	r4, r1, r2
 8004218:	d902      	bls.n	8004220 <memmove+0x10>
 800421a:	4284      	cmp	r4, r0
 800421c:	4623      	mov	r3, r4
 800421e:	d807      	bhi.n	8004230 <memmove+0x20>
 8004220:	1e43      	subs	r3, r0, #1
 8004222:	42a1      	cmp	r1, r4
 8004224:	d008      	beq.n	8004238 <memmove+0x28>
 8004226:	f811 2b01 	ldrb.w	r2, [r1], #1
 800422a:	f803 2f01 	strb.w	r2, [r3, #1]!
 800422e:	e7f8      	b.n	8004222 <memmove+0x12>
 8004230:	4402      	add	r2, r0
 8004232:	4601      	mov	r1, r0
 8004234:	428a      	cmp	r2, r1
 8004236:	d100      	bne.n	800423a <memmove+0x2a>
 8004238:	bd10      	pop	{r4, pc}
 800423a:	f813 4d01 	ldrb.w	r4, [r3, #-1]!
 800423e:	f802 4d01 	strb.w	r4, [r2, #-1]!
 8004242:	e7f7      	b.n	8004234 <memmove+0x24>

08004244 <memcpy>:
 8004244:	440a      	add	r2, r1
 8004246:	4291      	cmp	r1, r2
 8004248:	f100 33ff 	add.w	r3, r0, #4294967295
 800424c:	d100      	bne.n	8004250 <memcpy+0xc>
 800424e:	4770      	bx	lr
 8004250:	b510      	push	{r4, lr}
 8004252:	f811 4b01 	ldrb.w	r4, [r1], #1
 8004256:	f803 4f01 	strb.w	r4, [r3, #1]!
 800425a:	4291      	cmp	r1, r2
 800425c:	d1f9      	bne.n	8004252 <memcpy+0xe>
 800425e:	bd10      	pop	{r4, pc}

08004260 <_realloc_r>:
 8004260:	e92d 41f0 	stmdb	sp!, {r4, r5, r6, r7, r8, lr}
 8004264:	4607      	mov	r7, r0
 8004266:	4614      	mov	r4, r2
 8004268:	460d      	mov	r5, r1
 800426a:	b921      	cbnz	r1, 8004276 <_realloc_r+0x16>
 800426c:	e8bd 41f0 	ldmia.w	sp!, {r4, r5, r6, r7, r8, lr}
 8004270:	4611      	mov	r1, r2
 8004272:	f7ff bb99 	b.w	80039a8 <_malloc_r>
 8004276:	b92a      	cbnz	r2, 8004284 <_realloc_r+0x24>
 8004278:	f7ff fc9c 	bl	8003bb4 <_free_r>
 800427c:	4625      	mov	r5, r4
 800427e:	4628      	mov	r0, r5
 8004280:	e8bd 81f0 	ldmia.w	sp!, {r4, r5, r6, r7, r8, pc}
 8004284:	f000 f81a 	bl	80042bc <_malloc_usable_size_r>
 8004288:	4284      	cmp	r4, r0
 800428a:	4606      	mov	r6, r0
 800428c:	d802      	bhi.n	8004294 <_realloc_r+0x34>
 800428e:	ebb4 0f50 	cmp.w	r4, r0, lsr #1
 8004292:	d8f4      	bhi.n	800427e <_realloc_r+0x1e>
 8004294:	4621      	mov	r1, r4
 8004296:	4638      	mov	r0, r7
 8004298:	f7ff fb86 	bl	80039a8 <_malloc_r>
 800429c:	4680      	mov	r8, r0
 800429e:	b908      	cbnz	r0, 80042a4 <_realloc_r+0x44>
 80042a0:	4645      	mov	r5, r8
 80042a2:	e7ec      	b.n	800427e <_realloc_r+0x1e>
 80042a4:	42b4      	cmp	r4, r6
 80042a6:	4622      	mov	r2, r4
 80042a8:	4629      	mov	r1, r5
 80042aa:	bf28      	it	cs
 80042ac:	4632      	movcs	r2, r6
 80042ae:	f7ff ffc9 	bl	8004244 <memcpy>
 80042b2:	4629      	mov	r1, r5
 80042b4:	4638      	mov	r0, r7
 80042b6:	f7ff fc7d 	bl	8003bb4 <_free_r>
 80042ba:	e7f1      	b.n	80042a0 <_realloc_r+0x40>

080042bc <_malloc_usable_size_r>:
 80042bc:	f851 3c04 	ldr.w	r3, [r1, #-4]
 80042c0:	1f18      	subs	r0, r3, #4
 80042c2:	2b00      	cmp	r3, #0
 80042c4:	bfbc      	itt	lt
 80042c6:	580b      	ldrlt	r3, [r1, r0]
 80042c8:	18c0      	addlt	r0, r0, r3
 80042ca:	4770      	bx	lr

080042cc <__udivmoddi4>:
 80042cc:	e92d 47f0 	stmdb	sp!, {r4, r5, r6, r7, r8, r9, sl, lr}
 80042d0:	9d08      	ldr	r5, [sp, #32]
 80042d2:	460e      	mov	r6, r1
 80042d4:	4604      	mov	r4, r0
 80042d6:	460f      	mov	r7, r1
 80042d8:	2b00      	cmp	r3, #0
 80042da:	d14a      	bne.n	8004372 <__udivmoddi4+0xa6>
 80042dc:	4694      	mov	ip, r2
 80042de:	458c      	cmp	ip, r1
 80042e0:	fab2 f282 	clz	r2, r2
 80042e4:	d960      	bls.n	80043a8 <__udivmoddi4+0xdc>
 80042e6:	b142      	cbz	r2, 80042fa <__udivmoddi4+0x2e>
 80042e8:	f1c2 0320 	rsb	r3, r2, #32
 80042ec:	4097      	lsls	r7, r2
 80042ee:	fa20 f303 	lsr.w	r3, r0, r3
 80042f2:	fa0c fc02 	lsl.w	ip, ip, r2
 80042f6:	431f      	orrs	r7, r3
 80042f8:	4094      	lsls	r4, r2
 80042fa:	ea4f 4e1c 	mov.w	lr, ip, lsr #16
 80042fe:	fa1f f68c 	uxth.w	r6, ip
 8004302:	fbb7 f1fe 	udiv	r1, r7, lr
 8004306:	0c23      	lsrs	r3, r4, #16
 8004308:	fb0e 7711 	mls	r7, lr, r1, r7
 800430c:	ea43 4307 	orr.w	r3, r3, r7, lsl #16
 8004310:	fb01 f006 	mul.w	r0, r1, r6
 8004314:	4298      	cmp	r0, r3
 8004316:	d90a      	bls.n	800432e <__udivmoddi4+0x62>
 8004318:	eb1c 0303 	adds.w	r3, ip, r3
 800431c:	f101 37ff 	add.w	r7, r1, #4294967295
 8004320:	f080 8115 	bcs.w	800454e <__udivmoddi4+0x282>
 8004324:	4298      	cmp	r0, r3
 8004326:	f240 8112 	bls.w	800454e <__udivmoddi4+0x282>
 800432a:	3902      	subs	r1, #2
 800432c:	4463      	add	r3, ip
 800432e:	1a1b      	subs	r3, r3, r0
 8004330:	b2a4      	uxth	r4, r4
 8004332:	fbb3 f0fe 	udiv	r0, r3, lr
 8004336:	fb0e 3310 	mls	r3, lr, r0, r3
 800433a:	ea44 4403 	orr.w	r4, r4, r3, lsl #16
 800433e:	fb00 f606 	mul.w	r6, r0, r6
 8004342:	42a6      	cmp	r6, r4
 8004344:	d90a      	bls.n	800435c <__udivmoddi4+0x90>
 8004346:	eb1c 0404 	adds.w	r4, ip, r4
 800434a:	f100 33ff 	add.w	r3, r0, #4294967295
 800434e:	f080 8100 	bcs.w	8004552 <__udivmoddi4+0x286>
 8004352:	42a6      	cmp	r6, r4
 8004354:	f240 80fd 	bls.w	8004552 <__udivmoddi4+0x286>
 8004358:	4464      	add	r4, ip
 800435a:	3802      	subs	r0, #2
 800435c:	ea40 4001 	orr.w	r0, r0, r1, lsl #16
 8004360:	1ba4      	subs	r4, r4, r6
 8004362:	2100      	movs	r1, #0
 8004364:	b11d      	cbz	r5, 800436e <__udivmoddi4+0xa2>
 8004366:	40d4      	lsrs	r4, r2
 8004368:	2300      	movs	r3, #0
 800436a:	e9c5 4300 	strd	r4, r3, [r5]
 800436e:	e8bd 87f0 	ldmia.w	sp!, {r4, r5, r6, r7, r8, r9, sl, pc}
 8004372:	428b      	cmp	r3, r1
 8004374:	d905      	bls.n	8004382 <__udivmoddi4+0xb6>
 8004376:	b10d      	cbz	r5, 800437c <__udivmoddi4+0xb0>
 8004378:	e9c5 0100 	strd	r0, r1, [r5]
 800437c:	2100      	movs	r1, #0
 800437e:	4608      	mov	r0, r1
 8004380:	e7f5      	b.n	800436e <__udivmoddi4+0xa2>
 8004382:	fab3 f183 	clz	r1, r3
 8004386:	2900      	cmp	r1, #0
 8004388:	d146      	bne.n	8004418 <__udivmoddi4+0x14c>
 800438a:	42b3      	cmp	r3, r6
 800438c:	d302      	bcc.n	8004394 <__udivmoddi4+0xc8>
 800438e:	4282      	cmp	r2, r0
 8004390:	f200 80f5 	bhi.w	800457e <__udivmoddi4+0x2b2>
 8004394:	1a84      	subs	r4, r0, r2
 8004396:	eb66 0203 	sbc.w	r2, r6, r3
 800439a:	2001      	movs	r0, #1
 800439c:	4617      	mov	r7, r2
 800439e:	2d00      	cmp	r5, #0
 80043a0:	d0e5      	beq.n	800436e <__udivmoddi4+0xa2>
 80043a2:	e9c5 4700 	strd	r4, r7, [r5]
 80043a6:	e7e2      	b.n	800436e <__udivmoddi4+0xa2>
 80043a8:	2a00      	cmp	r2, #0
 80043aa:	f040 8093 	bne.w	80044d4 <__udivmoddi4+0x208>
 80043ae:	eba1 030c 	sub.w	r3, r1, ip
 80043b2:	ea4f 471c 	mov.w	r7, ip, lsr #16
 80043b6:	fa1f fe8c 	uxth.w	lr, ip
 80043ba:	2101      	movs	r1, #1
 80043bc:	fbb3 f6f7 	udiv	r6, r3, r7
 80043c0:	fb07 3016 	mls	r0, r7, r6, r3
 80043c4:	0c23      	lsrs	r3, r4, #16
 80043c6:	ea43 4300 	orr.w	r3, r3, r0, lsl #16
 80043ca:	fb0e f006 	mul.w	r0, lr, r6
 80043ce:	4298      	cmp	r0, r3
 80043d0:	d908      	bls.n	80043e4 <__udivmoddi4+0x118>
 80043d2:	eb1c 0303 	adds.w	r3, ip, r3
 80043d6:	f106 38ff 	add.w	r8, r6, #4294967295
 80043da:	d202      	bcs.n	80043e2 <__udivmoddi4+0x116>
 80043dc:	4298      	cmp	r0, r3
 80043de:	f200 80d0 	bhi.w	8004582 <__udivmoddi4+0x2b6>
 80043e2:	4646      	mov	r6, r8
 80043e4:	1a1b      	subs	r3, r3, r0
 80043e6:	b2a4      	uxth	r4, r4
 80043e8:	fbb3 f0f7 	udiv	r0, r3, r7
 80043ec:	fb07 3310 	mls	r3, r7, r0, r3
 80043f0:	ea44 4403 	orr.w	r4, r4, r3, lsl #16
 80043f4:	fb0e fe00 	mul.w	lr, lr, r0
 80043f8:	45a6      	cmp	lr, r4
 80043fa:	d908      	bls.n	800440e <__udivmoddi4+0x142>
 80043fc:	eb1c 0404 	adds.w	r4, ip, r4
 8004400:	f100 33ff 	add.w	r3, r0, #4294967295
 8004404:	d202      	bcs.n	800440c <__udivmoddi4+0x140>
 8004406:	45a6      	cmp	lr, r4
 8004408:	f200 80b6 	bhi.w	8004578 <__udivmoddi4+0x2ac>
 800440c:	4618      	mov	r0, r3
 800440e:	eba4 040e 	sub.w	r4, r4, lr
 8004412:	ea40 4006 	orr.w	r0, r0, r6, lsl #16
 8004416:	e7a5      	b.n	8004364 <__udivmoddi4+0x98>
 8004418:	f1c1 0720 	rsb	r7, r1, #32
 800441c:	408b      	lsls	r3, r1
 800441e:	fa22 fc07 	lsr.w	ip, r2, r7
 8004422:	ea4c 0c03 	orr.w	ip, ip, r3
 8004426:	fa06 fe01 	lsl.w	lr, r6, r1
 800442a:	fa20 f407 	lsr.w	r4, r0, r7
 800442e:	fa26 f307 	lsr.w	r3, r6, r7
 8004432:	ea44 040e 	orr.w	r4, r4, lr
 8004436:	fa00 f801 	lsl.w	r8, r0, r1
 800443a:	ea4f 401c 	mov.w	r0, ip, lsr #16
 800443e:	ea4f 4914 	mov.w	r9, r4, lsr #16
 8004442:	fbb3 fef0 	udiv	lr, r3, r0
 8004446:	fa1f f68c 	uxth.w	r6, ip
 800444a:	fb00 331e 	mls	r3, r0, lr, r3
 800444e:	ea49 4303 	orr.w	r3, r9, r3, lsl #16
 8004452:	fb0e f906 	mul.w	r9, lr, r6
 8004456:	4599      	cmp	r9, r3
 8004458:	fa02 f201 	lsl.w	r2, r2, r1
 800445c:	d90b      	bls.n	8004476 <__udivmoddi4+0x1aa>
 800445e:	eb1c 0303 	adds.w	r3, ip, r3
 8004462:	f10e 3aff 	add.w	sl, lr, #4294967295
 8004466:	f080 8085 	bcs.w	8004574 <__udivmoddi4+0x2a8>
 800446a:	4599      	cmp	r9, r3
 800446c:	f240 8082 	bls.w	8004574 <__udivmoddi4+0x2a8>
 8004470:	f1ae 0e02 	sub.w	lr, lr, #2
 8004474:	4463      	add	r3, ip
 8004476:	eba3 0909 	sub.w	r9, r3, r9
 800447a:	b2a4      	uxth	r4, r4
 800447c:	fbb9 f3f0 	udiv	r3, r9, r0
 8004480:	fb00 9913 	mls	r9, r0, r3, r9
 8004484:	ea44 4409 	orr.w	r4, r4, r9, lsl #16
 8004488:	fb03 f606 	mul.w	r6, r3, r6
 800448c:	42a6      	cmp	r6, r4
 800448e:	d908      	bls.n	80044a2 <__udivmoddi4+0x1d6>
 8004490:	eb1c 0404 	adds.w	r4, ip, r4
 8004494:	f103 30ff 	add.w	r0, r3, #4294967295
 8004498:	d268      	bcs.n	800456c <__udivmoddi4+0x2a0>
 800449a:	42a6      	cmp	r6, r4
 800449c:	d966      	bls.n	800456c <__udivmoddi4+0x2a0>
 800449e:	3b02      	subs	r3, #2
 80044a0:	4464      	add	r4, ip
 80044a2:	ea43 400e 	orr.w	r0, r3, lr, lsl #16
 80044a6:	1ba4      	subs	r4, r4, r6
 80044a8:	fba0 e602 	umull	lr, r6, r0, r2
 80044ac:	42b4      	cmp	r4, r6
 80044ae:	4673      	mov	r3, lr
 80044b0:	46b1      	mov	r9, r6
 80044b2:	d352      	bcc.n	800455a <__udivmoddi4+0x28e>
 80044b4:	d04f      	beq.n	8004556 <__udivmoddi4+0x28a>
 80044b6:	b15d      	cbz	r5, 80044d0 <__udivmoddi4+0x204>
 80044b8:	ebb8 0203 	subs.w	r2, r8, r3
 80044bc:	eb64 0409 	sbc.w	r4, r4, r9
 80044c0:	fa04 f707 	lsl.w	r7, r4, r7
 80044c4:	fa22 f301 	lsr.w	r3, r2, r1
 80044c8:	431f      	orrs	r7, r3
 80044ca:	40cc      	lsrs	r4, r1
 80044cc:	e9c5 7400 	strd	r7, r4, [r5]
 80044d0:	2100      	movs	r1, #0
 80044d2:	e74c      	b.n	800436e <__udivmoddi4+0xa2>
 80044d4:	f1c2 0120 	rsb	r1, r2, #32
 80044d8:	fa20 f301 	lsr.w	r3, r0, r1
 80044dc:	fa0c fc02 	lsl.w	ip, ip, r2
 80044e0:	fa26 f101 	lsr.w	r1, r6, r1
 80044e4:	4096      	lsls	r6, r2
 80044e6:	4333      	orrs	r3, r6
 80044e8:	ea4f 471c 	mov.w	r7, ip, lsr #16
 80044ec:	fa1f fe8c 	uxth.w	lr, ip
 80044f0:	fbb1 f0f7 	udiv	r0, r1, r7
 80044f4:	fb07 1610 	mls	r6, r7, r0, r1
 80044f8:	0c19      	lsrs	r1, r3, #16
 80044fa:	ea41 4106 	orr.w	r1, r1, r6, lsl #16
 80044fe:	fb00 f60e 	mul.w	r6, r0, lr
 8004502:	428e      	cmp	r6, r1
 8004504:	fa04 f402 	lsl.w	r4, r4, r2
 8004508:	d908      	bls.n	800451c <__udivmoddi4+0x250>
 800450a:	eb1c 0101 	adds.w	r1, ip, r1
 800450e:	f100 38ff 	add.w	r8, r0, #4294967295
 8004512:	d22d      	bcs.n	8004570 <__udivmoddi4+0x2a4>
 8004514:	428e      	cmp	r6, r1
 8004516:	d92b      	bls.n	8004570 <__udivmoddi4+0x2a4>
 8004518:	3802      	subs	r0, #2
 800451a:	4461      	add	r1, ip
 800451c:	1b89      	subs	r1, r1, r6
 800451e:	b29b      	uxth	r3, r3
 8004520:	fbb1 f6f7 	udiv	r6, r1, r7
 8004524:	fb07 1116 	mls	r1, r7, r6, r1
 8004528:	ea43 4301 	orr.w	r3, r3, r1, lsl #16
 800452c:	fb06 f10e 	mul.w	r1, r6, lr
 8004530:	4299      	cmp	r1, r3
 8004532:	d908      	bls.n	8004546 <__udivmoddi4+0x27a>
 8004534:	eb1c 0303 	adds.w	r3, ip, r3
 8004538:	f106 38ff 	add.w	r8, r6, #4294967295
 800453c:	d214      	bcs.n	8004568 <__udivmoddi4+0x29c>
 800453e:	4299      	cmp	r1, r3
 8004540:	d912      	bls.n	8004568 <__udivmoddi4+0x29c>
 8004542:	3e02      	subs	r6, #2
 8004544:	4463      	add	r3, ip
 8004546:	1a5b      	subs	r3, r3, r1
 8004548:	ea46 4100 	orr.w	r1, r6, r0, lsl #16
 800454c:	e736      	b.n	80043bc <__udivmoddi4+0xf0>
 800454e:	4639      	mov	r1, r7
 8004550:	e6ed      	b.n	800432e <__udivmoddi4+0x62>
 8004552:	4618      	mov	r0, r3
 8004554:	e702      	b.n	800435c <__udivmoddi4+0x90>
 8004556:	45f0      	cmp	r8, lr
 8004558:	d2ad      	bcs.n	80044b6 <__udivmoddi4+0x1ea>
 800455a:	ebbe 0302 	subs.w	r3, lr, r2
 800455e:	eb66 060c 	sbc.w	r6, r6, ip
 8004562:	3801      	subs	r0, #1
 8004564:	46b1      	mov	r9, r6
 8004566:	e7a6      	b.n	80044b6 <__udivmoddi4+0x1ea>
 8004568:	4646      	mov	r6, r8
 800456a:	e7ec      	b.n	8004546 <__udivmoddi4+0x27a>
 800456c:	4603      	mov	r3, r0
 800456e:	e798      	b.n	80044a2 <__udivmoddi4+0x1d6>
 8004570:	4640      	mov	r0, r8
 8004572:	e7d3      	b.n	800451c <__udivmoddi4+0x250>
 8004574:	46d6      	mov	lr, sl
 8004576:	e77e      	b.n	8004476 <__udivmoddi4+0x1aa>
 8004578:	4464      	add	r4, ip
 800457a:	3802      	subs	r0, #2
 800457c:	e747      	b.n	800440e <__udivmoddi4+0x142>
 800457e:	4608      	mov	r0, r1
 8004580:	e70d      	b.n	800439e <__udivmoddi4+0xd2>
 8004582:	3e02      	subs	r6, #2
 8004584:	4463      	add	r3, ip
 8004586:	e72d      	b.n	80043e4 <__udivmoddi4+0x118>

08004588 <_init>:
 8004588:	b5f8      	push	{r3, r4, r5, r6, r7, lr}
 800458a:	bf00      	nop
 800458c:	bcf8      	pop	{r3, r4, r5, r6, r7}
 800458e:	bc08      	pop	{r3}
 8004590:	469e      	mov	lr, r3
 8004592:	4770      	bx	lr

08004594 <_fini>:
 8004594:	b5f8      	push	{r3, r4, r5, r6, r7, lr}
 8004596:	bf00      	nop
 8004598:	bcf8      	pop	{r3, r4, r5, r6, r7}
 800459a:	bc08      	pop	{r3}
 800459c:	469e      	mov	lr, r3
 800459e:	4770      	bx	lr
